"gene","clean_module","dynamic_module","spearman_rho","branch_pattern"
"LAMC3","clean_D1","D1_early_decreasing","-0.48724972991885","common_decreasing"
"SEMA3G","clean_D1","D1_early_decreasing","-0.479506752843761","common_decreasing"
"IGFBP3","clean_D1","D1_early_decreasing","-0.444062660641216","common_decreasing"
"ALX4","clean_D1","D1_early_decreasing","-0.44109901345244","common_decreasing"
"COL23A1","clean_D1","D1_early_decreasing","-0.440880211769439","common_decreasing"
"TFAP2A","clean_D1","D1_early_decreasing","-0.437360512329504","common_decreasing"
"TCF4","clean_D1","D1_early_decreasing","-0.421133203439401","common_decreasing"
"BMP7","clean_D1","D1_early_decreasing","-0.409380908198158","common_decreasing"
"BMP4","clean_D1","D1_early_decreasing","-0.399262356341805","common_decreasing"
"SLC5A3","clean_D1","D1_early_decreasing","-0.391545871948043","common_decreasing"
"GADD45G","clean_D1","D1_early_decreasing","-0.380563118823476","common_decreasing"
"SERPINE2","clean_D1","D1_early_decreasing","-0.364856730638007","common_decreasing"
"INHBB","clean_D1","D1_early_decreasing","-0.349253154773477","common_decreasing"
"PRLR","clean_D1","D1_early_decreasing","-0.349151316488299","common_decreasing"
"TRPS1","clean_D1","D1_early_decreasing","-0.345373314194472","common_decreasing"
"TIMP3","clean_D1","D1_early_decreasing","-0.343076781206278","common_decreasing"
"PRDM1","clean_D1","D1_early_decreasing","-0.340201616379488","common_decreasing"
"PTCH1","clean_D1","D1_early_decreasing","-0.333044464675735","common_decreasing"
"APCDD1","clean_D1","D1_early_decreasing","-0.328140292455604","common_decreasing"
"DAAM2","clean_D1","D1_early_decreasing","-0.314610669383509","common_decreasing"
"INHBA","clean_D1","D1_early_decreasing","-0.307684357436699","common_decreasing"
"BCL2","clean_D1","D1_early_decreasing","-0.305037276661869","common_decreasing"
"CENPW","clean_D1","D1_early_decreasing","-0.299195418397044","common_decreasing"
"CEBPA","clean_D1","D1_early_decreasing","-0.281369766734245","common_decreasing"
"IGFBP2","clean_D1","D1_early_decreasing","-0.269273030639444","common_decreasing"
"CRABP1","clean_D1","D1_early_decreasing","-0.259805707571299","common_decreasing"
"ROBO2","clean_D1","D1_early_decreasing","-0.234937883623184","mixed_remodeling_branch_biased"
"DKK2","clean_D1","D1_early_decreasing","-0.234654626789648","common_decreasing"
"PHLDA1","clean_D1","D1_early_decreasing","-0.23320587724661","common_decreasing"
"DIO2","clean_D1","D1_early_decreasing","-0.231592608259166","common_decreasing"
"MYLIP","clean_D1","D1_early_decreasing","-0.230469959860994","common_decreasing"
"LUZP2","clean_D1","D1_early_decreasing","-0.229573484340504","common_decreasing"
"ZDHHC14","clean_D1","D1_early_decreasing","-0.226027951298773","mixed_remodeling_branch_biased"
"PGM2L1","clean_D1","D1_early_decreasing","-0.222784162766468","common_decreasing"
"PREX2","clean_D1","D1_early_decreasing","-0.220529006012234","mixed_remodeling_branch_biased"
"TNN","clean_D1","D1_early_decreasing","-0.220455320475478","common_decreasing"
"F2R","clean_D1","D1_early_decreasing","-0.21950442202231","common_decreasing"
"PLEKHH2","clean_D1","D1_early_decreasing","-0.21606771133373","mixed_remodeling_branch_biased"
"TWIST1","clean_D1","D1_early_decreasing","-0.211301135465795","common_decreasing"
"ITGA8","clean_D1","D1_early_decreasing","-0.20717724439976","mixed_remodeling_branch_biased"
"CPE","clean_D1","D1_early_decreasing","-0.206100949932553","ecm_dominant_branch_biased"
"SOX18","clean_D1","D1_early_decreasing","-0.202076301516848","ecm_dominant_branch_biased"
"TMEM258","clean_D2","D2_late_increasing","0.20011186306307","mixed_remodeling_branch_biased"
"POLDIP2","clean_D2","D2_late_increasing","0.200250969148978","mixed_remodeling_branch_biased"
"PLXNA3","clean_D2","D2_late_increasing","0.200307603161685","mixed_remodeling_branch_biased"
"RAB24","clean_D2","D2_late_increasing","0.200424108444054","mixed_remodeling_branch_biased"
"MARVELD1","clean_D2","D2_late_increasing","0.200807381567333","mixed_remodeling_branch_biased"
"CMKLR1","clean_D2","D2_late_increasing","0.201311377734015","mixed_remodeling_branch_biased"
"PTPMT1","clean_D2","D2_late_increasing","0.201325189448217","mixed_remodeling_branch_biased"
"RNF11","clean_D2","D2_late_increasing","0.201359237411212","mixed_remodeling_branch_biased"
"C6orf1","clean_D2","D2_late_increasing","0.201615706705342","mixed_remodeling_branch_biased"
"SSNA1","clean_D2","D2_late_increasing","0.201622039400418","mixed_remodeling_branch_biased"
"PSMC4","clean_D2","D2_late_increasing","0.203865565536798","mixed_remodeling_branch_biased"
"NPC2","clean_D2","D2_late_increasing","0.204385277071487","mixed_remodeling_branch_biased"
"SAT2","clean_D2","D2_late_increasing","0.204413506130961","mixed_remodeling_branch_biased"
"NDUFB11","clean_D2","D2_late_increasing","0.204432690452616","mixed_remodeling_branch_biased"
"DCHS1","clean_D2","D2_late_increasing","0.204906749099453","mixed_remodeling_branch_biased"
"HAS2","clean_D2","D2_late_increasing","0.204988501721473","common_increasing"
"NDUFA4","clean_D2","D2_late_increasing","0.20508351567455","mixed_remodeling_branch_biased"
"ACTN1","clean_D2","D2_late_increasing","0.20527389470214","mixed_remodeling_branch_biased"
"RAB1B","clean_D2","D2_late_increasing","0.20551363667198","mixed_remodeling_branch_biased"
"HIGD2A","clean_D2","D2_late_increasing","0.206245416913196","mixed_remodeling_branch_biased"
"TMEM160","clean_D2","D2_late_increasing","0.206324915733076","mixed_remodeling_branch_biased"
"ILVBL","clean_D2","D2_late_increasing","0.206346779750793","mixed_remodeling_branch_biased"
"TMEM9","clean_D2","D2_late_increasing","0.206402494960425","mixed_remodeling_branch_biased"
"PMP22","clean_D2","D2_late_increasing","0.206426814857332","common_increasing"
"RIC8A","clean_D2","D2_late_increasing","0.206660823781212","mixed_remodeling_branch_biased"
"COX7B","clean_D2","D2_late_increasing","0.207040095463837","mixed_remodeling_branch_biased"
"YIPF3","clean_D2","D2_late_increasing","0.20724812611352","mixed_remodeling_branch_biased"
"TEN1","clean_D2","D2_late_increasing","0.207624193195258","mixed_remodeling_branch_biased"
"FASTK","clean_D2","D2_late_increasing","0.207891636714919","mixed_remodeling_branch_biased"
"FAM162A","clean_D2","D2_late_increasing","0.208212021515558","mixed_remodeling_branch_biased"
"TSR3","clean_D2","D2_late_increasing","0.208241264366302","mixed_remodeling_branch_biased"
"PRELP","clean_D2","D2_late_increasing","0.208364901726351","common_increasing"
"GORASP2","clean_D2","D2_late_increasing","0.208555691809055","mixed_remodeling_branch_biased"
"ECH1","clean_D2","D2_late_increasing","0.208558011717979","mixed_remodeling_branch_biased"
"GSTO1","clean_D2","D2_late_increasing","0.208721578616666","mixed_remodeling_branch_biased"
"PRMT2","clean_D2","D2_late_increasing","0.208986466680602","mixed_remodeling_branch_biased"
"SUB1","clean_D2","D2_late_increasing","0.209120577610556","mixed_remodeling_branch_biased"
"HLA-A","clean_D2","D2_late_increasing","0.20936887580114","common_increasing"
"ANXA2","clean_D2","D2_late_increasing","0.209552832638253","mixed_remodeling_branch_biased"
"CREB3","clean_D2","D2_late_increasing","0.209644826822057","mixed_remodeling_branch_biased"
"PLP2","clean_D2","D2_late_increasing","0.210034823163748","mixed_remodeling_branch_biased"
"ALDOA","clean_D2","D2_late_increasing","0.210190067201212","mixed_remodeling_branch_biased"
"CCDC92","clean_D2","D2_late_increasing","0.210202422532563","mixed_remodeling_branch_biased"
"IFITM1","clean_D2","D2_late_increasing","0.210385985151784","mixed_remodeling_branch_biased"
"SCAND1","clean_D2","D2_late_increasing","0.210699322187233","mixed_remodeling_branch_biased"
"CD68","clean_D2","D2_late_increasing","0.211034905549239","mixed_remodeling_branch_biased"
"NKIRAS2","clean_D2","D2_late_increasing","0.21119641204181","mixed_remodeling_branch_biased"
"NRP2","clean_D2","D2_late_increasing","0.211255354516691","mixed_remodeling_branch_biased"
"PLXNA2","clean_D2","D2_late_increasing","0.211378136938116","ecm_dominant_branch_biased"
"C4orf3","clean_D2","D2_late_increasing","0.211574555372618","mixed_remodeling_branch_biased"
"RBCK1","clean_D2","D2_late_increasing","0.211657690696962","mixed_remodeling_branch_biased"
"PKM","clean_D2","D2_late_increasing","0.211965482468756","mixed_remodeling_branch_biased"
"MAGOHB","clean_D2","D2_late_increasing","0.212300217610379","mixed_remodeling_branch_biased"
"MAP2K2","clean_D2","D2_late_increasing","0.212383091731176","mixed_remodeling_branch_biased"
"ORMDL3","clean_D2","D2_late_increasing","0.212414163895739","mixed_remodeling_branch_biased"
"CDIPT","clean_D2","D2_late_increasing","0.212801261028019","mixed_remodeling_branch_biased"
"AGPAT1","clean_D2","D2_late_increasing","0.212832509155758","mixed_remodeling_branch_biased"
"CFL1","clean_D2","D2_late_increasing","0.213082321471487","mixed_remodeling_branch_biased"
"PACS2","clean_D2","D2_late_increasing","0.213312247190651","mixed_remodeling_branch_biased"
"GJA1","clean_D2","D2_late_increasing","0.213749778618311","mixed_remodeling_branch_biased"
"KDELR1","clean_D2","D2_late_increasing","0.21385291199362","mixed_remodeling_branch_biased"
"ZNF593","clean_D2","D2_late_increasing","0.213993557814706","mixed_remodeling_branch_biased"
"CORO1C","clean_D2","D2_late_increasing","0.214138158604255","mixed_remodeling_branch_biased"
"RTN4RL2","clean_D2","D2_late_increasing","0.214388557262409","mixed_remodeling_branch_biased"
"PSME2","clean_D2","D2_late_increasing","0.214392170920339","mixed_remodeling_branch_biased"
"AKR1B1","clean_D2","D2_late_increasing","0.214475831004509","mixed_remodeling_branch_biased"
"CYSTM1","clean_D2","D2_late_increasing","0.214501516716064","mixed_remodeling_branch_biased"
"SNX3","clean_D2","D2_late_increasing","0.214619188678021","mixed_remodeling_branch_biased"
"BCL7C","clean_D2","D2_late_increasing","0.214681588419299","mixed_remodeling_branch_biased"
"PODNL1","clean_D2","D2_late_increasing","0.214769180136798","mixed_remodeling_branch_biased"
"GALNT15","clean_D2","D2_late_increasing","0.215145038938808","mixed_remodeling_branch_biased"
"PPP1R14B","clean_D2","D2_late_increasing","0.215194349002575","mixed_remodeling_branch_biased"
"HOXB7","clean_D2","D2_late_increasing","0.215216896670389","mixed_remodeling_branch_biased"
"ADGRA2","clean_D2","D2_late_increasing","0.215763794004173","common_increasing"
"NUCB2","clean_D2","D2_late_increasing","0.216159860376597","common_increasing"
"ANXA5","clean_D2","D2_late_increasing","0.216163727293591","mixed_remodeling_branch_biased"
"ATP5J2","clean_D2","D2_late_increasing","0.216175794349438","mixed_remodeling_branch_biased"
"CAPNS1","clean_D2","D2_late_increasing","0.216180952555978","mixed_remodeling_branch_biased"
"ATP5G3","clean_D2","D2_late_increasing","0.216357416139719","mixed_remodeling_branch_biased"
"MBOAT7","clean_D2","D2_late_increasing","0.216478630779181","mixed_remodeling_branch_biased"
"WDR45","clean_D2","D2_late_increasing","0.216581803911406","mixed_remodeling_branch_biased"
"SLC35A4","clean_D2","D2_late_increasing","0.216817310200863","mixed_remodeling_branch_biased"
"CSF1","clean_D2","D2_late_increasing","0.216864393888828","common_increasing"
"TES","clean_D2","D2_late_increasing","0.216897256998802","mixed_remodeling_branch_biased"
"C11orf98","clean_D2","D2_late_increasing","0.217087230551499","mixed_remodeling_branch_biased"
"PDIA6","clean_D2","D2_late_increasing","0.217360052997828","mixed_remodeling_branch_biased"
"NDUFS7","clean_D2","D2_late_increasing","0.217515402908475","mixed_remodeling_branch_biased"
"CMBL","clean_D2","D2_late_increasing","0.217539182348906","common_increasing"
"POP7","clean_D2","D2_late_increasing","0.217689174124297","mixed_remodeling_branch_biased"
"POLE4","clean_D2","D2_late_increasing","0.217693327358525","mixed_remodeling_branch_biased"
"PREB","clean_D2","D2_late_increasing","0.217829746282008","mixed_remodeling_branch_biased"
"MPC2","clean_D2","D2_late_increasing","0.218079863977095","mixed_remodeling_branch_biased"
"MIEN1","clean_D2","D2_late_increasing","0.21828083094356","mixed_remodeling_branch_biased"
"CA12","clean_D2","D2_late_increasing","0.21884726643939","mixed_remodeling_branch_biased"
"PDGFD","clean_D2","D2_late_increasing","0.218915175882464","ecm_dominant_branch_biased"
"COX14","clean_D2","D2_late_increasing","0.218925884200234","mixed_remodeling_branch_biased"
"MINOS1","clean_D2","D2_late_increasing","0.218966434818018","mixed_remodeling_branch_biased"
"NTMT1","clean_D2","D2_late_increasing","0.219080164364024","mixed_remodeling_branch_biased"
"MAPK6","clean_D2","D2_late_increasing","0.219221950662457","other"
"FAM20A","clean_D2","D2_late_increasing","0.219773457808823","common_increasing"
"GAPDH","clean_D2","D2_late_increasing","0.220387689717067","mixed_remodeling_branch_biased"
"GADD45GIP1","clean_D2","D2_late_increasing","0.220562396627715","mixed_remodeling_branch_biased"
"FIS1","clean_D2","D2_late_increasing","0.220827940360613","mixed_remodeling_branch_biased"
"ASNA1","clean_D2","D2_late_increasing","0.220879773131822","mixed_remodeling_branch_biased"
"MAPKAPK2","clean_D2","D2_late_increasing","0.221388943346146","mixed_remodeling_branch_biased"
"PCNXL3","clean_D2","D2_late_increasing","0.221592627597917","mixed_remodeling_branch_biased"
"KLF7","clean_D2","D2_late_increasing","0.221760534399489","ecm_dominant_branch_biased"
"MEA1","clean_D2","D2_late_increasing","0.22187223786508","mixed_remodeling_branch_biased"
"TMEM98","clean_D2","D2_late_increasing","0.222085830546301","mixed_remodeling_branch_biased"
"DCTN1","clean_D2","D2_late_increasing","0.222093493335753","mixed_remodeling_branch_biased"
"APOL1","clean_D2","D2_late_increasing","0.222601605913212","mixed_remodeling_branch_biased"
"SMPD1","clean_D2","D2_late_increasing","0.222813822730144","mixed_remodeling_branch_biased"
"RPN1","clean_D2","D2_late_increasing","0.222951523683925","mixed_remodeling_branch_biased"
"FRZB","clean_D2","D2_late_increasing","0.223010879660831","mixed_remodeling_branch_biased"
"CLIP1","clean_D2","D2_late_increasing","0.223223506618704","ecm_dominant_branch_biased"
"TMEM263","clean_D2","D2_late_increasing","0.223238299453507","common_increasing"
"CYC1","clean_D2","D2_late_increasing","0.223425417265083","mixed_remodeling_branch_biased"
"DGCR6L","clean_D2","D2_late_increasing","0.223458097747032","mixed_remodeling_branch_biased"
"R3HDM4","clean_D2","D2_late_increasing","0.223679581600692","mixed_remodeling_branch_biased"
"LSM7","clean_D2","D2_late_increasing","0.224460175351954","mixed_remodeling_branch_biased"
"CARM1","clean_D2","D2_late_increasing","0.224839801715191","mixed_remodeling_branch_biased"
"KCTD12","clean_D2","D2_late_increasing","0.225243098683518","common_increasing"
"SLC25A5","clean_D2","D2_late_increasing","0.225280524380378","mixed_remodeling_branch_biased"
"CHMP1A","clean_D2","D2_late_increasing","0.225613276112879","mixed_remodeling_branch_biased"
"ABHD17A","clean_D2","D2_late_increasing","0.225943994380038","mixed_remodeling_branch_biased"
"COX7A1","clean_D2","D2_late_increasing","0.226130800930079","mixed_remodeling_branch_biased"
"TIAM2","clean_D2","D2_late_increasing","0.226662711089367","ecm_dominant_branch_biased"
"AURKAIP1","clean_D2","D2_late_increasing","0.226754769065402","mixed_remodeling_branch_biased"
"SLC31A1","clean_D2","D2_late_increasing","0.226820237625116","mixed_remodeling_branch_biased"
"ARFGAP3","clean_D2","D2_late_increasing","0.226834793569548","mixed_remodeling_branch_biased"
"NME3","clean_D2","D2_late_increasing","0.227122519833954","mixed_remodeling_branch_biased"
"UFC1","clean_D2","D2_late_increasing","0.227376524896871","mixed_remodeling_branch_biased"
"NDUFA2","clean_D2","D2_late_increasing","0.227866656917088","mixed_remodeling_branch_biased"
"FSCN1","clean_D2","D2_late_increasing","0.228171221297374","mixed_remodeling_branch_biased"
"DLG1","clean_D2","D2_late_increasing","0.228230818290162","ecm_dominant_branch_biased"
"PCED1A","clean_D2","D2_late_increasing","0.228431600183022","mixed_remodeling_branch_biased"
"BLOC1S1","clean_D2","D2_late_increasing","0.228458449900524","mixed_remodeling_branch_biased"
"COL8A2","clean_D2","D2_late_increasing","0.228810466869063","mixed_remodeling_branch_biased"
"LZTS1","clean_D2","D2_late_increasing","0.229094765547647","mixed_remodeling_branch_biased"
"LSP1","clean_D2","D2_late_increasing","0.229196560938945","mixed_remodeling_branch_biased"
"KIF1C","clean_D2","D2_late_increasing","0.229421009849557","mixed_remodeling_branch_biased"
"CMTM3","clean_D2","D2_late_increasing","0.229436992309965","mixed_remodeling_branch_biased"
"WDR46","clean_D2","D2_late_increasing","0.229523866726137","mixed_remodeling_branch_biased"
"EFHD2","clean_D2","D2_late_increasing","0.229576206838956","mixed_remodeling_branch_biased"
"MGP","clean_D2","D2_late_increasing","0.229679826693141","mixed_remodeling_branch_biased"
"XPOT","clean_D2","D2_late_increasing","0.229800862762539","mixed_remodeling_branch_biased"
"PKIG","clean_D2","D2_late_increasing","0.229827343590037","mixed_remodeling_branch_biased"
"BCL3","clean_D2","D2_late_increasing","0.229886977212641","mixed_remodeling_branch_biased"
"ARHGDIA","clean_D2","D2_late_increasing","0.230470847173073","mixed_remodeling_branch_biased"
"ZNF428","clean_D2","D2_late_increasing","0.230614667625471","mixed_remodeling_branch_biased"
"LOXL2","clean_D2","D2_late_increasing","0.23080033833984","mixed_remodeling_branch_biased"
"UQCR10","clean_D2","D2_late_increasing","0.230837982674603","mixed_remodeling_branch_biased"
"RAB7B","clean_D2","D2_late_increasing","0.231109835364797","mixed_remodeling_branch_biased"
"RABAC1","clean_D2","D2_late_increasing","0.231173913708276","mixed_remodeling_branch_biased"
"DPM3","clean_D2","D2_late_increasing","0.231339956862504","mixed_remodeling_branch_biased"
"CSTB","clean_D2","D2_late_increasing","0.231575135368723","mixed_remodeling_branch_biased"
"TMUB1","clean_D2","D2_late_increasing","0.231860597770066","mixed_remodeling_branch_biased"
"PSMB9","clean_D2","D2_late_increasing","0.231934145920319","mixed_remodeling_branch_biased"
"AP1S1","clean_D2","D2_late_increasing","0.232021978359552","mixed_remodeling_branch_biased"
"MYL6","clean_D2","D2_late_increasing","0.232109297484363","mixed_remodeling_branch_biased"
"LIMK1","clean_D2","D2_late_increasing","0.232232957433456","mixed_remodeling_branch_biased"
"GBP2","clean_D2","D2_late_increasing","0.232694439297611","mixed_remodeling_branch_biased"
"AMPD2","clean_D2","D2_late_increasing","0.232973819088339","mixed_remodeling_branch_biased"
"BEST1","clean_D2","D2_late_increasing","0.233083510130168","mixed_remodeling_branch_biased"
"CUEDC2","clean_D2","D2_late_increasing","0.233137856297444","mixed_remodeling_branch_biased"
"ILF2","clean_D2","D2_late_increasing","0.233541420579272","mixed_remodeling_branch_biased"
"TUBA1B","clean_D2","D2_late_increasing","0.233622559742225","mixed_remodeling_branch_biased"
"SAC3D1","clean_D2","D2_late_increasing","0.233629299967983","mixed_remodeling_branch_biased"
"GDI2","clean_D2","D2_late_increasing","0.233748556799595","mixed_remodeling_branch_biased"
"DCTD","clean_D2","D2_late_increasing","0.233959163479835","mixed_remodeling_branch_biased"
"FAM127A","clean_D2","D2_late_increasing","0.234070090834721","mixed_remodeling_branch_biased"
"RPN2","clean_D2","D2_late_increasing","0.234160892294188","mixed_remodeling_branch_biased"
"ATP5E","clean_D2","D2_late_increasing","0.234441907369847","mixed_remodeling_branch_biased"
"CDC42EP1","clean_D2","D2_late_increasing","0.234451167588357","mixed_remodeling_branch_biased"
"PUF60","clean_D2","D2_late_increasing","0.234458498405486","mixed_remodeling_branch_biased"
"INPPL1","clean_D2","D2_late_increasing","0.234473064790192","mixed_remodeling_branch_biased"
"MYL6B","clean_D2","D2_late_increasing","0.234622480880182","mixed_remodeling_branch_biased"
"PKN1","clean_D2","D2_late_increasing","0.23483060057466","mixed_remodeling_branch_biased"
"LTBP2","clean_D2","D2_late_increasing","0.234873883530159","mixed_remodeling_branch_biased"
"COL15A1","clean_D2","D2_late_increasing","0.234954965803492","common_increasing"
"NOP10","clean_D2","D2_late_increasing","0.23523224529385","mixed_remodeling_branch_biased"
"RAB11FIP5","clean_D2","D2_late_increasing","0.235275641142073","mixed_remodeling_branch_biased"
"OXLD1","clean_D2","D2_late_increasing","0.235422593048692","mixed_remodeling_branch_biased"
"DNM3OS","clean_D2","D2_late_increasing","0.235810992475918","mixed_remodeling_branch_biased"
"LRRC75A","clean_D2","D2_late_increasing","0.235818750101937","common_increasing"
"XXYLT1","clean_D2","D2_late_increasing","0.235889425589419","mixed_remodeling_branch_biased"
"GCN1","clean_D2","D2_late_increasing","0.236301678056848","mixed_remodeling_branch_biased"
"FAAP100","clean_D2","D2_late_increasing","0.236346591336218","mixed_remodeling_branch_biased"
"PTGDS","clean_D2","D2_late_increasing","0.236588024556407","common_increasing"
"CCL27","clean_D2","D2_late_increasing","0.2370371086866","mixed_remodeling_branch_biased"
"CAPG","clean_D2","D2_late_increasing","0.237121761264469","mixed_remodeling_branch_biased"
"MYC","clean_D2","D2_late_increasing","0.237125154930757","mixed_remodeling_branch_biased"
"MDFI","clean_D2","D2_late_increasing","0.237182883412308","mixed_remodeling_branch_biased"
"B4GALT7","clean_D2","D2_late_increasing","0.237300163968006","mixed_remodeling_branch_biased"
"PSMD8","clean_D2","D2_late_increasing","0.23732006642457","mixed_remodeling_branch_biased"
"IMP4","clean_D2","D2_late_increasing","0.237330829003426","mixed_remodeling_branch_biased"
"APRT","clean_D2","D2_late_increasing","0.237559909662011","mixed_remodeling_branch_biased"
"PTGES2","clean_D2","D2_late_increasing","0.237692485502681","mixed_remodeling_branch_biased"
"SLC35E1","clean_D2","D2_late_increasing","0.237805789426979","common_increasing"
"ANO1","clean_D2","D2_late_increasing","0.238155464757267","mixed_remodeling_branch_biased"
"SEC61B","clean_D2","D2_late_increasing","0.238218905225388","mixed_remodeling_branch_biased"
"TTC3","clean_D2","D2_late_increasing","0.238349956545284","common_increasing"
"POLR2G","clean_D2","D2_late_increasing","0.23847663788499","mixed_remodeling_branch_biased"
"TIMM13","clean_D2","D2_late_increasing","0.238899560972104","mixed_remodeling_branch_biased"
"TMED2","clean_D2","D2_late_increasing","0.23897861315536","mixed_remodeling_branch_biased"
"MMP14","clean_D2","D2_late_increasing","0.239071267461296","mixed_remodeling_branch_biased"
"UBA1","clean_D2","D2_late_increasing","0.239371809079441","mixed_remodeling_branch_biased"
"APLNR","clean_D2","D2_late_increasing","0.239763610608929","mixed_remodeling_branch_biased"
"DGKZ","clean_D2","D2_late_increasing","0.239970459985394","mixed_remodeling_branch_biased"
"ELN","clean_D2","D2_late_increasing","0.240067878391091","common_increasing"
"PRELID1","clean_D2","D2_late_increasing","0.240242503804266","mixed_remodeling_branch_biased"
"SIRT2","clean_D2","D2_late_increasing","0.240373048918895","mixed_remodeling_branch_biased"
"IL32","clean_D2","D2_late_increasing","0.240399682920637","common_increasing"
"CHRD","clean_D2","D2_late_increasing","0.240424132934099","common_increasing"
"BAX","clean_D2","D2_late_increasing","0.240517565479621","mixed_remodeling_branch_biased"
"PLEKHO1","clean_D2","D2_late_increasing","0.240622552676476","mixed_remodeling_branch_biased"
"TSPAN4","clean_D2","D2_late_increasing","0.240994346865986","mixed_remodeling_branch_biased"
"TCEB2","clean_D2","D2_late_increasing","0.240996002519578","mixed_remodeling_branch_biased"
"ATP8B2","clean_D2","D2_late_increasing","0.241221096368465","mixed_remodeling_branch_biased"
"ATP6V0E1","clean_D2","D2_late_increasing","0.241288250357592","mixed_remodeling_branch_biased"
"SPOP","clean_D2","D2_late_increasing","0.241319276337098","mixed_remodeling_branch_biased"
"DUSP23","clean_D2","D2_late_increasing","0.241549515257017","mixed_remodeling_branch_biased"
"CCND2","clean_D2","D2_late_increasing","0.241574425519317","common_increasing"
"SLC3A2","clean_D2","D2_late_increasing","0.241722622984097","mixed_remodeling_branch_biased"
"TMEM205","clean_D2","D2_late_increasing","0.241910491683725","common_increasing"
"COMMD7","clean_D2","D2_late_increasing","0.242525403364514","mixed_remodeling_branch_biased"
"UBTD1","clean_D2","D2_late_increasing","0.242670984747394","mixed_remodeling_branch_biased"
"SPNS1","clean_D2","D2_late_increasing","0.242828763599221","mixed_remodeling_branch_biased"
"MRGPRF","clean_D2","D2_late_increasing","0.243019144943721","common_increasing"
"PIGP","clean_D2","D2_late_increasing","0.243115042162583","mixed_remodeling_branch_biased"
"DDT","clean_D2","D2_late_increasing","0.243197736205874","mixed_remodeling_branch_biased"
"CPNE1","clean_D2","D2_late_increasing","0.243244335885133","mixed_remodeling_branch_biased"
"TSPAN9","clean_D2","D2_late_increasing","0.243601742920176","common_increasing"
"NDUFA13","clean_D2","D2_late_increasing","0.243602331198436","mixed_remodeling_branch_biased"
"PTPN14","clean_D2","D2_late_increasing","0.243956942463084","common_increasing"
"MXD4","clean_D2","D2_late_increasing","0.244117616001717","mixed_remodeling_branch_biased"
"PPP2R1A","clean_D2","D2_late_increasing","0.24419710881761","mixed_remodeling_branch_biased"
"ACAN","clean_D2","D2_late_increasing","0.244388108208419","mixed_remodeling_branch_biased"
"STARD10","clean_D2","D2_late_increasing","0.244471730775233","mixed_remodeling_branch_biased"
"TCEAL8","clean_D2","D2_late_increasing","0.244768852480029","mixed_remodeling_branch_biased"
"NUDT22","clean_D2","D2_late_increasing","0.244848041373308","mixed_remodeling_branch_biased"
"TACSTD2","clean_D2","D2_late_increasing","0.24493292958596","mixed_remodeling_branch_biased"
"CD248","clean_D2","D2_late_increasing","0.245175078912601","common_increasing"
"GOLGA2","clean_D2","D2_late_increasing","0.245291356451091","mixed_remodeling_branch_biased"
"HSD3B7","clean_D2","D2_late_increasing","0.245336841067795","mixed_remodeling_branch_biased"
"TAX1BP3","clean_D2","D2_late_increasing","0.245789784008161","mixed_remodeling_branch_biased"
"GLRX","clean_D2","D2_late_increasing","0.245848760847361","mixed_remodeling_branch_biased"
"FAM96B","clean_D2","D2_late_increasing","0.24597243418317","mixed_remodeling_branch_biased"
"CYP1B1","clean_D2","D2_late_increasing","0.246073725880154","common_increasing"
"LTBR","clean_D2","D2_late_increasing","0.246149352755339","common_increasing"
"SERPINB6","clean_D2","D2_late_increasing","0.246168355927763","common_increasing"
"MFSD12","clean_D2","D2_late_increasing","0.246346216770514","mixed_remodeling_branch_biased"
"FKBP1A","clean_D2","D2_late_increasing","0.246394108499041","mixed_remodeling_branch_biased"
"NCLN","clean_D2","D2_late_increasing","0.246422231214168","mixed_remodeling_branch_biased"
"NTM","clean_D2","D2_late_increasing","0.246748343492907","mixed_remodeling_branch_biased"
"FAM173A","clean_D2","D2_late_increasing","0.246815017720102","mixed_remodeling_branch_biased"
"TMEM141","clean_D2","D2_late_increasing","0.246961977283329","mixed_remodeling_branch_biased"
"RNF181","clean_D2","D2_late_increasing","0.247196455803687","mixed_remodeling_branch_biased"
"FBLN2","clean_D2","D2_late_increasing","0.247223821913597","common_increasing"
"CTD-3214H19.16","clean_D2","D2_late_increasing","0.247530582845939","mixed_remodeling_branch_biased"
"ARHGAP22","clean_D2","D2_late_increasing","0.247694892490331","common_increasing"
"YIPF5","clean_D2","D2_late_increasing","0.248313652757959","mixed_remodeling_branch_biased"
"APOBEC3C","clean_D2","D2_late_increasing","0.248819878178102","mixed_remodeling_branch_biased"
"PSMB3","clean_D2","D2_late_increasing","0.248926460689885","mixed_remodeling_branch_biased"
"C1orf54","clean_D2","D2_late_increasing","0.248932048153594","mixed_remodeling_branch_biased"
"FAM57A","clean_D2","D2_late_increasing","0.248939625924771","mixed_remodeling_branch_biased"
"NUDT2","clean_D2","D2_late_increasing","0.249243298597579","mixed_remodeling_branch_biased"
"AP2M1","clean_D2","D2_late_increasing","0.249288125641827","mixed_remodeling_branch_biased"
"MYO18A","clean_D2","D2_late_increasing","0.249318161808641","common_increasing"
"TOMM5","clean_D2","D2_late_increasing","0.249401482698282","mixed_remodeling_branch_biased"
"C1orf216","clean_D2","D2_late_increasing","0.249445653109719","mixed_remodeling_branch_biased"
"ELOVL1","clean_D2","D2_late_increasing","0.249461824789226","mixed_remodeling_branch_biased"
"MMP24-AS1","clean_D2","D2_late_increasing","0.249844111099783","mixed_remodeling_branch_biased"
"CCDC85B","clean_D2","D2_late_increasing","0.249987160882403","mixed_remodeling_branch_biased"
"COX5A","clean_D2","D2_late_increasing","0.250493189476936","mixed_remodeling_branch_biased"
"GTF2H5","clean_D2","D2_late_increasing","0.250584450408097","mixed_remodeling_branch_biased"
"RALA","clean_D2","D2_late_increasing","0.250720338261779","mixed_remodeling_branch_biased"
"CTSD","clean_D2","D2_late_increasing","0.250788130628242","mixed_remodeling_branch_biased"
"FAM210B","clean_D2","D2_late_increasing","0.251001773329534","mixed_remodeling_branch_biased"
"YKT6","clean_D2","D2_late_increasing","0.251008133200131","mixed_remodeling_branch_biased"
"RP11-492E3.51","clean_D2","D2_late_increasing","0.251024229797699","common_increasing"
"SEPW1","clean_D2","D2_late_increasing","0.251230742762061","mixed_remodeling_branch_biased"
"PTPRD","clean_D2","D2_late_increasing","0.251261721012127","ecm_dominant_branch_biased"
"USP11","clean_D2","D2_late_increasing","0.251429533853272","mixed_remodeling_branch_biased"
"IFNGR2","clean_D2","D2_late_increasing","0.251587396144287","common_increasing"
"SLC52A2","clean_D2","D2_late_increasing","0.251667297029188","mixed_remodeling_branch_biased"
"CFH","clean_D2","D2_late_increasing","0.251954220582671","common_increasing"
"PRKAR2A","clean_D2","D2_late_increasing","0.251992211726701","common_increasing"
"SNRPC","clean_D2","D2_late_increasing","0.252417128793679","mixed_remodeling_branch_biased"
"CHID1","clean_D2","D2_late_increasing","0.252483869759389","mixed_remodeling_branch_biased"
"MSC","clean_D2","D2_late_increasing","0.252902375423318","mixed_remodeling_branch_biased"
"DNLZ","clean_D2","D2_late_increasing","0.252917490446208","mixed_remodeling_branch_biased"
"REXO2","clean_D2","D2_late_increasing","0.252962142820877","mixed_remodeling_branch_biased"
"IFI35","clean_D2","D2_late_increasing","0.252992844332352","mixed_remodeling_branch_biased"
"RAB31","clean_D2","D2_late_increasing","0.25300172778616","mixed_remodeling_branch_biased"
"PRDX5","clean_D2","D2_late_increasing","0.25341548555998","mixed_remodeling_branch_biased"
"UFD1L","clean_D2","D2_late_increasing","0.253507140863569","mixed_remodeling_branch_biased"
"ICAM3","clean_D2","D2_late_increasing","0.253631815718068","mixed_remodeling_branch_biased"
"SNHG18","clean_D2","D2_late_increasing","0.253897035254786","mixed_remodeling_branch_biased"
"PSENEN","clean_D2","D2_late_increasing","0.253984948373815","mixed_remodeling_branch_biased"
"SEC31A","clean_D2","D2_late_increasing","0.254017022056993","common_increasing"
"EPN1","clean_D2","D2_late_increasing","0.25406012760801","mixed_remodeling_branch_biased"
"SH3BGRL3","clean_D2","D2_late_increasing","0.254226816191377","mixed_remodeling_branch_biased"
"SAE1","clean_D2","D2_late_increasing","0.254257928237854","mixed_remodeling_branch_biased"
"HSPA12B","clean_D2","D2_late_increasing","0.254518563249919","mixed_remodeling_branch_biased"
"NAA38","clean_D2","D2_late_increasing","0.254607190178158","mixed_remodeling_branch_biased"
"CLEC2A","clean_D2","D2_late_increasing","0.254931988918858","common_increasing"
"SEC23A","clean_D2","D2_late_increasing","0.254972250717624","common_increasing"
"TENM4","clean_D2","D2_late_increasing","0.255161697169637","common_increasing"
"CILP","clean_D2","D2_late_increasing","0.255411479541888","common_increasing"
"CCL2","clean_D2","D2_late_increasing","0.255507031586808","common_increasing"
"LAMTOR1","clean_D2","D2_late_increasing","0.255557653383734","mixed_remodeling_branch_biased"
"TP53TG1","clean_D2","D2_late_increasing","0.255569027073512","mixed_remodeling_branch_biased"
"SEPN1","clean_D2","D2_late_increasing","0.255605611305209","mixed_remodeling_branch_biased"
"BRE","clean_D2","D2_late_increasing","0.255622211223627","common_increasing"
"SIGMAR1","clean_D2","D2_late_increasing","0.255913318359971","mixed_remodeling_branch_biased"
"DEF8","clean_D2","D2_late_increasing","0.256021431452489","mixed_remodeling_branch_biased"
"CXCL12","clean_D2","D2_late_increasing","0.256051356516365","common_increasing"
"CCDC8","clean_D2","D2_late_increasing","0.25695030367122","mixed_remodeling_branch_biased"
"GSTK1","clean_D2","D2_late_increasing","0.257210697423445","mixed_remodeling_branch_biased"
"NFE2L1","clean_D2","D2_late_increasing","0.257291474661055","mixed_remodeling_branch_biased"
"PDIA4","clean_D2","D2_late_increasing","0.257308559398127","mixed_remodeling_branch_biased"
"CAP1","clean_D2","D2_late_increasing","0.257508644285848","mixed_remodeling_branch_biased"
"ABHD14A","clean_D2","D2_late_increasing","0.257566746400963","mixed_remodeling_branch_biased"
"PLGRKT","clean_D2","D2_late_increasing","0.257616869648669","mixed_remodeling_branch_biased"
"SERP1","clean_D2","D2_late_increasing","0.257645042828255","mixed_remodeling_branch_biased"
"FAAP20","clean_D2","D2_late_increasing","0.257675231058388","mixed_remodeling_branch_biased"
"PPP4C","clean_D2","D2_late_increasing","0.257697314406668","mixed_remodeling_branch_biased"
"NRN1","clean_D2","D2_late_increasing","0.257750335541402","common_increasing"
"ITGB5","clean_D2","D2_late_increasing","0.257776275192053","mixed_remodeling_branch_biased"
"PDZD11","clean_D2","D2_late_increasing","0.258177557019027","mixed_remodeling_branch_biased"
"CLTB","clean_D2","D2_late_increasing","0.258191861506922","common_increasing"
"TADA3","clean_D2","D2_late_increasing","0.258441450676897","mixed_remodeling_branch_biased"
"MZT2A","clean_D2","D2_late_increasing","0.259148271484087","mixed_remodeling_branch_biased"
"PTGIS","clean_D2","D2_late_increasing","0.259152685017682","common_increasing"
"FGGY","clean_D2","D2_late_increasing","0.259247352157104","common_increasing"
"HSPB6","clean_D2","D2_late_increasing","0.259254824204594","mixed_remodeling_branch_biased"
"C19orf70","clean_D2","D2_late_increasing","0.25941898690213","mixed_remodeling_branch_biased"
"PPP1CA","clean_D2","D2_late_increasing","0.259467485939582","mixed_remodeling_branch_biased"
"TMEM54","clean_D2","D2_late_increasing","0.259483853200921","mixed_remodeling_branch_biased"
"SSR2","clean_D2","D2_late_increasing","0.259781443683086","mixed_remodeling_branch_biased"
"SPHK1","clean_D2","D2_late_increasing","0.259829003931472","mixed_remodeling_branch_biased"
"LY6E","clean_D2","D2_late_increasing","0.259950161836961","mixed_remodeling_branch_biased"
"TMEM120B","clean_D2","D2_late_increasing","0.260042497059365","ecm_dominant_branch_biased"
"PRSS23","clean_D2","D2_late_increasing","0.260049747170382","mixed_remodeling_branch_biased"
"DCN","clean_D2","D2_late_increasing","0.260135633506394","common_increasing"
"C17orf89","clean_D2","D2_late_increasing","0.260159634303655","mixed_remodeling_branch_biased"
"GSDMD","clean_D2","D2_late_increasing","0.26018550880406","mixed_remodeling_branch_biased"
"NFATC2","clean_D2","D2_late_increasing","0.260323718467168","common_increasing"
"PRKCSH","clean_D2","D2_late_increasing","0.260378051362942","mixed_remodeling_branch_biased"
"CENPP","clean_D2","D2_late_increasing","0.260479584112755","common_increasing"
"FBXW5","clean_D2","D2_late_increasing","0.260647927006547","mixed_remodeling_branch_biased"
"DDRGK1","clean_D2","D2_late_increasing","0.260775636639268","mixed_remodeling_branch_biased"
"CTC-479C5.12","clean_D2","D2_late_increasing","0.260913806528283","mixed_remodeling_branch_biased"
"ANAPC11","clean_D2","D2_late_increasing","0.260929078826987","mixed_remodeling_branch_biased"
"MAN1B1","clean_D2","D2_late_increasing","0.260970474486619","mixed_remodeling_branch_biased"
"NDUFA6","clean_D2","D2_late_increasing","0.261140936801354","mixed_remodeling_branch_biased"
"GPX1","clean_D2","D2_late_increasing","0.261357853971444","mixed_remodeling_branch_biased"
"MICAL2","clean_D2","D2_late_increasing","0.261379329677625","mixed_remodeling_branch_biased"
"TAPBP","clean_D2","D2_late_increasing","0.261455026625106","mixed_remodeling_branch_biased"
"TMED9","clean_D2","D2_late_increasing","0.261462963422974","mixed_remodeling_branch_biased"
"FUCA2","clean_D2","D2_late_increasing","0.261701940973707","common_increasing"
"TP53I13","clean_D2","D2_late_increasing","0.261897679107626","mixed_remodeling_branch_biased"
"IFI16","clean_D2","D2_late_increasing","0.261950568977659","common_increasing"
"SEC61G","clean_D2","D2_late_increasing","0.262105358885763","mixed_remodeling_branch_biased"
"ARPC2","clean_D2","D2_late_increasing","0.262120130836118","mixed_remodeling_branch_biased"
"NCS1","clean_D2","D2_late_increasing","0.262131929258662","mixed_remodeling_branch_biased"
"GMPPB","clean_D2","D2_late_increasing","0.262198699644975","mixed_remodeling_branch_biased"
"TMEM45A","clean_D2","D2_late_increasing","0.262328466723966","mixed_remodeling_branch_biased"
"FAM109B","clean_D2","D2_late_increasing","0.262524287809012","mixed_remodeling_branch_biased"
"G6PC3","clean_D2","D2_late_increasing","0.262882788310698","mixed_remodeling_branch_biased"
"ARF5","clean_D2","D2_late_increasing","0.262969472953643","mixed_remodeling_branch_biased"
"MGAT1","clean_D2","D2_late_increasing","0.263354530044291","mixed_remodeling_branch_biased"
"ATP5G1","clean_D2","D2_late_increasing","0.263857190298792","mixed_remodeling_branch_biased"
"PPP1R9B","clean_D2","D2_late_increasing","0.264099029037532","mixed_remodeling_branch_biased"
"SH3GLB1","clean_D2","D2_late_increasing","0.264131403605603","common_increasing"
"SHISA4","clean_D2","D2_late_increasing","0.264195243244198","mixed_remodeling_branch_biased"
"PALM","clean_D2","D2_late_increasing","0.264280215383339","common_increasing"
"COLGALT1","clean_D2","D2_late_increasing","0.264380034950074","mixed_remodeling_branch_biased"
"IGF2","clean_D2","D2_late_increasing","0.264407564610493","mixed_remodeling_branch_biased"
"CLDN4","clean_D2","D2_late_increasing","0.264716807140616","mixed_remodeling_branch_biased"
"EIF5A","clean_D2","D2_late_increasing","0.264823629844219","mixed_remodeling_branch_biased"
"TGFB1I1","clean_D2","D2_late_increasing","0.265234840336945","mixed_remodeling_branch_biased"
"ORAI2","clean_D2","D2_late_increasing","0.265239184729673","mixed_remodeling_branch_biased"
"WIPI1","clean_D2","D2_late_increasing","0.265352933079077","mixed_remodeling_branch_biased"
"CLEC2B","clean_D2","D2_late_increasing","0.265541436694884","common_increasing"
"SNRNP25","clean_D2","D2_late_increasing","0.265575054582008","mixed_remodeling_branch_biased"
"UQCR11","clean_D2","D2_late_increasing","0.266089801428648","mixed_remodeling_branch_biased"
"DDB2","clean_D2","D2_late_increasing","0.266112252777792","common_increasing"
"GALNT5","clean_D2","D2_late_increasing","0.266160346968726","common_increasing"
"NAGLU","clean_D2","D2_late_increasing","0.266171944061307","mixed_remodeling_branch_biased"
"UBXN6","clean_D2","D2_late_increasing","0.266195843019645","mixed_remodeling_branch_biased"
"SCP2","clean_D2","D2_late_increasing","0.266473159659046","mixed_remodeling_branch_biased"
"IKBIP","clean_D2","D2_late_increasing","0.266754291752081","mixed_remodeling_branch_biased"
"MAN1C1","clean_D2","D2_late_increasing","0.266769036136011","common_increasing"
"COPS7A","clean_D2","D2_late_increasing","0.266990810035372","mixed_remodeling_branch_biased"
"WBP5","clean_D2","D2_late_increasing","0.267045148377072","mixed_remodeling_branch_biased"
"VAT1","clean_D2","D2_late_increasing","0.267067091443841","mixed_remodeling_branch_biased"
"PEA15","clean_D2","D2_late_increasing","0.267510304281861","mixed_remodeling_branch_biased"
"TXN2","clean_D2","D2_late_increasing","0.267852163443203","mixed_remodeling_branch_biased"
"ECM2","clean_D2","D2_late_increasing","0.267991104200855","common_increasing"
"TBC1D1","clean_D2","D2_late_increasing","0.268025101432846","mixed_remodeling_branch_biased"
"NDUFB3","clean_D2","D2_late_increasing","0.268182003363087","mixed_remodeling_branch_biased"
"APOE","clean_D2","D2_late_increasing","0.268435320157949","common_increasing"
"FAM129A","clean_D2","D2_late_increasing","0.268708969643983","common_increasing"
"SLC39A7","clean_D2","D2_late_increasing","0.26889656644216","mixed_remodeling_branch_biased"
"KIAA2013","clean_D2","D2_late_increasing","0.268979807246438","mixed_remodeling_branch_biased"
"TNC","clean_D2","D2_late_increasing","0.268988544910477","common_increasing"
"CLPP","clean_D2","D2_late_increasing","0.269186988102439","mixed_remodeling_branch_biased"
"HMOX2","clean_D2","D2_late_increasing","0.269216852377496","mixed_remodeling_branch_biased"
"MAST2","clean_D2","D2_late_increasing","0.269378788575901","common_increasing"
"GPC1","clean_D2","D2_late_increasing","0.269730945046388","mixed_remodeling_branch_biased"
"PRADC1","clean_D2","D2_late_increasing","0.269757553372209","mixed_remodeling_branch_biased"
"KLHL22","clean_D2","D2_late_increasing","0.269772184624155","common_increasing"
"ARAP1","clean_D2","D2_late_increasing","0.269985745963656","common_increasing"
"GUK1","clean_D2","D2_late_increasing","0.27011408433395","mixed_remodeling_branch_biased"
"IGDCC4","clean_D2","D2_late_increasing","0.270355689688803","common_increasing"
"CHD3","clean_D2","D2_late_increasing","0.270499885252004","mixed_remodeling_branch_biased"
"NDUFA3","clean_D2","D2_late_increasing","0.270523358364544","mixed_remodeling_branch_biased"
"PSMB8","clean_D2","D2_late_increasing","0.27054533436053","mixed_remodeling_branch_biased"
"KLHDC3","clean_D2","D2_late_increasing","0.270592015067922","common_increasing"
"MIF","clean_D2","D2_late_increasing","0.271014343604749","mixed_remodeling_branch_biased"
"GOLGA3","clean_D2","D2_late_increasing","0.271037453932428","mixed_remodeling_branch_biased"
"ST6GALNAC6","clean_D2","D2_late_increasing","0.271376996526609","mixed_remodeling_branch_biased"
"THOC6","clean_D2","D2_late_increasing","0.271837905950586","mixed_remodeling_branch_biased"
"GTF3C1","clean_D2","D2_late_increasing","0.272141748453743","common_increasing"
"GNG5","clean_D2","D2_late_increasing","0.272226883979353","mixed_remodeling_branch_biased"
"BAD","clean_D2","D2_late_increasing","0.272724911395005","mixed_remodeling_branch_biased"
"DPYSL3","clean_D2","D2_late_increasing","0.272810372994431","common_increasing"
"TIMM8B","clean_D2","D2_late_increasing","0.272852712251228","mixed_remodeling_branch_biased"
"MYO1C","clean_D2","D2_late_increasing","0.272856617749856","common_increasing"
"CRELD2","clean_D2","D2_late_increasing","0.272967204101695","mixed_remodeling_branch_biased"
"CALR","clean_D2","D2_late_increasing","0.273308014265699","mixed_remodeling_branch_biased"
"C11orf68","clean_D2","D2_late_increasing","0.273537268993181","mixed_remodeling_branch_biased"
"B2M","clean_D2","D2_late_increasing","0.273595198197693","common_increasing"
"C19orf24","clean_D2","D2_late_increasing","0.273881596770607","mixed_remodeling_branch_biased"
"FAM102A","clean_D2","D2_late_increasing","0.273957519375275","common_increasing"
"NUTF2","clean_D2","D2_late_increasing","0.273957677608342","mixed_remodeling_branch_biased"
"UROS","clean_D2","D2_late_increasing","0.274023879192736","mixed_remodeling_branch_biased"
"CALM3","clean_D2","D2_late_increasing","0.274075492131294","mixed_remodeling_branch_biased"
"PRICKLE1","clean_D2","D2_late_increasing","0.274590081970782","ecm_dominant_branch_biased"
"TXNDC15","clean_D2","D2_late_increasing","0.274762961321878","common_increasing"
"EFEMP1","clean_D2","D2_late_increasing","0.274892634173123","common_increasing"
"CCDC124","clean_D2","D2_late_increasing","0.274971255554789","mixed_remodeling_branch_biased"
"NDUFB2","clean_D2","D2_late_increasing","0.274977605649527","mixed_remodeling_branch_biased"
"GRINA","clean_D2","D2_late_increasing","0.275030266770622","mixed_remodeling_branch_biased"
"FAM177A1","clean_D2","D2_late_increasing","0.275317061208709","mixed_remodeling_branch_biased"
"GIPC1","clean_D2","D2_late_increasing","0.275372868606672","mixed_remodeling_branch_biased"
"ZNF106","clean_D2","D2_late_increasing","0.275559867279956","common_increasing"
"SLC12A4","clean_D2","D2_late_increasing","0.275920506096067","common_increasing"
"SRPX2","clean_D2","D2_late_increasing","0.276201480084267","mixed_remodeling_branch_biased"
"ECHS1","clean_D2","D2_late_increasing","0.276237643322345","mixed_remodeling_branch_biased"
"ANXA1","clean_D2","D2_late_increasing","0.276777974889898","common_increasing"
"FAM234A","clean_D2","D2_late_increasing","0.276908628675247","mixed_remodeling_branch_biased"
"TWF2","clean_D2","D2_late_increasing","0.27691609828261","mixed_remodeling_branch_biased"
"ITGA5","clean_D2","D2_late_increasing","0.277024670262131","mixed_remodeling_branch_biased"
"RARRES3","clean_D2","D2_late_increasing","0.277074490486942","common_increasing"
"AKR1C3","clean_D2","D2_late_increasing","0.277204546943218","common_increasing"
"TMEM208","clean_D2","D2_late_increasing","0.277240139389021","mixed_remodeling_branch_biased"
"BUD31","clean_D2","D2_late_increasing","0.27753645365837","mixed_remodeling_branch_biased"
"CCDC167","clean_D2","D2_late_increasing","0.277779475570023","mixed_remodeling_branch_biased"
"SCARF2","clean_D2","D2_late_increasing","0.27780247438248","mixed_remodeling_branch_biased"
"RNPEPL1","clean_D2","D2_late_increasing","0.277857885084027","common_increasing"
"OLFM2","clean_D2","D2_late_increasing","0.27787648434333","common_increasing"
"SPINT2","clean_D2","D2_late_increasing","0.277918490703979","mixed_remodeling_branch_biased"
"BRI3","clean_D2","D2_late_increasing","0.277955830118132","mixed_remodeling_branch_biased"
"RP11-196G11.1","clean_D2","D2_late_increasing","0.278356350271461","mixed_remodeling_branch_biased"
"KCNK6","clean_D2","D2_late_increasing","0.278494613746152","common_increasing"
"LRPAP1","clean_D2","D2_late_increasing","0.27851338830266","mixed_remodeling_branch_biased"
"FBLIM1","clean_D2","D2_late_increasing","0.278562823219375","mixed_remodeling_branch_biased"
"ARSA","clean_D2","D2_late_increasing","0.278588798810745","common_increasing"
"RNASEH2C","clean_D2","D2_late_increasing","0.279053964871915","mixed_remodeling_branch_biased"
"TXNL4A","clean_D2","D2_late_increasing","0.27940315217901","mixed_remodeling_branch_biased"
"GTF3C6","clean_D2","D2_late_increasing","0.279591364702765","mixed_remodeling_branch_biased"
"AKT1S1","clean_D2","D2_late_increasing","0.279802957126275","mixed_remodeling_branch_biased"
"SH3GL1","clean_D2","D2_late_increasing","0.279846012679709","mixed_remodeling_branch_biased"
"AP3D1","clean_D2","D2_late_increasing","0.280025324060645","common_increasing"
"QSOX1","clean_D2","D2_late_increasing","0.280177030081057","mixed_remodeling_branch_biased"
"TXLNA","clean_D2","D2_late_increasing","0.280522780229485","mixed_remodeling_branch_biased"
"GPC6","clean_D2","D2_late_increasing","0.280527796657599","ecm_dominant_branch_biased"
"LTBP3","clean_D2","D2_late_increasing","0.281206191282645","common_increasing"
"FAM229B","clean_D2","D2_late_increasing","0.281334152452544","mixed_remodeling_branch_biased"
"C12orf75","clean_D2","D2_late_increasing","0.281732491790238","mixed_remodeling_branch_biased"
"SRM","clean_D2","D2_late_increasing","0.282022835598442","mixed_remodeling_branch_biased"
"PPDPF","clean_D2","D2_late_increasing","0.282268102695141","mixed_remodeling_branch_biased"
"PRKCDBP","clean_D2","D2_late_increasing","0.282286600361517","mixed_remodeling_branch_biased"
"GTF3A","clean_D2","D2_late_increasing","0.28233590885667","mixed_remodeling_branch_biased"
"JDP2","clean_D2","D2_late_increasing","0.282600641856938","common_increasing"
"RP11-282O18.3","clean_D2","D2_late_increasing","0.282629627975451","mixed_remodeling_branch_biased"
"TRAPPC1","clean_D2","D2_late_increasing","0.282969914272872","mixed_remodeling_branch_biased"
"GSR","clean_D2","D2_late_increasing","0.282991260398577","common_increasing"
"PDIA5","clean_D2","D2_late_increasing","0.283234101641879","common_increasing"
"RHOC","clean_D2","D2_late_increasing","0.28341156248079","mixed_remodeling_branch_biased"
"UROD","clean_D2","D2_late_increasing","0.283785908899116","common_increasing"
"IMPDH1","clean_D2","D2_late_increasing","0.283915593578579","mixed_remodeling_branch_biased"
"YIF1B","clean_D2","D2_late_increasing","0.284586038999027","mixed_remodeling_branch_biased"
"MED8","clean_D2","D2_late_increasing","0.284987149792176","mixed_remodeling_branch_biased"
"UQCC2","clean_D2","D2_late_increasing","0.28502550050368","mixed_remodeling_branch_biased"
"CD276","clean_D2","D2_late_increasing","0.285251136161698","mixed_remodeling_branch_biased"
"GLMP","clean_D2","D2_late_increasing","0.285670743083627","mixed_remodeling_branch_biased"
"BTN3A2","clean_D2","D2_late_increasing","0.285936555506792","common_increasing"
"TANC2","clean_D2","D2_late_increasing","0.285960073200249","ecm_dominant_branch_biased"
"ZNHIT1","clean_D2","D2_late_increasing","0.286532067204067","mixed_remodeling_branch_biased"
"EIF4G1","clean_D2","D2_late_increasing","0.286535391327367","mixed_remodeling_branch_biased"
"UQCRQ","clean_D2","D2_late_increasing","0.286536368612786","mixed_remodeling_branch_biased"
"GRIN2D","clean_D2","D2_late_increasing","0.286545683681659","common_increasing"
"COPA","clean_D2","D2_late_increasing","0.286642541906523","mixed_remodeling_branch_biased"
"FMO1","clean_D2","D2_late_increasing","0.286758602453975","common_increasing"
"CD63","clean_D2","D2_late_increasing","0.286893759177278","mixed_remodeling_branch_biased"
"ARPC4","clean_D2","D2_late_increasing","0.287013414004348","mixed_remodeling_branch_biased"
"ITGB1BP1","clean_D2","D2_late_increasing","0.287194763220433","common_increasing"
"NDST1","clean_D2","D2_late_increasing","0.287221014198338","common_increasing"
"CHPF2","clean_D2","D2_late_increasing","0.287221606824667","common_increasing"
"GLT8D2","clean_D2","D2_late_increasing","0.287329499793741","common_increasing"
"ATP6V0D1","clean_D2","D2_late_increasing","0.287482733842198","mixed_remodeling_branch_biased"
"SEMA3C","clean_D2","D2_late_increasing","0.287590814417172","common_increasing"
"PLEKHA4","clean_D2","D2_late_increasing","0.287692623432099","common_increasing"
"ARPC1A","clean_D2","D2_late_increasing","0.287769468125685","mixed_remodeling_branch_biased"
"A2M","clean_D2","D2_late_increasing","0.288151148286131","mixed_remodeling_branch_biased"
"CDK2AP1","clean_D2","D2_late_increasing","0.288310062783907","mixed_remodeling_branch_biased"
"MINOS1-NBL1","clean_D2","D2_late_increasing","0.288600034758092","common_increasing"
"HAPLN3","clean_D2","D2_late_increasing","0.288755642572066","mixed_remodeling_branch_biased"
"TPM2","clean_D2","D2_late_increasing","0.288842174067557","mixed_remodeling_branch_biased"
"ZEB1","clean_D2","D2_late_increasing","0.289042367108784","common_increasing"
"ERCC1","clean_D2","D2_late_increasing","0.289059840205555","common_increasing"
"MEIS3","clean_D2","D2_late_increasing","0.289097401830625","common_increasing"
"ACTB","clean_D2","D2_late_increasing","0.289279770870115","mixed_remodeling_branch_biased"
"MYLK","clean_D2","D2_late_increasing","0.289307711566872","common_increasing"
"CD82","clean_D2","D2_late_increasing","0.289386119360412","common_increasing"
"PLXNB2","clean_D2","D2_late_increasing","0.289415124356322","common_increasing"
"PLOD2","clean_D2","D2_late_increasing","0.289627951102076","common_increasing"
"LINC01615","clean_D2","D2_late_increasing","0.289837029608947","mixed_remodeling_branch_biased"
"SLC39A13","clean_D2","D2_late_increasing","0.290003641364281","mixed_remodeling_branch_biased"
"ARHGAP28","clean_D2","D2_late_increasing","0.290522127873881","common_increasing"
"RAD51B","clean_D2","D2_late_increasing","0.290735010147544","common_increasing"
"CTSC","clean_D2","D2_late_increasing","0.291278277129743","common_increasing"
"NANS","clean_D2","D2_late_increasing","0.291354903844867","mixed_remodeling_branch_biased"
"GAA","clean_D2","D2_late_increasing","0.291567017003782","mixed_remodeling_branch_biased"
"TNFRSF1A","clean_D2","D2_late_increasing","0.291606651559903","common_increasing"
"GALNT2","clean_D2","D2_late_increasing","0.29184814283142","common_increasing"
"PLAUR","clean_D2","D2_late_increasing","0.291874029740402","mixed_remodeling_branch_biased"
"PAPSS2","clean_D2","D2_late_increasing","0.29194965672069","common_increasing"
"DAPK3","clean_D2","D2_late_increasing","0.292231986054214","common_increasing"
"GPI","clean_D2","D2_late_increasing","0.292314498604974","mixed_remodeling_branch_biased"
"AGTRAP","clean_D2","D2_late_increasing","0.292395503785997","mixed_remodeling_branch_biased"
"HOMER3","clean_D2","D2_late_increasing","0.292623519324847","mixed_remodeling_branch_biased"
"NAA10","clean_D2","D2_late_increasing","0.292753985261362","mixed_remodeling_branch_biased"
"COPZ1","clean_D2","D2_late_increasing","0.293778224743732","mixed_remodeling_branch_biased"
"NRBP1","clean_D2","D2_late_increasing","0.293824751547347","mixed_remodeling_branch_biased"
"NPTX2","clean_D2","D2_late_increasing","0.294310308804282","mixed_remodeling_branch_biased"
"CXXC5","clean_D2","D2_late_increasing","0.294316593906844","common_increasing"
"TMEM147","clean_D2","D2_late_increasing","0.294494220167043","mixed_remodeling_branch_biased"
"CTTN","clean_D2","D2_late_increasing","0.294966268189871","common_increasing"
"METRNL","clean_D2","D2_late_increasing","0.295293556651745","common_increasing"
"XBP1","clean_D2","D2_late_increasing","0.295781830948121","mixed_remodeling_branch_biased"
"FUT11","clean_D2","D2_late_increasing","0.296106700414475","common_increasing"
"DNPH1","clean_D2","D2_late_increasing","0.296383788381792","common_increasing"
"ST3GAL2","clean_D2","D2_late_increasing","0.297423204683672","common_increasing"
"FIBP","clean_D2","D2_late_increasing","0.297572005558712","mixed_remodeling_branch_biased"
"ETHE1","clean_D2","D2_late_increasing","0.297775223702664","mixed_remodeling_branch_biased"
"TMEM219","clean_D2","D2_late_increasing","0.298245180665779","common_increasing"
"CDC42EP5","clean_D2","D2_late_increasing","0.298352564038431","mixed_remodeling_branch_biased"
"C7orf73","clean_D2","D2_late_increasing","0.298382469023881","common_increasing"
"S100A13","clean_D2","D2_late_increasing","0.298424469450964","common_increasing"
"ZYX","clean_D2","D2_late_increasing","0.298855996913918","mixed_remodeling_branch_biased"
"PDZRN4","clean_D2","D2_late_increasing","0.298887452603539","ecm_dominant_branch_biased"
"MAP7D1","clean_D2","D2_late_increasing","0.30001879958585","mixed_remodeling_branch_biased"
"FHL3","clean_D2","D2_late_increasing","0.300110490159261","mixed_remodeling_branch_biased"
"PGLS","clean_D2","D2_late_increasing","0.300321597918804","mixed_remodeling_branch_biased"
"CAPZB","clean_D2","D2_late_increasing","0.30069096808655","common_increasing"
"ERI3","clean_D2","D2_late_increasing","0.30090082692024","common_increasing"
"PDE4DIP","clean_D2","D2_late_increasing","0.301078638880458","common_increasing"
"GALNT10","clean_D2","D2_late_increasing","0.301198875684846","common_increasing"
"B4GALT1","clean_D2","D2_late_increasing","0.301964041769711","common_increasing"
"NME1","clean_D2","D2_late_increasing","0.302041021167956","mixed_remodeling_branch_biased"
"LMF2","clean_D2","D2_late_increasing","0.302044935310864","mixed_remodeling_branch_biased"
"DPM2","clean_D2","D2_late_increasing","0.302383279107274","mixed_remodeling_branch_biased"
"VTI1B","clean_D2","D2_late_increasing","0.302427215112664","mixed_remodeling_branch_biased"
"TRAPPC2L","clean_D2","D2_late_increasing","0.302638894698784","mixed_remodeling_branch_biased"
"THBS3","clean_D2","D2_late_increasing","0.302667695090233","common_increasing"
"CNN2","clean_D2","D2_late_increasing","0.302758116434915","mixed_remodeling_branch_biased"
"DYNLT1","clean_D2","D2_late_increasing","0.302807759354098","mixed_remodeling_branch_biased"
"VGLL3","clean_D2","D2_late_increasing","0.303011324357491","common_increasing"
"TRIOBP","clean_D2","D2_late_increasing","0.303034331937605","common_increasing"
"THBS1","clean_D2","D2_late_increasing","0.303241679818549","common_increasing"
"EPHB3","clean_D2","D2_late_increasing","0.303361857520683","common_increasing"
"POMP","clean_D2","D2_late_increasing","0.303533850390087","mixed_remodeling_branch_biased"
"MFAP2","clean_D2","D2_late_increasing","0.303948029526481","mixed_remodeling_branch_biased"
"FAM195B","clean_D2","D2_late_increasing","0.304139634344958","mixed_remodeling_branch_biased"
"C11orf96","clean_D2","D2_late_increasing","0.304146468543666","common_increasing"
"PXDN","clean_D2","D2_late_increasing","0.304429399215355","common_increasing"
"COMMD5","clean_D2","D2_late_increasing","0.304773195660554","mixed_remodeling_branch_biased"
"P4HA3","clean_D2","D2_late_increasing","0.304777794503482","mixed_remodeling_branch_biased"
"VOPP1","clean_D2","D2_late_increasing","0.304874698011244","common_increasing"
"ALDH1L2","clean_D2","D2_late_increasing","0.305192348663354","common_increasing"
"TNFSF10","clean_D2","D2_late_increasing","0.305417454760331","common_increasing"
"HEXA","clean_D2","D2_late_increasing","0.305626911016022","common_increasing"
"SEMA3B","clean_D2","D2_late_increasing","0.305779822818736","common_increasing"
"UBE2L6","clean_D2","D2_late_increasing","0.306046674598746","mixed_remodeling_branch_biased"
"SURF4","clean_D2","D2_late_increasing","0.306381598941774","mixed_remodeling_branch_biased"
"SPARCL1","clean_D2","D2_late_increasing","0.30638732322163","common_increasing"
"LASP1","clean_D2","D2_late_increasing","0.306482041780818","common_increasing"
"TP53I3","clean_D2","D2_late_increasing","0.306594223244333","mixed_remodeling_branch_biased"
"SRPRB","clean_D2","D2_late_increasing","0.307794948031302","mixed_remodeling_branch_biased"
"SHISA5","clean_D2","D2_late_increasing","0.307910264556025","mixed_remodeling_branch_biased"
"CTGF","clean_D2","D2_late_increasing","0.308022470001232","common_increasing"
"AC024592.12","clean_D2","D2_late_increasing","0.308287249515752","mixed_remodeling_branch_biased"
"TENM3","clean_D2","D2_late_increasing","0.308357098542565","ecm_dominant_branch_biased"
"TMEM261","clean_D2","D2_late_increasing","0.308376914219322","mixed_remodeling_branch_biased"
"JTB","clean_D2","D2_late_increasing","0.308403624112101","mixed_remodeling_branch_biased"
"NSMCE1","clean_D2","D2_late_increasing","0.308556895720447","mixed_remodeling_branch_biased"
"CCDC28B","clean_D2","D2_late_increasing","0.308711943523575","common_increasing"
"GRN","clean_D2","D2_late_increasing","0.308988876089224","common_increasing"
"FLNA","clean_D2","D2_late_increasing","0.309270198599038","common_increasing"
"COPG1","clean_D2","D2_late_increasing","0.309332604915426","common_increasing"
"EIF4E2","clean_D2","D2_late_increasing","0.3095754879564","mixed_remodeling_branch_biased"
"LAMB2","clean_D2","D2_late_increasing","0.309701530187139","common_increasing"
"SHC1","clean_D2","D2_late_increasing","0.310042119129298","common_increasing"
"LUM","clean_D2","D2_late_increasing","0.310658051075477","mixed_remodeling_branch_biased"
"ISLR","clean_D2","D2_late_increasing","0.310728741027007","common_increasing"
"MYO1D","clean_D2","D2_late_increasing","0.310750582072208","common_increasing"
"NEK6","clean_D2","D2_late_increasing","0.31100967576852","common_increasing"
"PGM1","clean_D2","D2_late_increasing","0.311012159585207","mixed_remodeling_branch_biased"
"PFN1","clean_D2","D2_late_increasing","0.311057521835481","mixed_remodeling_branch_biased"
"TMEM176B","clean_D2","D2_late_increasing","0.31137637294273","common_increasing"
"MLEC","clean_D2","D2_late_increasing","0.311505840365823","common_increasing"
"HN1","clean_D2","D2_late_increasing","0.311701717797788","mixed_remodeling_branch_biased"
"EDIL3","clean_D2","D2_late_increasing","0.311849220246233","common_increasing"
"SNF8","clean_D2","D2_late_increasing","0.312119418678311","mixed_remodeling_branch_biased"
"MPG","clean_D2","D2_late_increasing","0.312180582282609","mixed_remodeling_branch_biased"
"LINC01116","clean_D2","D2_late_increasing","0.31270425441533","common_increasing"
"SWI5","clean_D2","D2_late_increasing","0.312841872407627","mixed_remodeling_branch_biased"
"NXN","clean_D2","D2_late_increasing","0.313096350447294","common_increasing"
"PTN","clean_D2","D2_late_increasing","0.313680627331282","common_increasing"
"TPM4","clean_D2","D2_late_increasing","0.314247177584983","common_increasing"
"FAM89B","clean_D2","D2_late_increasing","0.314850417446588","mixed_remodeling_branch_biased"
"SMCO4","clean_D2","D2_late_increasing","0.314911794113963","common_increasing"
"APBB2","clean_D2","D2_late_increasing","0.31508248818244","ecm_dominant_branch_biased"
"A1BG","clean_D2","D2_late_increasing","0.315218820688954","mixed_remodeling_branch_biased"
"HES4","clean_D2","D2_late_increasing","0.315535413820091","mixed_remodeling_branch_biased"
"SSR4","clean_D2","D2_late_increasing","0.31566529243668","mixed_remodeling_branch_biased"
"VAMP5","clean_D2","D2_late_increasing","0.315677791507014","common_increasing"
"CTSZ","clean_D2","D2_late_increasing","0.315806728019078","common_increasing"
"FIBIN","clean_D2","D2_late_increasing","0.316257439727078","common_increasing"
"DNAJC1","clean_D2","D2_late_increasing","0.316310479343921","common_increasing"
"ZFHX4","clean_D2","D2_late_increasing","0.316749134507151","common_increasing"
"NEK10","clean_D2","D2_late_increasing","0.317352462334925","common_increasing"
"SGCD","clean_D2","D2_late_increasing","0.317689574838659","common_increasing"
"MSRB3","clean_D2","D2_late_increasing","0.317736853271885","common_increasing"
"PGAM1","clean_D2","D2_late_increasing","0.31805491087123","mixed_remodeling_branch_biased"
"LRRC59","clean_D2","D2_late_increasing","0.318396410252242","mixed_remodeling_branch_biased"
"TAF10","clean_D2","D2_late_increasing","0.318775057048171","mixed_remodeling_branch_biased"
"GPAA1","clean_D2","D2_late_increasing","0.319420275517588","mixed_remodeling_branch_biased"
"DBN1","clean_D2","D2_late_increasing","0.319708262045212","mixed_remodeling_branch_biased"
"APOL2","clean_D2","D2_late_increasing","0.319800111325984","common_increasing"
"MAP4","clean_D2","D2_late_increasing","0.320145578262689","common_increasing"
"NDUFS8","clean_D2","D2_late_increasing","0.320244998353786","mixed_remodeling_branch_biased"
"CAMK1D","clean_D2","D2_late_increasing","0.320369078706783","common_increasing"
"SH3PXD2A","clean_D2","D2_late_increasing","0.320417969690206","common_increasing"
"LAMC1","clean_D2","D2_late_increasing","0.320614567470683","common_increasing"
"MYH9","clean_D2","D2_late_increasing","0.320821661445139","common_increasing"
"PLPP4","clean_D2","D2_late_increasing","0.32102962128378","common_increasing"
"SEC24D","clean_D2","D2_late_increasing","0.321090486718914","common_increasing"
"EIF4EBP1","clean_D2","D2_late_increasing","0.321229817807761","mixed_remodeling_branch_biased"
"OSTC","clean_D2","D2_late_increasing","0.321325850804386","mixed_remodeling_branch_biased"
"ILK","clean_D2","D2_late_increasing","0.32150288660192","common_increasing"
"COPE","clean_D2","D2_late_increasing","0.322071035191215","mixed_remodeling_branch_biased"
"AHR","clean_D2","D2_late_increasing","0.322136241347512","common_increasing"
"FAM50A","clean_D2","D2_late_increasing","0.322467430704518","mixed_remodeling_branch_biased"
"RYR2","clean_D2","D2_late_increasing","0.322517498110122","common_increasing"
"CNN3","clean_D2","D2_late_increasing","0.322829674762825","mixed_remodeling_branch_biased"
"NGFR","clean_D2","D2_late_increasing","0.322847498253972","common_increasing"
"CCDC107","clean_D2","D2_late_increasing","0.322933771693855","common_increasing"
"AQP1","clean_D2","D2_late_increasing","0.32356461022266","common_increasing"
"CYR61","clean_D2","D2_late_increasing","0.323693754212859","common_increasing"
"SMTN","clean_D2","D2_late_increasing","0.324589187750503","common_increasing"
"DAP","clean_D2","D2_late_increasing","0.324669822369702","common_increasing"
"PHLDA3","clean_D2","D2_late_increasing","0.324817328511582","common_increasing"
"GARS","clean_D2","D2_late_increasing","0.325102481872253","common_increasing"
"CGREF1","clean_D2","D2_late_increasing","0.3259791048192","common_increasing"
"IDH2","clean_D2","D2_late_increasing","0.326012332892311","common_increasing"
"ERLEC1","clean_D2","D2_late_increasing","0.326871310425211","common_increasing"
"C9orf16","clean_D2","D2_late_increasing","0.327291045685448","mixed_remodeling_branch_biased"
"C1QTNF3","clean_D2","D2_late_increasing","0.327416521413441","common_increasing"
"SDF4","clean_D2","D2_late_increasing","0.327428414256086","common_increasing"
"ZCCHC24","clean_D2","D2_late_increasing","0.327448434062709","common_increasing"
"GMPPA","clean_D2","D2_late_increasing","0.327620987609111","common_increasing"
"ALDH18A1","clean_D2","D2_late_increasing","0.327783652083392","common_increasing"
"CIB1","clean_D2","D2_late_increasing","0.327835002358902","mixed_remodeling_branch_biased"
"IGFBP6","clean_D2","D2_late_increasing","0.328514669410169","common_increasing"
"SLC27A4","clean_D2","D2_late_increasing","0.328633152990625","mixed_remodeling_branch_biased"
"JOSD2","clean_D2","D2_late_increasing","0.328776412230582","mixed_remodeling_branch_biased"
"ENAH","clean_D2","D2_late_increasing","0.329171659966028","common_increasing"
"CD99","clean_D2","D2_late_increasing","0.329599555025354","common_increasing"
"UCHL1","clean_D2","D2_late_increasing","0.329671969076346","mixed_remodeling_branch_biased"
"CALU","clean_D2","D2_late_increasing","0.329999325087619","common_increasing"
"TMEM176A","clean_D2","D2_late_increasing","0.33034604987508","common_increasing"
"CKLF","clean_D2","D2_late_increasing","0.33048368674053","mixed_remodeling_branch_biased"
"CYBA","clean_D2","D2_late_increasing","0.330517972512928","common_increasing"
"CSRP2","clean_D2","D2_late_increasing","0.33068293162343","common_increasing"
"VEGFB","clean_D2","D2_late_increasing","0.330919569821807","common_increasing"
"LAMTOR2","clean_D2","D2_late_increasing","0.330953783911371","mixed_remodeling_branch_biased"
"TUBA1C","clean_D2","D2_late_increasing","0.33108060796197","common_increasing"
"KIAA1462","clean_D2","D2_late_increasing","0.331178524278278","common_increasing"
"ACKR1","clean_D2","D2_late_increasing","0.331775688811419","common_increasing"
"PACS1","clean_D2","D2_late_increasing","0.332415151325089","common_increasing"
"RRBP1","clean_D2","D2_late_increasing","0.332605435018349","mixed_remodeling_branch_biased"
"FBLN7","clean_D2","D2_late_increasing","0.332983990516539","common_increasing"
"RTEL1-TNFRSF6B","clean_D2","D2_late_increasing","0.333140876621122","common_increasing"
"NUCB1","clean_D2","D2_late_increasing","0.333665700547453","mixed_remodeling_branch_biased"
"FKBP7","clean_D2","D2_late_increasing","0.333951329809806","common_increasing"
"S100A7","clean_D2","D2_late_increasing","0.333971394373464","common_increasing"
"COTL1","clean_D2","D2_late_increasing","0.33398550997172","common_increasing"
"HLA-DRB1","clean_D2","D2_late_increasing","0.334340694778384","common_increasing"
"SIL1","clean_D2","D2_late_increasing","0.334432332599216","common_increasing"
"SSR3","clean_D2","D2_late_increasing","0.334616693521186","mixed_remodeling_branch_biased"
"IL1R1","clean_D2","D2_late_increasing","0.334674030784899","common_increasing"
"S100A16","clean_D2","D2_late_increasing","0.334795778553759","common_increasing"
"LMCD1","clean_D2","D2_late_increasing","0.335242440119229","common_increasing"
"KHDRBS3","clean_D2","D2_late_increasing","0.33545075699016","common_increasing"
"GALNS","clean_D2","D2_late_increasing","0.335577827408282","common_increasing"
"ADAMTS12","clean_D2","D2_late_increasing","0.336533658617","common_increasing"
"SAR1A","clean_D2","D2_late_increasing","0.336802805636345","common_increasing"
"ARF4","clean_D2","D2_late_increasing","0.337301441141608","common_increasing"
"TMSB4X","clean_D2","D2_late_increasing","0.33795368298236","mixed_remodeling_branch_biased"
"YIF1A","clean_D2","D2_late_increasing","0.338446400673867","mixed_remodeling_branch_biased"
"ARFGAP1","clean_D2","D2_late_increasing","0.338517731224209","common_increasing"
"GPR78","clean_D2","D2_late_increasing","0.338638383092105","common_increasing"
"ITGBL1","clean_D2","D2_late_increasing","0.338719721829583","common_increasing"
"XG","clean_D2","D2_late_increasing","0.338958058337756","common_increasing"
"CDKN2A","clean_D2","D2_late_increasing","0.339187913425835","common_increasing"
"LAMA4","clean_D2","D2_late_increasing","0.339245890841607","common_increasing"
"LGMN","clean_D2","D2_late_increasing","0.339329572327497","common_increasing"
"CTSA","clean_D2","D2_late_increasing","0.340311180517308","common_increasing"
"SCO2","clean_D2","D2_late_increasing","0.340379719172337","common_increasing"
"CCL14","clean_D2","D2_late_increasing","0.340639892071421","common_increasing"
"SEC61A1","clean_D2","D2_late_increasing","0.341044310884654","common_increasing"
"FMOD","clean_D2","D2_late_increasing","0.341258386287912","common_increasing"
"AKR1A1","clean_D2","D2_late_increasing","0.342204509824038","common_increasing"
"IFI6","clean_D2","D2_late_increasing","0.342457576238015","mixed_remodeling_branch_biased"
"ANXA6","clean_D2","D2_late_increasing","0.342614183683878","common_increasing"
"C7orf50","clean_D2","D2_late_increasing","0.343465600056813","mixed_remodeling_branch_biased"
"IFITM3","clean_D2","D2_late_increasing","0.344236747825745","common_increasing"
"FTL","clean_D2","D2_late_increasing","0.34582570637273","mixed_remodeling_branch_biased"
"FARP1","clean_D2","D2_late_increasing","0.346214259173371","common_increasing"
"HMCN1","clean_D2","D2_late_increasing","0.346397947319338","common_increasing"
"PARVB","clean_D2","D2_late_increasing","0.347055233822306","common_increasing"
"RP11-25H12.1","clean_D2","D2_late_increasing","0.34792473166388","common_increasing"
"SRA1","clean_D2","D2_late_increasing","0.348002979477397","mixed_remodeling_branch_biased"
"LOX","clean_D2","D2_late_increasing","0.348744946034995","common_increasing"
"TUBB2A","clean_D2","D2_late_increasing","0.348857772359957","common_increasing"
"PLTP","clean_D2","D2_late_increasing","0.349574061966717","common_increasing"
"RP11-417E7.2","clean_D2","D2_late_increasing","0.349620601848757","mixed_remodeling_branch_biased"
"C1S","clean_D2","D2_late_increasing","0.349975228274258","common_increasing"
"LGALS1","clean_D2","D2_late_increasing","0.350063217844823","mixed_remodeling_branch_biased"
"TGFB3","clean_D2","D2_late_increasing","0.3505448126174","common_increasing"
"CRABP2","clean_D2","D2_late_increasing","0.350915387654992","common_increasing"
"NID2","clean_D2","D2_late_increasing","0.352407577504147","common_increasing"
"C4orf48","clean_D2","D2_late_increasing","0.352417266073106","mixed_remodeling_branch_biased"
"HTRA1","clean_D2","D2_late_increasing","0.35251104889448","common_increasing"
"FLNC","clean_D2","D2_late_increasing","0.352878205192181","common_increasing"
"MXRA7","clean_D2","D2_late_increasing","0.35296968913865","common_increasing"
"CLEC11A","clean_D2","D2_late_increasing","0.353107496192035","common_increasing"
"IFT20","clean_D2","D2_late_increasing","0.353344386027386","mixed_remodeling_branch_biased"
"ROR2","clean_D2","D2_late_increasing","0.354625815345602","common_increasing"
"NME1-NME2","clean_D2","D2_late_increasing","0.354630313446483","mixed_remodeling_branch_biased"
"TNFAIP6","clean_D2","D2_late_increasing","0.354656082726791","mixed_remodeling_branch_biased"
"RP11-14N7.2","clean_D2","D2_late_increasing","0.354768792416124","common_increasing"
"S100A9","clean_D2","D2_late_increasing","0.35565256655538","common_increasing"
"SNX8","clean_D2","D2_late_increasing","0.355717176711231","common_increasing"
"ECM1","clean_D2","D2_late_increasing","0.356745336783434","common_increasing"
"GPX7","clean_D2","D2_late_increasing","0.357950241925809","mixed_remodeling_branch_biased"
"HIC1","clean_D2","D2_late_increasing","0.358160805751752","common_increasing"
"EPHB2","clean_D2","D2_late_increasing","0.358887408227509","common_increasing"
"GLIPR2","clean_D2","D2_late_increasing","0.35938023678996","common_increasing"
"EVL","clean_D2","D2_late_increasing","0.359944387103756","common_increasing"
"PRAF2","clean_D2","D2_late_increasing","0.361289708540958","mixed_remodeling_branch_biased"
"TMEM214","clean_D2","D2_late_increasing","0.361515378293863","common_increasing"
"CYB561","clean_D2","D2_late_increasing","0.362080740966508","common_increasing"
"MAGED1","clean_D2","D2_late_increasing","0.362266394045889","common_increasing"
"HM13","clean_D2","D2_late_increasing","0.362292978597348","common_increasing"
"FNDC1","clean_D2","D2_late_increasing","0.362873537001184","common_increasing"
"C11orf24","clean_D2","D2_late_increasing","0.363075935764534","common_increasing"
"HTRA3","clean_D2","D2_late_increasing","0.363082524026164","common_increasing"
"NT5DC2","clean_D2","D2_late_increasing","0.36428080001574","common_increasing"
"PLAU","clean_D2","D2_late_increasing","0.365541313786297","common_increasing"
"NAGK","clean_D2","D2_late_increasing","0.366084349683168","common_increasing"
"SPATS2L","clean_D2","D2_late_increasing","0.366248464262057","common_increasing"
"FKBP9","clean_D2","D2_late_increasing","0.366429161799619","common_increasing"
"PLOD1","clean_D2","D2_late_increasing","0.366821890006888","common_increasing"
"SEMA6B","clean_D2","D2_late_increasing","0.368068640113791","common_increasing"
"TXNDC5","clean_D2","D2_late_increasing","0.368102294623265","common_increasing"
"P4HB","clean_D2","D2_late_increasing","0.368239904375066","common_increasing"
"CUEDC1","clean_D2","D2_late_increasing","0.368572447434894","common_increasing"
"SLC38A10","clean_D2","D2_late_increasing","0.368725926628773","common_increasing"
"POLD4","clean_D2","D2_late_increasing","0.369169790032523","common_increasing"
"CISD1","clean_D2","D2_late_increasing","0.36940505487056","common_increasing"
"TTYH3","clean_D2","D2_late_increasing","0.369748485599445","common_increasing"
"DAB2","clean_D2","D2_late_increasing","0.36975870707988","common_increasing"
"OLFML3","clean_D2","D2_late_increasing","0.370227316576453","common_increasing"
"HDLBP","clean_D2","D2_late_increasing","0.370913779194278","common_increasing"
"KDELR2","clean_D2","D2_late_increasing","0.371182307567453","common_increasing"
"PLIN3","clean_D2","D2_late_increasing","0.372040848537541","common_increasing"
"METRN","clean_D2","D2_late_increasing","0.372502698199752","mixed_remodeling_branch_biased"
"IFI27","clean_D2","D2_late_increasing","0.372507313172402","common_increasing"
"BACE2","clean_D2","D2_late_increasing","0.372731352369236","common_increasing"
"ANGPTL2","clean_D2","D2_late_increasing","0.372735356658295","common_increasing"
"TMED3","clean_D2","D2_late_increasing","0.372912595302469","common_increasing"
"TGFBI","clean_D2","D2_late_increasing","0.372989483848214","common_increasing"
"ABI3BP","clean_D2","D2_late_increasing","0.373448959356501","common_increasing"
"SORCS2","clean_D2","D2_late_increasing","0.374482421142676","common_increasing"
"TPM1","clean_D2","D2_late_increasing","0.374739107494874","common_increasing"
"HMCN2","clean_D2","D2_late_increasing","0.37542355343137","common_increasing"
"MYOF","clean_D2","D2_late_increasing","0.375725667129707","common_increasing"
"AP2S1","clean_D2","D2_late_increasing","0.376842633001279","mixed_remodeling_branch_biased"
"PDGFRL","clean_D2","D2_late_increasing","0.377098852803871","common_increasing"
"SEC13","clean_D2","D2_late_increasing","0.377205165444762","common_increasing"
"RUNX1","clean_D2","D2_late_increasing","0.377934575629949","common_increasing"
"PLXDC2","clean_D2","D2_late_increasing","0.378387520930443","common_increasing"
"LRP1","clean_D2","D2_late_increasing","0.378880731199055","common_increasing"
"BGN","clean_D2","D2_late_increasing","0.378910035093399","mixed_remodeling_branch_biased"
"ADAMTS14","clean_D2","D2_late_increasing","0.378949314696326","common_increasing"
"FKBP14","clean_D2","D2_late_increasing","0.379479391543174","common_increasing"
"ATOX1","clean_D2","D2_late_increasing","0.380099620497032","common_increasing"
"NME4","clean_D2","D2_late_increasing","0.38120719482983","common_increasing"
"ISOC2","clean_D2","D2_late_increasing","0.381490792481384","mixed_remodeling_branch_biased"
"CD151","clean_D2","D2_late_increasing","0.382060754618347","common_increasing"
"CTSB","clean_D2","D2_late_increasing","0.382071060034197","common_increasing"
"MVP","clean_D2","D2_late_increasing","0.382288563374034","common_increasing"
"MAP4K4","clean_D2","D2_late_increasing","0.382433516336101","common_increasing"
"C1R","clean_D2","D2_late_increasing","0.382605861147609","common_increasing"
"FAM20C","clean_D2","D2_late_increasing","0.382852315647724","common_increasing"
"GPX8","clean_D2","D2_late_increasing","0.383232033875736","common_increasing"
"OST4","clean_D2","D2_late_increasing","0.384765385221389","mixed_remodeling_branch_biased"
"RCN1","clean_D2","D2_late_increasing","0.384968624597394","common_increasing"
"INAFM1","clean_D2","D2_late_increasing","0.384985611462561","common_increasing"
"PRDX4","clean_D2","D2_late_increasing","0.385431769018368","common_increasing"
"AC005943.2","clean_D2","D2_late_increasing","0.385728927882114","mixed_remodeling_branch_biased"
"S100A8","clean_D2","D2_late_increasing","0.386542128117021","common_increasing"
"FBLN1","clean_D2","D2_late_increasing","0.387214222625333","common_increasing"
"TMEM119","clean_D2","D2_late_increasing","0.387493476608443","common_increasing"
"MIR99AHG","clean_D2","D2_late_increasing","0.388427561153198","common_increasing"
"EHD2","clean_D2","D2_late_increasing","0.391170085318382","common_increasing"
"LRRC32","clean_D2","D2_late_increasing","0.391307618683842","common_increasing"
"ISG15","clean_D2","D2_late_increasing","0.392636219351194","common_increasing"
"CADM1","clean_D2","D2_late_increasing","0.392799383552194","common_increasing"
"FAM114A1","clean_D2","D2_late_increasing","0.393334430838918","common_increasing"
"PDXK","clean_D2","D2_late_increasing","0.393988615902263","common_increasing"
"CTSK","clean_D2","D2_late_increasing","0.394743092657161","common_increasing"
"PHPT1","clean_D2","D2_late_increasing","0.397469187671025","common_increasing"
"KDELR3","clean_D2","D2_late_increasing","0.397529850763288","common_increasing"
"SSC5D","clean_D2","D2_late_increasing","0.397865827598044","common_increasing"
"ARHGAP1","clean_D2","D2_late_increasing","0.399059614878967","common_increasing"
"HEG1","clean_D2","D2_late_increasing","0.399866186893844","common_increasing"
"TNFRSF12A","clean_D2","D2_late_increasing","0.400623642895375","common_increasing"
"DPT","clean_D2","D2_late_increasing","0.400947351685895","common_increasing"
"ITGA11","clean_D2","D2_late_increasing","0.402107687783412","common_increasing"
"PIEZO2","clean_D2","D2_late_increasing","0.403648390742541","common_increasing"
"B4GALT2","clean_D2","D2_late_increasing","0.404415773847924","common_increasing"
"TYMP","clean_D2","D2_late_increasing","0.404505521678785","common_increasing"
"CD74","clean_D2","D2_late_increasing","0.407741166231473","common_increasing"
"HLA-DRA","clean_D2","D2_late_increasing","0.408371007533396","common_increasing"
"EFEMP2","clean_D2","D2_late_increasing","0.408945554297083","common_increasing"
"PALLD","clean_D2","D2_late_increasing","0.411420774242056","common_increasing"
"CST3","clean_D2","D2_late_increasing","0.412605989328256","common_increasing"
"C1orf122","clean_D2","D2_late_increasing","0.412806615658874","common_increasing"
"GAS6","clean_D2","D2_late_increasing","0.413049408004116","common_increasing"
"ZMAT3","clean_D2","D2_late_increasing","0.41327592495243","common_increasing"
"LIMA1","clean_D2","D2_late_increasing","0.413299324916869","common_increasing"
"PDLIM7","clean_D2","D2_late_increasing","0.413701179856332","common_increasing"
"PDLIM2","clean_D2","D2_late_increasing","0.413712725315241","common_increasing"
"MYDGF","clean_D2","D2_late_increasing","0.414110054588047","common_increasing"
"CILP2","clean_D2","D2_late_increasing","0.414630736293915","common_increasing"
"GUCY1A3","clean_D2","D2_late_increasing","0.41577382658838","common_increasing"
"BNC2","clean_D2","D2_late_increasing","0.417653584894069","common_increasing"
"COL18A1","clean_D2","D2_late_increasing","0.418209862987531","common_increasing"
"LGALS3BP","clean_D2","D2_late_increasing","0.419291226178689","common_increasing"
"TMSB10","clean_D2","D2_late_increasing","0.420355913528934","common_increasing"
"S100A11","clean_D2","D2_late_increasing","0.421454715874727","common_increasing"
"C1QTNF5","clean_D2","D2_late_increasing","0.421489798247992","common_increasing"
"FSTL1","clean_D2","D2_late_increasing","0.423019719044888","common_increasing"
"OGN","clean_D2","D2_late_increasing","0.423518649153053","common_increasing"
"THBS4","clean_D2","D2_late_increasing","0.42398469242196","common_increasing"
"GOLM1","clean_D2","D2_late_increasing","0.42591038343713","common_increasing"
"P3H3","clean_D2","D2_late_increasing","0.426623424448005","common_increasing"
"HCFC1R1","clean_D2","D2_late_increasing","0.427379805576498","common_increasing"
"ARPC1B","clean_D2","D2_late_increasing","0.428626638665247","common_increasing"
"FKBP11","clean_D2","D2_late_increasing","0.430731618093456","common_increasing"
"CCDC80","clean_D2","D2_late_increasing","0.434036995466818","common_increasing"
"AK1","clean_D2","D2_late_increasing","0.43408722408751","common_increasing"
"C1QTNF6","clean_D2","D2_late_increasing","0.434205988527976","common_increasing"
"PODN","clean_D2","D2_late_increasing","0.434390008078172","common_increasing"
"ACTA2","clean_D2","D2_late_increasing","0.436814346827136","common_increasing"
"CKAP4","clean_D2","D2_late_increasing","0.437558927028088","common_increasing"
"SULF1","clean_D2","D2_late_increasing","0.438552121898307","common_increasing"
"ZNF469","clean_D2","D2_late_increasing","0.441192703142919","common_increasing"
"P3H1","clean_D2","D2_late_increasing","0.442568707669711","common_increasing"
"MIR4435-2HG","clean_D2","D2_late_increasing","0.443180507598268","common_increasing"
"FAP","clean_D2","D2_late_increasing","0.444671934332123","common_increasing"
"TSHZ2","clean_D2","D2_late_increasing","0.445193912988449","common_increasing"
"COL11A1","clean_D2","D2_late_increasing","0.446171856370657","common_increasing"
"VKORC1","clean_D2","D2_late_increasing","0.446591180612023","common_increasing"
"SMOC2","clean_D2","D2_late_increasing","0.446824562990523","common_increasing"
"CHPF","clean_D2","D2_late_increasing","0.449325469311865","common_increasing"
"NBL1","clean_D2","D2_late_increasing","0.449712757691652","common_increasing"
"COL12A1","clean_D2","D2_late_increasing","0.449901756186301","common_increasing"
"FKBP10","clean_D2","D2_late_increasing","0.453985332006537","common_increasing"
"SULF2","clean_D2","D2_late_increasing","0.455264241561071","common_increasing"
"COL16A1","clean_D2","D2_late_increasing","0.455597682482696","common_increasing"
"MMP2","clean_D2","D2_late_increasing","0.455695918873066","common_increasing"
"SERF2","clean_D2","D2_late_increasing","0.459699145223833","common_increasing"
"MXRA5","clean_D2","D2_late_increasing","0.459842173227087","common_increasing"
"P4HA2","clean_D2","D2_late_increasing","0.460238891410099","common_increasing"
"NREP","clean_D2","D2_late_increasing","0.464345339929884","common_increasing"
"PYCR1","clean_D2","D2_late_increasing","0.46593192511049","common_increasing"
"EMILIN1","clean_D2","D2_late_increasing","0.467688345275899","common_increasing"
"MYL9","clean_D2","D2_late_increasing","0.469896475322887","common_increasing"
"RARRES2","clean_D2","D2_late_increasing","0.470350933129967","common_increasing"
"LINC00152","clean_D2","D2_late_increasing","0.470824382085805","common_increasing"
"P3H4","clean_D2","D2_late_increasing","0.472229272906399","common_increasing"
"PPIB","clean_D2","D2_late_increasing","0.4752214342075","common_increasing"
"VCAN","clean_D2","D2_late_increasing","0.482482106793678","common_increasing"
"CPXM1","clean_D2","D2_late_increasing","0.484195614883914","common_increasing"
"IGFBP4","clean_D2","D2_late_increasing","0.484266829462123","common_increasing"
"ARMC9","clean_D2","D2_late_increasing","0.484354611569181","common_increasing"
"SERPINF1","clean_D2","D2_late_increasing","0.484489532854308","common_increasing"
"COPZ2","clean_D2","D2_late_increasing","0.4856440504596","common_increasing"
"PPIC","clean_D2","D2_late_increasing","0.487683275360519","common_increasing"
"FOXP1","clean_D2","D2_late_increasing","0.487989648768246","common_increasing"
"OLFML2B","clean_D2","D2_late_increasing","0.490248132905478","common_increasing"
"LRRC15","clean_D2","D2_late_increasing","0.49081923286859","common_increasing"
"ASPN","clean_D2","D2_late_increasing","0.492847398280334","common_increasing"
"COL5A3","clean_D2","D2_late_increasing","0.495443427605926","common_increasing"
"SFRP4","clean_D2","D2_late_increasing","0.50104274565006","common_increasing"
"SEPT11","clean_D2","D2_late_increasing","0.502030422194354","common_increasing"
"BASP1","clean_D2","D2_late_increasing","0.503226699546589","common_increasing"
"NNMT","clean_D2","D2_late_increasing","0.506370129079286","common_increasing"
"MARCKS","clean_D2","D2_late_increasing","0.50686424337611","common_increasing"
"HSPG2","clean_D2","D2_late_increasing","0.507760629828775","common_increasing"
"TIMP1","clean_D2","D2_late_increasing","0.509438893993557","common_increasing"
"ARL4C","clean_D2","D2_late_increasing","0.521947688265525","common_increasing"
"AEBP1","clean_D2","D2_late_increasing","0.522750418915746","common_increasing"
"WISP2","clean_D2","D2_late_increasing","0.524554173949189","common_increasing"
"TAGLN","clean_D2","D2_late_increasing","0.527603077578396","common_increasing"
"BMP1","clean_D2","D2_late_increasing","0.527997520321046","common_increasing"
"COL8A1","clean_D2","D2_late_increasing","0.528205499173444","common_increasing"
"THBS2","clean_D2","D2_late_increasing","0.533760419623028","common_increasing"
"FBN1","clean_D2","D2_late_increasing","0.537569813553475","common_increasing"
"MRC2","clean_D2","D2_late_increasing","0.539388717801095","common_increasing"
"COL6A1","clean_D2","D2_late_increasing","0.540062960957089","common_increasing"
"CTHRC1","clean_D2","D2_late_increasing","0.543646436411873","common_increasing"
"PCOLCE","clean_D2","D2_late_increasing","0.547420452614606","common_increasing"
"COL14A1","clean_D2","D2_late_increasing","0.555193333895029","common_increasing"
"ADAMTS2","clean_D2","D2_late_increasing","0.557547065315705","common_increasing"
"COMP","clean_D2","D2_late_increasing","0.560940477502601","common_increasing"
"IGFBP7","clean_D2","D2_late_increasing","0.563563628181433","common_increasing"
"COL6A3","clean_D2","D2_late_increasing","0.566767195591085","common_increasing"
"RCN3","clean_D2","D2_late_increasing","0.573932951497357","common_increasing"
"POSTN","clean_D2","D2_late_increasing","0.577638083585575","common_increasing"
"ADAM12","clean_D2","D2_late_increasing","0.584476317966083","common_increasing"
"COL6A2","clean_D2","D2_late_increasing","0.585110351365519","common_increasing"
"MDK","clean_D2","D2_late_increasing","0.585896597409465","common_increasing"
"CREB3L1","clean_D2","D2_late_increasing","0.591327359873276","common_increasing"
"CERCAM","clean_D2","D2_late_increasing","0.591483523344817","common_increasing"
"GXYLT2","clean_D2","D2_late_increasing","0.592655038860584","common_increasing"
"SERPINH1","clean_D2","D2_late_increasing","0.596047754702269","common_increasing"
"THY1","clean_D2","D2_late_increasing","0.601476245182023","common_increasing"
"FN1","clean_D2","D2_late_increasing","0.602426163623404","common_increasing"
"SFRP2","clean_D2","D2_late_increasing","0.638255220221948","common_increasing"
"COL5A2","clean_D2","D2_late_increasing","0.671044271418799","common_increasing"
"COL3A1","clean_D2","D2_late_increasing","0.689892955522364","common_increasing"
"COL5A1","clean_D2","D2_late_increasing","0.697339928594652","common_increasing"
"COL1A2","clean_D2","D2_late_increasing","0.704660661143761","common_increasing"
"SPARC","clean_D2","D2_late_increasing","0.70699931541262","common_increasing"
"COL1A1","clean_D2","D2_late_increasing","0.735833368916728","common_increasing"
