"gene","dynamic_module","clean_module","expected_sign","retained_n","retained_fraction","retained_all_6","retained_at_least_5","retained_majority"
"LAMC3","D1_early_decreasing","clean_D1",-1,6,1,TRUE,TRUE,TRUE
"SEMA3G","D1_early_decreasing","clean_D1",-1,6,1,TRUE,TRUE,TRUE
"IGFBP3","D1_early_decreasing","clean_D1",-1,5,0.833333333333333,FALSE,TRUE,TRUE
"ALX4","D1_early_decreasing","clean_D1",-1,5,0.833333333333333,FALSE,TRUE,TRUE
"COL23A1","D1_early_decreasing","clean_D1",-1,6,1,TRUE,TRUE,TRUE
"TFAP2A","D1_early_decreasing","clean_D1",-1,5,0.833333333333333,FALSE,TRUE,TRUE
"TCF4","D1_early_decreasing","clean_D1",-1,5,0.833333333333333,FALSE,TRUE,TRUE
"BMP7","D1_early_decreasing","clean_D1",-1,5,0.833333333333333,FALSE,TRUE,TRUE
"BMP4","D1_early_decreasing","clean_D1",-1,6,1,TRUE,TRUE,TRUE
"SLC5A3","D1_early_decreasing","clean_D1",-1,5,0.833333333333333,FALSE,TRUE,TRUE
"GADD45G","D1_early_decreasing","clean_D1",-1,5,0.833333333333333,FALSE,TRUE,TRUE
"SERPINE2","D1_early_decreasing","clean_D1",-1,5,0.833333333333333,FALSE,TRUE,TRUE
"INHBB","D1_early_decreasing","clean_D1",-1,6,1,TRUE,TRUE,TRUE
"PRLR","D1_early_decreasing","clean_D1",-1,5,0.833333333333333,FALSE,TRUE,TRUE
"TRPS1","D1_early_decreasing","clean_D1",-1,5,0.833333333333333,FALSE,TRUE,TRUE
"TIMP3","D1_early_decreasing","clean_D1",-1,5,0.833333333333333,FALSE,TRUE,TRUE
"PRDM1","D1_early_decreasing","clean_D1",-1,5,0.833333333333333,FALSE,TRUE,TRUE
"PTCH1","D1_early_decreasing","clean_D1",-1,5,0.833333333333333,FALSE,TRUE,TRUE
"APCDD1","D1_early_decreasing","clean_D1",-1,5,0.833333333333333,FALSE,TRUE,TRUE
"DAAM2","D1_early_decreasing","clean_D1",-1,5,0.833333333333333,FALSE,TRUE,TRUE
"INHBA","D1_early_decreasing","clean_D1",-1,5,0.833333333333333,FALSE,TRUE,TRUE
"BCL2","D1_early_decreasing","clean_D1",-1,5,0.833333333333333,FALSE,TRUE,TRUE
"CENPW","D1_early_decreasing","clean_D1",-1,5,0.833333333333333,FALSE,TRUE,TRUE
"CEBPA","D1_early_decreasing","clean_D1",-1,5,0.833333333333333,FALSE,TRUE,TRUE
"IGFBP2","D1_early_decreasing","clean_D1",-1,5,0.833333333333333,FALSE,TRUE,TRUE
"MRPS6","D1_early_decreasing","none",-1,5,0.833333333333333,FALSE,TRUE,TRUE
"CRABP1","D1_early_decreasing","clean_D1",-1,5,0.833333333333333,FALSE,TRUE,TRUE
"ROBO2","D1_early_decreasing","clean_D1",-1,4,0.666666666666667,FALSE,FALSE,TRUE
"DKK2","D1_early_decreasing","clean_D1",-1,5,0.833333333333333,FALSE,TRUE,TRUE
"PHLDA1","D1_early_decreasing","clean_D1",-1,5,0.833333333333333,FALSE,TRUE,TRUE
"DIO2","D1_early_decreasing","clean_D1",-1,5,0.833333333333333,FALSE,TRUE,TRUE
"MYLIP","D1_early_decreasing","clean_D1",-1,5,0.833333333333333,FALSE,TRUE,TRUE
"LUZP2","D1_early_decreasing","clean_D1",-1,5,0.833333333333333,FALSE,TRUE,TRUE
"ZDHHC14","D1_early_decreasing","clean_D1",-1,4,0.666666666666667,FALSE,FALSE,TRUE
"PGM2L1","D1_early_decreasing","clean_D1",-1,5,0.833333333333333,FALSE,TRUE,TRUE
"PREX2","D1_early_decreasing","clean_D1",-1,4,0.666666666666667,FALSE,FALSE,TRUE
"TNN","D1_early_decreasing","clean_D1",-1,5,0.833333333333333,FALSE,TRUE,TRUE
"F2R","D1_early_decreasing","clean_D1",-1,5,0.833333333333333,FALSE,TRUE,TRUE
"PLEKHH2","D1_early_decreasing","clean_D1",-1,4,0.666666666666667,FALSE,FALSE,TRUE
"HIST1H2BD","D1_early_decreasing","none",-1,5,0.833333333333333,FALSE,TRUE,TRUE
"TWIST1","D1_early_decreasing","clean_D1",-1,4,0.666666666666667,FALSE,FALSE,TRUE
"HIST2H2BE","D1_early_decreasing","none",-1,4,0.666666666666667,FALSE,FALSE,TRUE
"ITGA8","D1_early_decreasing","clean_D1",-1,4,0.666666666666667,FALSE,FALSE,TRUE
"CPE","D1_early_decreasing","clean_D1",-1,5,0.833333333333333,FALSE,TRUE,TRUE
"SOX18","D1_early_decreasing","clean_D1",-1,4,0.666666666666667,FALSE,FALSE,TRUE
"PTMA","D2_late_increasing","none",1,0,0,FALSE,FALSE,FALSE
"RPL35A","D2_late_increasing","none",1,0,0,FALSE,FALSE,FALSE
"RPL34","D2_late_increasing","none",1,0,0,FALSE,FALSE,FALSE
"SLC35F1","D2_late_increasing","none",1,0,0,FALSE,FALSE,FALSE
"H3F3B","D2_late_increasing","none",1,0,0,FALSE,FALSE,FALSE
"RPL13","D2_late_increasing","none",1,0,0,FALSE,FALSE,FALSE
"RPL11","D2_late_increasing","none",1,0,0,FALSE,FALSE,FALSE
"RPS27A","D2_late_increasing","none",1,0,0,FALSE,FALSE,FALSE
"RPS13","D2_late_increasing","none",1,0,0,FALSE,FALSE,FALSE
"RPL26","D2_late_increasing","none",1,0,0,FALSE,FALSE,FALSE
"RPL37A","D2_late_increasing","none",1,0,0,FALSE,FALSE,FALSE
"RPL5","D2_late_increasing","none",1,0,0,FALSE,FALSE,FALSE
"RPL13A","D2_late_increasing","none",1,0,0,FALSE,FALSE,FALSE
"FAU","D2_late_increasing","none",1,0,0,FALSE,FALSE,FALSE
"RPL19","D2_late_increasing","none",1,0,0,FALSE,FALSE,FALSE
"RPL6","D2_late_increasing","none",1,0,0,FALSE,FALSE,FALSE
"RPS14","D2_late_increasing","none",1,0,0,FALSE,FALSE,FALSE
"RPL4","D2_late_increasing","none",1,0,0,FALSE,FALSE,FALSE
"RPL30","D2_late_increasing","none",1,0,0,FALSE,FALSE,FALSE
"RPS27","D2_late_increasing","none",1,0,0,FALSE,FALSE,FALSE
"RPL24","D2_late_increasing","none",1,0,0,FALSE,FALSE,FALSE
"GNB2L1","D2_late_increasing","none",1,0,0,FALSE,FALSE,FALSE
"RPL12","D2_late_increasing","none",1,0,0,FALSE,FALSE,FALSE
"RPS23","D2_late_increasing","none",1,0,0,FALSE,FALSE,FALSE
"RPL38","D2_late_increasing","none",1,0,0,FALSE,FALSE,FALSE
"RPS9","D2_late_increasing","none",1,0,0,FALSE,FALSE,FALSE
"RPL37","D2_late_increasing","none",1,0,0,FALSE,FALSE,FALSE
"RPL3","D2_late_increasing","none",1,0,0,FALSE,FALSE,FALSE
"RPS6","D2_late_increasing","none",1,0,0,FALSE,FALSE,FALSE
"RPL18","D2_late_increasing","none",1,0,0,FALSE,FALSE,FALSE
"RPL9","D2_late_increasing","none",1,0,0,FALSE,FALSE,FALSE
"RPS21","D2_late_increasing","none",1,0,0,FALSE,FALSE,FALSE
"EEF1A1","D2_late_increasing","none",1,0,0,FALSE,FALSE,FALSE
"RPL32","D2_late_increasing","none",1,0,0,FALSE,FALSE,FALSE
"RPS4X","D2_late_increasing","none",1,0,0,FALSE,FALSE,FALSE
"RPL23","D2_late_increasing","none",1,0,0,FALSE,FALSE,FALSE
"RPL14","D2_late_increasing","none",1,0,0,FALSE,FALSE,FALSE
"RPS3A","D2_late_increasing","none",1,0,0,FALSE,FALSE,FALSE
"RPL21","D2_late_increasing","none",1,0,0,FALSE,FALSE,FALSE
"RPL7","D2_late_increasing","none",1,0,0,FALSE,FALSE,FALSE
"RPL22","D2_late_increasing","none",1,0,0,FALSE,FALSE,FALSE
"RPS8","D2_late_increasing","none",1,0,0,FALSE,FALSE,FALSE
"HSP90AB1","D2_late_increasing","none",1,0,0,FALSE,FALSE,FALSE
"VIM","D2_late_increasing","none",1,0,0,FALSE,FALSE,FALSE
"RPS16","D2_late_increasing","none",1,0,0,FALSE,FALSE,FALSE
"NACA","D2_late_increasing","none",1,0,0,FALSE,FALSE,FALSE
"RPS20","D2_late_increasing","none",1,0,0,FALSE,FALSE,FALSE
"GLTSCR2","D2_late_increasing","none",1,0,0,FALSE,FALSE,FALSE
"RPL36A","D2_late_increasing","none",1,0,0,FALSE,FALSE,FALSE
"RPS3","D2_late_increasing","none",1,0,0,FALSE,FALSE,FALSE
"JUNB","D2_late_increasing","none",1,0,0,FALSE,FALSE,FALSE
"RPL23A","D2_late_increasing","none",1,0,0,FALSE,FALSE,FALSE
"RPS5","D2_late_increasing","none",1,0,0,FALSE,FALSE,FALSE
"BTF3","D2_late_increasing","none",1,0,0,FALSE,FALSE,FALSE
"RPS17","D2_late_increasing","none",1,0,0,FALSE,FALSE,FALSE
"RPL17-C18orf32","D2_late_increasing","none",1,0,0,FALSE,FALSE,FALSE
"RPL10A","D2_late_increasing","none",1,0,0,FALSE,FALSE,FALSE
"HNRNPA1","D2_late_increasing","none",1,0,0,FALSE,FALSE,FALSE
"RPS25","D2_late_increasing","none",1,0,0,FALSE,FALSE,FALSE
"LMO4","D2_late_increasing","none",1,0,0,FALSE,FALSE,FALSE
"PFDN5","D2_late_increasing","none",1,0,0,FALSE,FALSE,FALSE
"CIRBP","D2_late_increasing","none",1,0,0,FALSE,FALSE,FALSE
"RPS15","D2_late_increasing","none",1,0,0,FALSE,FALSE,FALSE
"RPL31","D2_late_increasing","none",1,0,0,FALSE,FALSE,FALSE
"RPS7","D2_late_increasing","none",1,0,0,FALSE,FALSE,FALSE
"ADIRF","D2_late_increasing","none",1,0,0,FALSE,FALSE,FALSE
"RPS10","D2_late_increasing","none",1,0,0,FALSE,FALSE,FALSE
"NUCKS1","D2_late_increasing","none",1,0,0,FALSE,FALSE,FALSE
"RPS15A","D2_late_increasing","none",1,0,0,FALSE,FALSE,FALSE
"FGFR1","D2_late_increasing","none",1,0,0,FALSE,FALSE,FALSE
"CD81","D2_late_increasing","none",1,0,0,FALSE,FALSE,FALSE
"EIF1","D2_late_increasing","none",1,0,0,FALSE,FALSE,FALSE
"ZFP36L2","D2_late_increasing","none",1,0,0,FALSE,FALSE,FALSE
"RPS24","D2_late_increasing","none",1,0,0,FALSE,FALSE,FALSE
"RPL7A","D2_late_increasing","none",1,0,0,FALSE,FALSE,FALSE
"RPS18","D2_late_increasing","none",1,0,0,FALSE,FALSE,FALSE
"HMGB1","D2_late_increasing","none",1,0,0,FALSE,FALSE,FALSE
"HIST1H4C","D2_late_increasing","none",1,0,0,FALSE,FALSE,FALSE
"RPL35","D2_late_increasing","none",1,0,0,FALSE,FALSE,FALSE
"SNHG8","D2_late_increasing","none",1,0,0,FALSE,FALSE,FALSE
"RPS2","D2_late_increasing","none",1,0,0,FALSE,FALSE,FALSE
"TMEM258","D2_late_increasing","clean_D2",1,3,0.5,FALSE,FALSE,FALSE
"POLDIP2","D2_late_increasing","clean_D2",1,3,0.5,FALSE,FALSE,FALSE
"PLXNA3","D2_late_increasing","clean_D2",1,3,0.5,FALSE,FALSE,FALSE
"MRPS12","D2_late_increasing","none",1,4,0.666666666666667,FALSE,FALSE,TRUE
"RAB24","D2_late_increasing","clean_D2",1,3,0.5,FALSE,FALSE,FALSE
"MARVELD1","D2_late_increasing","clean_D2",1,2,0.333333333333333,FALSE,FALSE,FALSE
"CMKLR1","D2_late_increasing","clean_D2",1,5,0.833333333333333,FALSE,TRUE,TRUE
"PTPMT1","D2_late_increasing","clean_D2",1,4,0.666666666666667,FALSE,FALSE,TRUE
"RNF11","D2_late_increasing","clean_D2",1,3,0.5,FALSE,FALSE,FALSE
"C6orf1","D2_late_increasing","clean_D2",1,3,0.5,FALSE,FALSE,FALSE
"SSNA1","D2_late_increasing","clean_D2",1,3,0.5,FALSE,FALSE,FALSE
"PSMC4","D2_late_increasing","clean_D2",1,4,0.666666666666667,FALSE,FALSE,TRUE
"NPC2","D2_late_increasing","clean_D2",1,5,0.833333333333333,FALSE,TRUE,TRUE
"SAT2","D2_late_increasing","clean_D2",1,4,0.666666666666667,FALSE,FALSE,TRUE
"NDUFB11","D2_late_increasing","clean_D2",1,4,0.666666666666667,FALSE,FALSE,TRUE
"DCHS1","D2_late_increasing","clean_D2",1,5,0.833333333333333,FALSE,TRUE,TRUE
"HAS2","D2_late_increasing","clean_D2",1,5,0.833333333333333,FALSE,TRUE,TRUE
"NDUFA4","D2_late_increasing","clean_D2",1,4,0.666666666666667,FALSE,FALSE,TRUE
"ACTN1","D2_late_increasing","clean_D2",1,5,0.833333333333333,FALSE,TRUE,TRUE
"RAB1B","D2_late_increasing","clean_D2",1,4,0.666666666666667,FALSE,FALSE,TRUE
"HIGD2A","D2_late_increasing","clean_D2",1,4,0.666666666666667,FALSE,FALSE,TRUE
"TMEM160","D2_late_increasing","clean_D2",1,4,0.666666666666667,FALSE,FALSE,TRUE
"ILVBL","D2_late_increasing","clean_D2",1,4,0.666666666666667,FALSE,FALSE,TRUE
"TMEM9","D2_late_increasing","clean_D2",1,5,0.833333333333333,FALSE,TRUE,TRUE
"PMP22","D2_late_increasing","clean_D2",1,4,0.666666666666667,FALSE,FALSE,TRUE
"RIC8A","D2_late_increasing","clean_D2",1,3,0.5,FALSE,FALSE,FALSE
"COX7B","D2_late_increasing","clean_D2",1,4,0.666666666666667,FALSE,FALSE,TRUE
"YIPF3","D2_late_increasing","clean_D2",1,4,0.666666666666667,FALSE,FALSE,TRUE
"TEN1","D2_late_increasing","clean_D2",1,4,0.666666666666667,FALSE,FALSE,TRUE
"MRPS24","D2_late_increasing","none",1,4,0.666666666666667,FALSE,FALSE,TRUE
"FASTK","D2_late_increasing","clean_D2",1,4,0.666666666666667,FALSE,FALSE,TRUE
"FAM162A","D2_late_increasing","clean_D2",1,4,0.666666666666667,FALSE,FALSE,TRUE
"TSR3","D2_late_increasing","clean_D2",1,4,0.666666666666667,FALSE,FALSE,TRUE
"PRELP","D2_late_increasing","clean_D2",1,5,0.833333333333333,FALSE,TRUE,TRUE
"GORASP2","D2_late_increasing","clean_D2",1,4,0.666666666666667,FALSE,FALSE,TRUE
"ECH1","D2_late_increasing","clean_D2",1,4,0.666666666666667,FALSE,FALSE,TRUE
"GSTO1","D2_late_increasing","clean_D2",1,4,0.666666666666667,FALSE,FALSE,TRUE
"PRMT2","D2_late_increasing","clean_D2",1,4,0.666666666666667,FALSE,FALSE,TRUE
"SUB1","D2_late_increasing","clean_D2",1,4,0.666666666666667,FALSE,FALSE,TRUE
"HLA-A","D2_late_increasing","clean_D2",1,5,0.833333333333333,FALSE,TRUE,TRUE
"ANXA2","D2_late_increasing","clean_D2",1,5,0.833333333333333,FALSE,TRUE,TRUE
"CREB3","D2_late_increasing","clean_D2",1,5,0.833333333333333,FALSE,TRUE,TRUE
"PLP2","D2_late_increasing","clean_D2",1,4,0.666666666666667,FALSE,FALSE,TRUE
"ALDOA","D2_late_increasing","clean_D2",1,3,0.5,FALSE,FALSE,FALSE
"CCDC92","D2_late_increasing","clean_D2",1,4,0.666666666666667,FALSE,FALSE,TRUE
"IFITM1","D2_late_increasing","clean_D2",1,4,0.666666666666667,FALSE,FALSE,TRUE
"SCAND1","D2_late_increasing","clean_D2",1,4,0.666666666666667,FALSE,FALSE,TRUE
"RPS19BP1","D2_late_increasing","none",1,5,0.833333333333333,FALSE,TRUE,TRUE
"CD68","D2_late_increasing","clean_D2",1,4,0.666666666666667,FALSE,FALSE,TRUE
"NKIRAS2","D2_late_increasing","clean_D2",1,4,0.666666666666667,FALSE,FALSE,TRUE
"NRP2","D2_late_increasing","clean_D2",1,5,0.833333333333333,FALSE,TRUE,TRUE
"PLXNA2","D2_late_increasing","clean_D2",1,5,0.833333333333333,FALSE,TRUE,TRUE
"C4orf3","D2_late_increasing","clean_D2",1,4,0.666666666666667,FALSE,FALSE,TRUE
"RBCK1","D2_late_increasing","clean_D2",1,4,0.666666666666667,FALSE,FALSE,TRUE
"PKM","D2_late_increasing","clean_D2",1,4,0.666666666666667,FALSE,FALSE,TRUE
"MAGOHB","D2_late_increasing","clean_D2",1,4,0.666666666666667,FALSE,FALSE,TRUE
"MAP2K2","D2_late_increasing","clean_D2",1,4,0.666666666666667,FALSE,FALSE,TRUE
"ORMDL3","D2_late_increasing","clean_D2",1,4,0.666666666666667,FALSE,FALSE,TRUE
"CDIPT","D2_late_increasing","clean_D2",1,4,0.666666666666667,FALSE,FALSE,TRUE
"AGPAT1","D2_late_increasing","clean_D2",1,4,0.666666666666667,FALSE,FALSE,TRUE
"CFL1","D2_late_increasing","clean_D2",1,4,0.666666666666667,FALSE,FALSE,TRUE
"PACS2","D2_late_increasing","clean_D2",1,4,0.666666666666667,FALSE,FALSE,TRUE
"GJA1","D2_late_increasing","clean_D2",1,5,0.833333333333333,FALSE,TRUE,TRUE
"KDELR1","D2_late_increasing","clean_D2",1,4,0.666666666666667,FALSE,FALSE,TRUE
"ZNF593","D2_late_increasing","clean_D2",1,4,0.666666666666667,FALSE,FALSE,TRUE
"CORO1C","D2_late_increasing","clean_D2",1,4,0.666666666666667,FALSE,FALSE,TRUE
"RTN4RL2","D2_late_increasing","clean_D2",1,4,0.666666666666667,FALSE,FALSE,TRUE
"PSME2","D2_late_increasing","clean_D2",1,4,0.666666666666667,FALSE,FALSE,TRUE
"AKR1B1","D2_late_increasing","clean_D2",1,4,0.666666666666667,FALSE,FALSE,TRUE
"CYSTM1","D2_late_increasing","clean_D2",1,5,0.833333333333333,FALSE,TRUE,TRUE
"SNX3","D2_late_increasing","clean_D2",1,4,0.666666666666667,FALSE,FALSE,TRUE
"BCL7C","D2_late_increasing","clean_D2",1,4,0.666666666666667,FALSE,FALSE,TRUE
"PODNL1","D2_late_increasing","clean_D2",1,4,0.666666666666667,FALSE,FALSE,TRUE
"GALNT15","D2_late_increasing","clean_D2",1,5,0.833333333333333,FALSE,TRUE,TRUE
"PPP1R14B","D2_late_increasing","clean_D2",1,4,0.666666666666667,FALSE,FALSE,TRUE
"HOXB7","D2_late_increasing","clean_D2",1,4,0.666666666666667,FALSE,FALSE,TRUE
"ADGRA2","D2_late_increasing","clean_D2",1,5,0.833333333333333,FALSE,TRUE,TRUE
"NUCB2","D2_late_increasing","clean_D2",1,5,0.833333333333333,FALSE,TRUE,TRUE
"ANXA5","D2_late_increasing","clean_D2",1,4,0.666666666666667,FALSE,FALSE,TRUE
"ATP5J2","D2_late_increasing","clean_D2",1,4,0.666666666666667,FALSE,FALSE,TRUE
"CAPNS1","D2_late_increasing","clean_D2",1,4,0.666666666666667,FALSE,FALSE,TRUE
"ATP5G3","D2_late_increasing","clean_D2",1,4,0.666666666666667,FALSE,FALSE,TRUE
"MBOAT7","D2_late_increasing","clean_D2",1,4,0.666666666666667,FALSE,FALSE,TRUE
"WDR45","D2_late_increasing","clean_D2",1,4,0.666666666666667,FALSE,FALSE,TRUE
"SLC35A4","D2_late_increasing","clean_D2",1,4,0.666666666666667,FALSE,FALSE,TRUE
"CSF1","D2_late_increasing","clean_D2",1,5,0.833333333333333,FALSE,TRUE,TRUE
"TES","D2_late_increasing","clean_D2",1,4,0.666666666666667,FALSE,FALSE,TRUE
"C11orf98","D2_late_increasing","clean_D2",1,4,0.666666666666667,FALSE,FALSE,TRUE
"MRPS11","D2_late_increasing","none",1,4,0.666666666666667,FALSE,FALSE,TRUE
"PDIA6","D2_late_increasing","clean_D2",1,5,0.833333333333333,FALSE,TRUE,TRUE
"NDUFS7","D2_late_increasing","clean_D2",1,4,0.666666666666667,FALSE,FALSE,TRUE
"CMBL","D2_late_increasing","clean_D2",1,5,0.833333333333333,FALSE,TRUE,TRUE
"POP7","D2_late_increasing","clean_D2",1,4,0.666666666666667,FALSE,FALSE,TRUE
"POLE4","D2_late_increasing","clean_D2",1,5,0.833333333333333,FALSE,TRUE,TRUE
"PREB","D2_late_increasing","clean_D2",1,4,0.666666666666667,FALSE,FALSE,TRUE
"MPC2","D2_late_increasing","clean_D2",1,4,0.666666666666667,FALSE,FALSE,TRUE
"MIEN1","D2_late_increasing","clean_D2",1,4,0.666666666666667,FALSE,FALSE,TRUE
"CA12","D2_late_increasing","clean_D2",1,4,0.666666666666667,FALSE,FALSE,TRUE
"PDGFD","D2_late_increasing","clean_D2",1,5,0.833333333333333,FALSE,TRUE,TRUE
"COX14","D2_late_increasing","clean_D2",1,4,0.666666666666667,FALSE,FALSE,TRUE
"MINOS1","D2_late_increasing","clean_D2",1,4,0.666666666666667,FALSE,FALSE,TRUE
"NTMT1","D2_late_increasing","clean_D2",1,4,0.666666666666667,FALSE,FALSE,TRUE
"MAPK6","D2_late_increasing","clean_D2",1,5,0.833333333333333,FALSE,TRUE,TRUE
"FAM20A","D2_late_increasing","clean_D2",1,5,0.833333333333333,FALSE,TRUE,TRUE
"GAPDH","D2_late_increasing","clean_D2",1,5,0.833333333333333,FALSE,TRUE,TRUE
"GADD45GIP1","D2_late_increasing","clean_D2",1,4,0.666666666666667,FALSE,FALSE,TRUE
"FIS1","D2_late_increasing","clean_D2",1,5,0.833333333333333,FALSE,TRUE,TRUE
"ASNA1","D2_late_increasing","clean_D2",1,5,0.833333333333333,FALSE,TRUE,TRUE
"MAPKAPK2","D2_late_increasing","clean_D2",1,4,0.666666666666667,FALSE,FALSE,TRUE
"PCNXL3","D2_late_increasing","clean_D2",1,4,0.666666666666667,FALSE,FALSE,TRUE
"KLF7","D2_late_increasing","clean_D2",1,5,0.833333333333333,FALSE,TRUE,TRUE
"MEA1","D2_late_increasing","clean_D2",1,4,0.666666666666667,FALSE,FALSE,TRUE
"TMEM98","D2_late_increasing","clean_D2",1,4,0.666666666666667,FALSE,FALSE,TRUE
"DCTN1","D2_late_increasing","clean_D2",1,5,0.833333333333333,FALSE,TRUE,TRUE
"APOL1","D2_late_increasing","clean_D2",1,5,0.833333333333333,FALSE,TRUE,TRUE
"SMPD1","D2_late_increasing","clean_D2",1,4,0.666666666666667,FALSE,FALSE,TRUE
"MRPL55","D2_late_increasing","none",1,4,0.666666666666667,FALSE,FALSE,TRUE
"RPN1","D2_late_increasing","clean_D2",1,4,0.666666666666667,FALSE,FALSE,TRUE
"FRZB","D2_late_increasing","clean_D2",1,5,0.833333333333333,FALSE,TRUE,TRUE
"CLIP1","D2_late_increasing","clean_D2",1,4,0.666666666666667,FALSE,FALSE,TRUE
"TMEM263","D2_late_increasing","clean_D2",1,4,0.666666666666667,FALSE,FALSE,TRUE
"CYC1","D2_late_increasing","clean_D2",1,4,0.666666666666667,FALSE,FALSE,TRUE
"DGCR6L","D2_late_increasing","clean_D2",1,4,0.666666666666667,FALSE,FALSE,TRUE
"R3HDM4","D2_late_increasing","clean_D2",1,4,0.666666666666667,FALSE,FALSE,TRUE
"LSM7","D2_late_increasing","clean_D2",1,4,0.666666666666667,FALSE,FALSE,TRUE
"CARM1","D2_late_increasing","clean_D2",1,4,0.666666666666667,FALSE,FALSE,TRUE
"KCTD12","D2_late_increasing","clean_D2",1,5,0.833333333333333,FALSE,TRUE,TRUE
"SLC25A5","D2_late_increasing","clean_D2",1,4,0.666666666666667,FALSE,FALSE,TRUE
"CHMP1A","D2_late_increasing","clean_D2",1,4,0.666666666666667,FALSE,FALSE,TRUE
"ABHD17A","D2_late_increasing","clean_D2",1,4,0.666666666666667,FALSE,FALSE,TRUE
"COX7A1","D2_late_increasing","clean_D2",1,4,0.666666666666667,FALSE,FALSE,TRUE
"TIAM2","D2_late_increasing","clean_D2",1,5,0.833333333333333,FALSE,TRUE,TRUE
"AURKAIP1","D2_late_increasing","clean_D2",1,4,0.666666666666667,FALSE,FALSE,TRUE
"SLC31A1","D2_late_increasing","clean_D2",1,5,0.833333333333333,FALSE,TRUE,TRUE
"ARFGAP3","D2_late_increasing","clean_D2",1,4,0.666666666666667,FALSE,FALSE,TRUE
"NME3","D2_late_increasing","clean_D2",1,5,0.833333333333333,FALSE,TRUE,TRUE
"MRPL41","D2_late_increasing","none",1,4,0.666666666666667,FALSE,FALSE,TRUE
"UFC1","D2_late_increasing","clean_D2",1,4,0.666666666666667,FALSE,FALSE,TRUE
"NDUFA2","D2_late_increasing","clean_D2",1,4,0.666666666666667,FALSE,FALSE,TRUE
"FSCN1","D2_late_increasing","clean_D2",1,5,0.833333333333333,FALSE,TRUE,TRUE
"DLG1","D2_late_increasing","clean_D2",1,4,0.666666666666667,FALSE,FALSE,TRUE
"PCED1A","D2_late_increasing","clean_D2",1,4,0.666666666666667,FALSE,FALSE,TRUE
"BLOC1S1","D2_late_increasing","clean_D2",1,4,0.666666666666667,FALSE,FALSE,TRUE
"COL8A2","D2_late_increasing","clean_D2",1,4,0.666666666666667,FALSE,FALSE,TRUE
"LZTS1","D2_late_increasing","clean_D2",1,5,0.833333333333333,FALSE,TRUE,TRUE
"LSP1","D2_late_increasing","clean_D2",1,4,0.666666666666667,FALSE,FALSE,TRUE
"KIF1C","D2_late_increasing","clean_D2",1,4,0.666666666666667,FALSE,FALSE,TRUE
"CMTM3","D2_late_increasing","clean_D2",1,4,0.666666666666667,FALSE,FALSE,TRUE
"WDR46","D2_late_increasing","clean_D2",1,4,0.666666666666667,FALSE,FALSE,TRUE
"EFHD2","D2_late_increasing","clean_D2",1,4,0.666666666666667,FALSE,FALSE,TRUE
"MGP","D2_late_increasing","clean_D2",1,4,0.666666666666667,FALSE,FALSE,TRUE
"XPOT","D2_late_increasing","clean_D2",1,4,0.666666666666667,FALSE,FALSE,TRUE
"PKIG","D2_late_increasing","clean_D2",1,5,0.833333333333333,FALSE,TRUE,TRUE
"BCL3","D2_late_increasing","clean_D2",1,5,0.833333333333333,FALSE,TRUE,TRUE
"ARHGDIA","D2_late_increasing","clean_D2",1,4,0.666666666666667,FALSE,FALSE,TRUE
"ZNF428","D2_late_increasing","clean_D2",1,4,0.666666666666667,FALSE,FALSE,TRUE
"LOXL2","D2_late_increasing","clean_D2",1,4,0.666666666666667,FALSE,FALSE,TRUE
"UQCR10","D2_late_increasing","clean_D2",1,5,0.833333333333333,FALSE,TRUE,TRUE
"RAB7B","D2_late_increasing","clean_D2",1,4,0.666666666666667,FALSE,FALSE,TRUE
"RABAC1","D2_late_increasing","clean_D2",1,5,0.833333333333333,FALSE,TRUE,TRUE
"DPM3","D2_late_increasing","clean_D2",1,5,0.833333333333333,FALSE,TRUE,TRUE
"CSTB","D2_late_increasing","clean_D2",1,5,0.833333333333333,FALSE,TRUE,TRUE
"TMUB1","D2_late_increasing","clean_D2",1,4,0.666666666666667,FALSE,FALSE,TRUE
"PSMB9","D2_late_increasing","clean_D2",1,4,0.666666666666667,FALSE,FALSE,TRUE
"AP1S1","D2_late_increasing","clean_D2",1,4,0.666666666666667,FALSE,FALSE,TRUE
"MYL6","D2_late_increasing","clean_D2",1,4,0.666666666666667,FALSE,FALSE,TRUE
"LIMK1","D2_late_increasing","clean_D2",1,4,0.666666666666667,FALSE,FALSE,TRUE
"GBP2","D2_late_increasing","clean_D2",1,5,0.833333333333333,FALSE,TRUE,TRUE
"AMPD2","D2_late_increasing","clean_D2",1,5,0.833333333333333,FALSE,TRUE,TRUE
"BEST1","D2_late_increasing","clean_D2",1,4,0.666666666666667,FALSE,FALSE,TRUE
"CUEDC2","D2_late_increasing","clean_D2",1,4,0.666666666666667,FALSE,FALSE,TRUE
"ILF2","D2_late_increasing","clean_D2",1,4,0.666666666666667,FALSE,FALSE,TRUE
"TUBA1B","D2_late_increasing","clean_D2",1,5,0.833333333333333,FALSE,TRUE,TRUE
"SAC3D1","D2_late_increasing","clean_D2",1,5,0.833333333333333,FALSE,TRUE,TRUE
"GDI2","D2_late_increasing","clean_D2",1,4,0.666666666666667,FALSE,FALSE,TRUE
"DCTD","D2_late_increasing","clean_D2",1,4,0.666666666666667,FALSE,FALSE,TRUE
"FAM127A","D2_late_increasing","clean_D2",1,4,0.666666666666667,FALSE,FALSE,TRUE
"RPN2","D2_late_increasing","clean_D2",1,4,0.666666666666667,FALSE,FALSE,TRUE
"ATP5E","D2_late_increasing","clean_D2",1,4,0.666666666666667,FALSE,FALSE,TRUE
"CDC42EP1","D2_late_increasing","clean_D2",1,4,0.666666666666667,FALSE,FALSE,TRUE
"PUF60","D2_late_increasing","clean_D2",1,4,0.666666666666667,FALSE,FALSE,TRUE
"INPPL1","D2_late_increasing","clean_D2",1,5,0.833333333333333,FALSE,TRUE,TRUE
"MYL6B","D2_late_increasing","clean_D2",1,4,0.666666666666667,FALSE,FALSE,TRUE
"PKN1","D2_late_increasing","clean_D2",1,4,0.666666666666667,FALSE,FALSE,TRUE
"LTBP2","D2_late_increasing","clean_D2",1,4,0.666666666666667,FALSE,FALSE,TRUE
"COL15A1","D2_late_increasing","clean_D2",1,5,0.833333333333333,FALSE,TRUE,TRUE
"NOP10","D2_late_increasing","clean_D2",1,4,0.666666666666667,FALSE,FALSE,TRUE
"RAB11FIP5","D2_late_increasing","clean_D2",1,5,0.833333333333333,FALSE,TRUE,TRUE
"OXLD1","D2_late_increasing","clean_D2",1,4,0.666666666666667,FALSE,FALSE,TRUE
"DNM3OS","D2_late_increasing","clean_D2",1,4,0.666666666666667,FALSE,FALSE,TRUE
"LRRC75A","D2_late_increasing","clean_D2",1,4,0.666666666666667,FALSE,FALSE,TRUE
"XXYLT1","D2_late_increasing","clean_D2",1,4,0.666666666666667,FALSE,FALSE,TRUE
"GCN1","D2_late_increasing","clean_D2",1,5,0.833333333333333,FALSE,TRUE,TRUE
"FAAP100","D2_late_increasing","clean_D2",1,4,0.666666666666667,FALSE,FALSE,TRUE
"PTGDS","D2_late_increasing","clean_D2",1,5,0.833333333333333,FALSE,TRUE,TRUE
"CCL27","D2_late_increasing","clean_D2",1,4,0.666666666666667,FALSE,FALSE,TRUE
"CAPG","D2_late_increasing","clean_D2",1,4,0.666666666666667,FALSE,FALSE,TRUE
"MYC","D2_late_increasing","clean_D2",1,4,0.666666666666667,FALSE,FALSE,TRUE
"MDFI","D2_late_increasing","clean_D2",1,4,0.666666666666667,FALSE,FALSE,TRUE
"B4GALT7","D2_late_increasing","clean_D2",1,5,0.833333333333333,FALSE,TRUE,TRUE
"PSMD8","D2_late_increasing","clean_D2",1,4,0.666666666666667,FALSE,FALSE,TRUE
"IMP4","D2_late_increasing","clean_D2",1,4,0.666666666666667,FALSE,FALSE,TRUE
"APRT","D2_late_increasing","clean_D2",1,4,0.666666666666667,FALSE,FALSE,TRUE
"PTGES2","D2_late_increasing","clean_D2",1,4,0.666666666666667,FALSE,FALSE,TRUE
"SLC35E1","D2_late_increasing","clean_D2",1,4,0.666666666666667,FALSE,FALSE,TRUE
"ANO1","D2_late_increasing","clean_D2",1,4,0.666666666666667,FALSE,FALSE,TRUE
"SEC61B","D2_late_increasing","clean_D2",1,5,0.833333333333333,FALSE,TRUE,TRUE
"TTC3","D2_late_increasing","clean_D2",1,5,0.833333333333333,FALSE,TRUE,TRUE
"POLR2G","D2_late_increasing","clean_D2",1,4,0.666666666666667,FALSE,FALSE,TRUE
"TIMM13","D2_late_increasing","clean_D2",1,4,0.666666666666667,FALSE,FALSE,TRUE
"TMED2","D2_late_increasing","clean_D2",1,4,0.666666666666667,FALSE,FALSE,TRUE
"MMP14","D2_late_increasing","clean_D2",1,5,0.833333333333333,FALSE,TRUE,TRUE
"UBA1","D2_late_increasing","clean_D2",1,4,0.666666666666667,FALSE,FALSE,TRUE
"APLNR","D2_late_increasing","clean_D2",1,5,0.833333333333333,FALSE,TRUE,TRUE
"DGKZ","D2_late_increasing","clean_D2",1,4,0.666666666666667,FALSE,FALSE,TRUE
"ELN","D2_late_increasing","clean_D2",1,5,0.833333333333333,FALSE,TRUE,TRUE
"PRELID1","D2_late_increasing","clean_D2",1,4,0.666666666666667,FALSE,FALSE,TRUE
"SIRT2","D2_late_increasing","clean_D2",1,4,0.666666666666667,FALSE,FALSE,TRUE
"IL32","D2_late_increasing","clean_D2",1,5,0.833333333333333,FALSE,TRUE,TRUE
"CHRD","D2_late_increasing","clean_D2",1,5,0.833333333333333,FALSE,TRUE,TRUE
"BAX","D2_late_increasing","clean_D2",1,4,0.666666666666667,FALSE,FALSE,TRUE
"PLEKHO1","D2_late_increasing","clean_D2",1,4,0.666666666666667,FALSE,FALSE,TRUE
"TSPAN4","D2_late_increasing","clean_D2",1,5,0.833333333333333,FALSE,TRUE,TRUE
"TCEB2","D2_late_increasing","clean_D2",1,4,0.666666666666667,FALSE,FALSE,TRUE
"ATP8B2","D2_late_increasing","clean_D2",1,5,0.833333333333333,FALSE,TRUE,TRUE
"ATP6V0E1","D2_late_increasing","clean_D2",1,5,0.833333333333333,FALSE,TRUE,TRUE
"SPOP","D2_late_increasing","clean_D2",1,4,0.666666666666667,FALSE,FALSE,TRUE
"DUSP23","D2_late_increasing","clean_D2",1,4,0.666666666666667,FALSE,FALSE,TRUE
"CCND2","D2_late_increasing","clean_D2",1,4,0.666666666666667,FALSE,FALSE,TRUE
"SLC3A2","D2_late_increasing","clean_D2",1,4,0.666666666666667,FALSE,FALSE,TRUE
"TMEM205","D2_late_increasing","clean_D2",1,5,0.833333333333333,FALSE,TRUE,TRUE
"COMMD7","D2_late_increasing","clean_D2",1,4,0.666666666666667,FALSE,FALSE,TRUE
"UBTD1","D2_late_increasing","clean_D2",1,4,0.666666666666667,FALSE,FALSE,TRUE
"SPNS1","D2_late_increasing","clean_D2",1,4,0.666666666666667,FALSE,FALSE,TRUE
"MRGPRF","D2_late_increasing","clean_D2",1,5,0.833333333333333,FALSE,TRUE,TRUE
"PIGP","D2_late_increasing","clean_D2",1,4,0.666666666666667,FALSE,FALSE,TRUE
"DDT","D2_late_increasing","clean_D2",1,5,0.833333333333333,FALSE,TRUE,TRUE
"CPNE1","D2_late_increasing","clean_D2",1,4,0.666666666666667,FALSE,FALSE,TRUE
"TSPAN9","D2_late_increasing","clean_D2",1,5,0.833333333333333,FALSE,TRUE,TRUE
"NDUFA13","D2_late_increasing","clean_D2",1,4,0.666666666666667,FALSE,FALSE,TRUE
"PTPN14","D2_late_increasing","clean_D2",1,4,0.666666666666667,FALSE,FALSE,TRUE
"MXD4","D2_late_increasing","clean_D2",1,4,0.666666666666667,FALSE,FALSE,TRUE
"PPP2R1A","D2_late_increasing","clean_D2",1,4,0.666666666666667,FALSE,FALSE,TRUE
"ACAN","D2_late_increasing","clean_D2",1,5,0.833333333333333,FALSE,TRUE,TRUE
"STARD10","D2_late_increasing","clean_D2",1,5,0.833333333333333,FALSE,TRUE,TRUE
"TCEAL8","D2_late_increasing","clean_D2",1,4,0.666666666666667,FALSE,FALSE,TRUE
"NUDT22","D2_late_increasing","clean_D2",1,4,0.666666666666667,FALSE,FALSE,TRUE
"TACSTD2","D2_late_increasing","clean_D2",1,4,0.666666666666667,FALSE,FALSE,TRUE
"CD248","D2_late_increasing","clean_D2",1,5,0.833333333333333,FALSE,TRUE,TRUE
"GOLGA2","D2_late_increasing","clean_D2",1,5,0.833333333333333,FALSE,TRUE,TRUE
"HSD3B7","D2_late_increasing","clean_D2",1,4,0.666666666666667,FALSE,FALSE,TRUE
"TAX1BP3","D2_late_increasing","clean_D2",1,4,0.666666666666667,FALSE,FALSE,TRUE
"GLRX","D2_late_increasing","clean_D2",1,4,0.666666666666667,FALSE,FALSE,TRUE
"FAM96B","D2_late_increasing","clean_D2",1,4,0.666666666666667,FALSE,FALSE,TRUE
"CYP1B1","D2_late_increasing","clean_D2",1,5,0.833333333333333,FALSE,TRUE,TRUE
"LTBR","D2_late_increasing","clean_D2",1,5,0.833333333333333,FALSE,TRUE,TRUE
"SERPINB6","D2_late_increasing","clean_D2",1,4,0.666666666666667,FALSE,FALSE,TRUE
"MFSD12","D2_late_increasing","clean_D2",1,4,0.666666666666667,FALSE,FALSE,TRUE
"FKBP1A","D2_late_increasing","clean_D2",1,5,0.833333333333333,FALSE,TRUE,TRUE
"NCLN","D2_late_increasing","clean_D2",1,5,0.833333333333333,FALSE,TRUE,TRUE
"NTM","D2_late_increasing","clean_D2",1,5,0.833333333333333,FALSE,TRUE,TRUE
"FAM173A","D2_late_increasing","clean_D2",1,4,0.666666666666667,FALSE,FALSE,TRUE
"TMEM141","D2_late_increasing","clean_D2",1,4,0.666666666666667,FALSE,FALSE,TRUE
"RNF181","D2_late_increasing","clean_D2",1,4,0.666666666666667,FALSE,FALSE,TRUE
"FBLN2","D2_late_increasing","clean_D2",1,5,0.833333333333333,FALSE,TRUE,TRUE
"CTD-3214H19.16","D2_late_increasing","clean_D2",1,5,0.833333333333333,FALSE,TRUE,TRUE
"ARHGAP22","D2_late_increasing","clean_D2",1,4,0.666666666666667,FALSE,FALSE,TRUE
"MRPL3","D2_late_increasing","none",1,4,0.666666666666667,FALSE,FALSE,TRUE
"YIPF5","D2_late_increasing","clean_D2",1,5,0.833333333333333,FALSE,TRUE,TRUE
"APOBEC3C","D2_late_increasing","clean_D2",1,4,0.666666666666667,FALSE,FALSE,TRUE
"PSMB3","D2_late_increasing","clean_D2",1,4,0.666666666666667,FALSE,FALSE,TRUE
"C1orf54","D2_late_increasing","clean_D2",1,5,0.833333333333333,FALSE,TRUE,TRUE
"FAM57A","D2_late_increasing","clean_D2",1,4,0.666666666666667,FALSE,FALSE,TRUE
"NUDT2","D2_late_increasing","clean_D2",1,4,0.666666666666667,FALSE,FALSE,TRUE
"AP2M1","D2_late_increasing","clean_D2",1,5,0.833333333333333,FALSE,TRUE,TRUE
"MYO18A","D2_late_increasing","clean_D2",1,5,0.833333333333333,FALSE,TRUE,TRUE
"TOMM5","D2_late_increasing","clean_D2",1,4,0.666666666666667,FALSE,FALSE,TRUE
"C1orf216","D2_late_increasing","clean_D2",1,5,0.833333333333333,FALSE,TRUE,TRUE
"ELOVL1","D2_late_increasing","clean_D2",1,4,0.666666666666667,FALSE,FALSE,TRUE
"MMP24-AS1","D2_late_increasing","clean_D2",1,5,0.833333333333333,FALSE,TRUE,TRUE
"CCDC85B","D2_late_increasing","clean_D2",1,4,0.666666666666667,FALSE,FALSE,TRUE
"COX5A","D2_late_increasing","clean_D2",1,4,0.666666666666667,FALSE,FALSE,TRUE
"GTF2H5","D2_late_increasing","clean_D2",1,4,0.666666666666667,FALSE,FALSE,TRUE
"RALA","D2_late_increasing","clean_D2",1,5,0.833333333333333,FALSE,TRUE,TRUE
"CTSD","D2_late_increasing","clean_D2",1,5,0.833333333333333,FALSE,TRUE,TRUE
"FAM210B","D2_late_increasing","clean_D2",1,4,0.666666666666667,FALSE,FALSE,TRUE
"YKT6","D2_late_increasing","clean_D2",1,5,0.833333333333333,FALSE,TRUE,TRUE
"RP11-492E3.51","D2_late_increasing","clean_D2",1,4,0.666666666666667,FALSE,FALSE,TRUE
"SEPW1","D2_late_increasing","clean_D2",1,4,0.666666666666667,FALSE,FALSE,TRUE
"PTPRD","D2_late_increasing","clean_D2",1,5,0.833333333333333,FALSE,TRUE,TRUE
"USP11","D2_late_increasing","clean_D2",1,4,0.666666666666667,FALSE,FALSE,TRUE
"IFNGR2","D2_late_increasing","clean_D2",1,5,0.833333333333333,FALSE,TRUE,TRUE
"SLC52A2","D2_late_increasing","clean_D2",1,5,0.833333333333333,FALSE,TRUE,TRUE
"CFH","D2_late_increasing","clean_D2",1,5,0.833333333333333,FALSE,TRUE,TRUE
"PRKAR2A","D2_late_increasing","clean_D2",1,5,0.833333333333333,FALSE,TRUE,TRUE
"SNRPC","D2_late_increasing","clean_D2",1,4,0.666666666666667,FALSE,FALSE,TRUE
"CHID1","D2_late_increasing","clean_D2",1,4,0.666666666666667,FALSE,FALSE,TRUE
"MSC","D2_late_increasing","clean_D2",1,5,0.833333333333333,FALSE,TRUE,TRUE
"DNLZ","D2_late_increasing","clean_D2",1,4,0.666666666666667,FALSE,FALSE,TRUE
"REXO2","D2_late_increasing","clean_D2",1,5,0.833333333333333,FALSE,TRUE,TRUE
"IFI35","D2_late_increasing","clean_D2",1,5,0.833333333333333,FALSE,TRUE,TRUE
"RAB31","D2_late_increasing","clean_D2",1,4,0.666666666666667,FALSE,FALSE,TRUE
"PRDX5","D2_late_increasing","clean_D2",1,4,0.666666666666667,FALSE,FALSE,TRUE
"UFD1L","D2_late_increasing","clean_D2",1,4,0.666666666666667,FALSE,FALSE,TRUE
"ICAM3","D2_late_increasing","clean_D2",1,4,0.666666666666667,FALSE,FALSE,TRUE
"SNHG18","D2_late_increasing","clean_D2",1,5,0.833333333333333,FALSE,TRUE,TRUE
"PSENEN","D2_late_increasing","clean_D2",1,5,0.833333333333333,FALSE,TRUE,TRUE
"SEC31A","D2_late_increasing","clean_D2",1,4,0.666666666666667,FALSE,FALSE,TRUE
"EPN1","D2_late_increasing","clean_D2",1,4,0.666666666666667,FALSE,FALSE,TRUE
"SH3BGRL3","D2_late_increasing","clean_D2",1,4,0.666666666666667,FALSE,FALSE,TRUE
"SAE1","D2_late_increasing","clean_D2",1,4,0.666666666666667,FALSE,FALSE,TRUE
"HSPA12B","D2_late_increasing","clean_D2",1,4,0.666666666666667,FALSE,FALSE,TRUE
"NAA38","D2_late_increasing","clean_D2",1,4,0.666666666666667,FALSE,FALSE,TRUE
"CLEC2A","D2_late_increasing","clean_D2",1,4,0.666666666666667,FALSE,FALSE,TRUE
"SEC23A","D2_late_increasing","clean_D2",1,5,0.833333333333333,FALSE,TRUE,TRUE
"TENM4","D2_late_increasing","clean_D2",1,5,0.833333333333333,FALSE,TRUE,TRUE
"CILP","D2_late_increasing","clean_D2",1,5,0.833333333333333,FALSE,TRUE,TRUE
"CCL2","D2_late_increasing","clean_D2",1,5,0.833333333333333,FALSE,TRUE,TRUE
"LAMTOR1","D2_late_increasing","clean_D2",1,5,0.833333333333333,FALSE,TRUE,TRUE
"TP53TG1","D2_late_increasing","clean_D2",1,5,0.833333333333333,FALSE,TRUE,TRUE
"SEPN1","D2_late_increasing","clean_D2",1,4,0.666666666666667,FALSE,FALSE,TRUE
"BRE","D2_late_increasing","clean_D2",1,5,0.833333333333333,FALSE,TRUE,TRUE
"SIGMAR1","D2_late_increasing","clean_D2",1,4,0.666666666666667,FALSE,FALSE,TRUE
"DEF8","D2_late_increasing","clean_D2",1,5,0.833333333333333,FALSE,TRUE,TRUE
"CXCL12","D2_late_increasing","clean_D2",1,5,0.833333333333333,FALSE,TRUE,TRUE
"CCDC8","D2_late_increasing","clean_D2",1,4,0.666666666666667,FALSE,FALSE,TRUE
"MRPL27","D2_late_increasing","none",1,4,0.666666666666667,FALSE,FALSE,TRUE
"GSTK1","D2_late_increasing","clean_D2",1,5,0.833333333333333,FALSE,TRUE,TRUE
"NFE2L1","D2_late_increasing","clean_D2",1,4,0.666666666666667,FALSE,FALSE,TRUE
"PDIA4","D2_late_increasing","clean_D2",1,5,0.833333333333333,FALSE,TRUE,TRUE
"CAP1","D2_late_increasing","clean_D2",1,4,0.666666666666667,FALSE,FALSE,TRUE
"ABHD14A","D2_late_increasing","clean_D2",1,4,0.666666666666667,FALSE,FALSE,TRUE
"PLGRKT","D2_late_increasing","clean_D2",1,5,0.833333333333333,FALSE,TRUE,TRUE
"SERP1","D2_late_increasing","clean_D2",1,5,0.833333333333333,FALSE,TRUE,TRUE
"FAAP20","D2_late_increasing","clean_D2",1,4,0.666666666666667,FALSE,FALSE,TRUE
"PPP4C","D2_late_increasing","clean_D2",1,5,0.833333333333333,FALSE,TRUE,TRUE
"NRN1","D2_late_increasing","clean_D2",1,5,0.833333333333333,FALSE,TRUE,TRUE
"ITGB5","D2_late_increasing","clean_D2",1,5,0.833333333333333,FALSE,TRUE,TRUE
"PDZD11","D2_late_increasing","clean_D2",1,4,0.666666666666667,FALSE,FALSE,TRUE
"CLTB","D2_late_increasing","clean_D2",1,5,0.833333333333333,FALSE,TRUE,TRUE
"TADA3","D2_late_increasing","clean_D2",1,4,0.666666666666667,FALSE,FALSE,TRUE
"MZT2A","D2_late_increasing","clean_D2",1,5,0.833333333333333,FALSE,TRUE,TRUE
"PTGIS","D2_late_increasing","clean_D2",1,5,0.833333333333333,FALSE,TRUE,TRUE
"FGGY","D2_late_increasing","clean_D2",1,5,0.833333333333333,FALSE,TRUE,TRUE
"HSPB6","D2_late_increasing","clean_D2",1,4,0.666666666666667,FALSE,FALSE,TRUE
"C19orf70","D2_late_increasing","clean_D2",1,4,0.666666666666667,FALSE,FALSE,TRUE
"PPP1CA","D2_late_increasing","clean_D2",1,4,0.666666666666667,FALSE,FALSE,TRUE
"TMEM54","D2_late_increasing","clean_D2",1,5,0.833333333333333,FALSE,TRUE,TRUE
"SSR2","D2_late_increasing","clean_D2",1,4,0.666666666666667,FALSE,FALSE,TRUE
"SPHK1","D2_late_increasing","clean_D2",1,4,0.666666666666667,FALSE,FALSE,TRUE
"LY6E","D2_late_increasing","clean_D2",1,4,0.666666666666667,FALSE,FALSE,TRUE
"TMEM120B","D2_late_increasing","clean_D2",1,5,0.833333333333333,FALSE,TRUE,TRUE
"PRSS23","D2_late_increasing","clean_D2",1,6,1,TRUE,TRUE,TRUE
"DCN","D2_late_increasing","clean_D2",1,5,0.833333333333333,FALSE,TRUE,TRUE
"C17orf89","D2_late_increasing","clean_D2",1,4,0.666666666666667,FALSE,FALSE,TRUE
"GSDMD","D2_late_increasing","clean_D2",1,5,0.833333333333333,FALSE,TRUE,TRUE
"NFATC2","D2_late_increasing","clean_D2",1,4,0.666666666666667,FALSE,FALSE,TRUE
"PRKCSH","D2_late_increasing","clean_D2",1,4,0.666666666666667,FALSE,FALSE,TRUE
"CENPP","D2_late_increasing","clean_D2",1,5,0.833333333333333,FALSE,TRUE,TRUE
"FBXW5","D2_late_increasing","clean_D2",1,4,0.666666666666667,FALSE,FALSE,TRUE
"DDRGK1","D2_late_increasing","clean_D2",1,4,0.666666666666667,FALSE,FALSE,TRUE
"CTC-479C5.12","D2_late_increasing","clean_D2",1,4,0.666666666666667,FALSE,FALSE,TRUE
"ANAPC11","D2_late_increasing","clean_D2",1,4,0.666666666666667,FALSE,FALSE,TRUE
"MAN1B1","D2_late_increasing","clean_D2",1,4,0.666666666666667,FALSE,FALSE,TRUE
"NDUFA6","D2_late_increasing","clean_D2",1,5,0.833333333333333,FALSE,TRUE,TRUE
"GPX1","D2_late_increasing","clean_D2",1,5,0.833333333333333,FALSE,TRUE,TRUE
"MICAL2","D2_late_increasing","clean_D2",1,5,0.833333333333333,FALSE,TRUE,TRUE
"TAPBP","D2_late_increasing","clean_D2",1,5,0.833333333333333,FALSE,TRUE,TRUE
"TMED9","D2_late_increasing","clean_D2",1,4,0.666666666666667,FALSE,FALSE,TRUE
"MRPL36","D2_late_increasing","none",1,5,0.833333333333333,FALSE,TRUE,TRUE
"FUCA2","D2_late_increasing","clean_D2",1,5,0.833333333333333,FALSE,TRUE,TRUE
"TP53I13","D2_late_increasing","clean_D2",1,4,0.666666666666667,FALSE,FALSE,TRUE
"IFI16","D2_late_increasing","clean_D2",1,5,0.833333333333333,FALSE,TRUE,TRUE
"SEC61G","D2_late_increasing","clean_D2",1,4,0.666666666666667,FALSE,FALSE,TRUE
"ARPC2","D2_late_increasing","clean_D2",1,5,0.833333333333333,FALSE,TRUE,TRUE
"NCS1","D2_late_increasing","clean_D2",1,5,0.833333333333333,FALSE,TRUE,TRUE
"GMPPB","D2_late_increasing","clean_D2",1,4,0.666666666666667,FALSE,FALSE,TRUE
"TMEM45A","D2_late_increasing","clean_D2",1,4,0.666666666666667,FALSE,FALSE,TRUE
"FAM109B","D2_late_increasing","clean_D2",1,4,0.666666666666667,FALSE,FALSE,TRUE
"G6PC3","D2_late_increasing","clean_D2",1,4,0.666666666666667,FALSE,FALSE,TRUE
"ARF5","D2_late_increasing","clean_D2",1,5,0.833333333333333,FALSE,TRUE,TRUE
"MGAT1","D2_late_increasing","clean_D2",1,4,0.666666666666667,FALSE,FALSE,TRUE
"ATP5G1","D2_late_increasing","clean_D2",1,5,0.833333333333333,FALSE,TRUE,TRUE
"PPP1R9B","D2_late_increasing","clean_D2",1,4,0.666666666666667,FALSE,FALSE,TRUE
"SH3GLB1","D2_late_increasing","clean_D2",1,5,0.833333333333333,FALSE,TRUE,TRUE
"SHISA4","D2_late_increasing","clean_D2",1,4,0.666666666666667,FALSE,FALSE,TRUE
"PALM","D2_late_increasing","clean_D2",1,5,0.833333333333333,FALSE,TRUE,TRUE
"COLGALT1","D2_late_increasing","clean_D2",1,4,0.666666666666667,FALSE,FALSE,TRUE
"IGF2","D2_late_increasing","clean_D2",1,4,0.666666666666667,FALSE,FALSE,TRUE
"CLDN4","D2_late_increasing","clean_D2",1,4,0.666666666666667,FALSE,FALSE,TRUE
"EIF5A","D2_late_increasing","clean_D2",1,4,0.666666666666667,FALSE,FALSE,TRUE
"TGFB1I1","D2_late_increasing","clean_D2",1,4,0.666666666666667,FALSE,FALSE,TRUE
"ORAI2","D2_late_increasing","clean_D2",1,4,0.666666666666667,FALSE,FALSE,TRUE
"WIPI1","D2_late_increasing","clean_D2",1,5,0.833333333333333,FALSE,TRUE,TRUE
"CLEC2B","D2_late_increasing","clean_D2",1,5,0.833333333333333,FALSE,TRUE,TRUE
"SNRNP25","D2_late_increasing","clean_D2",1,4,0.666666666666667,FALSE,FALSE,TRUE
"UQCR11","D2_late_increasing","clean_D2",1,4,0.666666666666667,FALSE,FALSE,TRUE
"DDB2","D2_late_increasing","clean_D2",1,5,0.833333333333333,FALSE,TRUE,TRUE
"GALNT5","D2_late_increasing","clean_D2",1,5,0.833333333333333,FALSE,TRUE,TRUE
"NAGLU","D2_late_increasing","clean_D2",1,4,0.666666666666667,FALSE,FALSE,TRUE
"UBXN6","D2_late_increasing","clean_D2",1,5,0.833333333333333,FALSE,TRUE,TRUE
"SCP2","D2_late_increasing","clean_D2",1,4,0.666666666666667,FALSE,FALSE,TRUE
"IKBIP","D2_late_increasing","clean_D2",1,5,0.833333333333333,FALSE,TRUE,TRUE
"MAN1C1","D2_late_increasing","clean_D2",1,5,0.833333333333333,FALSE,TRUE,TRUE
"COPS7A","D2_late_increasing","clean_D2",1,5,0.833333333333333,FALSE,TRUE,TRUE
"WBP5","D2_late_increasing","clean_D2",1,4,0.666666666666667,FALSE,FALSE,TRUE
"VAT1","D2_late_increasing","clean_D2",1,4,0.666666666666667,FALSE,FALSE,TRUE
"PEA15","D2_late_increasing","clean_D2",1,4,0.666666666666667,FALSE,FALSE,TRUE
"TXN2","D2_late_increasing","clean_D2",1,4,0.666666666666667,FALSE,FALSE,TRUE
"ECM2","D2_late_increasing","clean_D2",1,5,0.833333333333333,FALSE,TRUE,TRUE
"TBC1D1","D2_late_increasing","clean_D2",1,5,0.833333333333333,FALSE,TRUE,TRUE
"NDUFB3","D2_late_increasing","clean_D2",1,4,0.666666666666667,FALSE,FALSE,TRUE
"APOE","D2_late_increasing","clean_D2",1,5,0.833333333333333,FALSE,TRUE,TRUE
"FAM129A","D2_late_increasing","clean_D2",1,5,0.833333333333333,FALSE,TRUE,TRUE
"SLC39A7","D2_late_increasing","clean_D2",1,4,0.666666666666667,FALSE,FALSE,TRUE
"KIAA2013","D2_late_increasing","clean_D2",1,4,0.666666666666667,FALSE,FALSE,TRUE
"TNC","D2_late_increasing","clean_D2",1,5,0.833333333333333,FALSE,TRUE,TRUE
"CLPP","D2_late_increasing","clean_D2",1,5,0.833333333333333,FALSE,TRUE,TRUE
"HMOX2","D2_late_increasing","clean_D2",1,4,0.666666666666667,FALSE,FALSE,TRUE
"MAST2","D2_late_increasing","clean_D2",1,5,0.833333333333333,FALSE,TRUE,TRUE
"GPC1","D2_late_increasing","clean_D2",1,4,0.666666666666667,FALSE,FALSE,TRUE
"PRADC1","D2_late_increasing","clean_D2",1,5,0.833333333333333,FALSE,TRUE,TRUE
"KLHL22","D2_late_increasing","clean_D2",1,5,0.833333333333333,FALSE,TRUE,TRUE
"ARAP1","D2_late_increasing","clean_D2",1,5,0.833333333333333,FALSE,TRUE,TRUE
"GUK1","D2_late_increasing","clean_D2",1,5,0.833333333333333,FALSE,TRUE,TRUE
"IGDCC4","D2_late_increasing","clean_D2",1,5,0.833333333333333,FALSE,TRUE,TRUE
"CHD3","D2_late_increasing","clean_D2",1,5,0.833333333333333,FALSE,TRUE,TRUE
"NDUFA3","D2_late_increasing","clean_D2",1,4,0.666666666666667,FALSE,FALSE,TRUE
"PSMB8","D2_late_increasing","clean_D2",1,5,0.833333333333333,FALSE,TRUE,TRUE
"KLHDC3","D2_late_increasing","clean_D2",1,5,0.833333333333333,FALSE,TRUE,TRUE
"MIF","D2_late_increasing","clean_D2",1,4,0.666666666666667,FALSE,FALSE,TRUE
"GOLGA3","D2_late_increasing","clean_D2",1,5,0.833333333333333,FALSE,TRUE,TRUE
"ST6GALNAC6","D2_late_increasing","clean_D2",1,5,0.833333333333333,FALSE,TRUE,TRUE
"THOC6","D2_late_increasing","clean_D2",1,5,0.833333333333333,FALSE,TRUE,TRUE
"MRPL14","D2_late_increasing","none",1,4,0.666666666666667,FALSE,FALSE,TRUE
"GTF3C1","D2_late_increasing","clean_D2",1,4,0.666666666666667,FALSE,FALSE,TRUE
"GNG5","D2_late_increasing","clean_D2",1,5,0.833333333333333,FALSE,TRUE,TRUE
"BAD","D2_late_increasing","clean_D2",1,4,0.666666666666667,FALSE,FALSE,TRUE
"DPYSL3","D2_late_increasing","clean_D2",1,4,0.666666666666667,FALSE,FALSE,TRUE
"TIMM8B","D2_late_increasing","clean_D2",1,4,0.666666666666667,FALSE,FALSE,TRUE
"MYO1C","D2_late_increasing","clean_D2",1,4,0.666666666666667,FALSE,FALSE,TRUE
"CRELD2","D2_late_increasing","clean_D2",1,5,0.833333333333333,FALSE,TRUE,TRUE
"CALR","D2_late_increasing","clean_D2",1,5,0.833333333333333,FALSE,TRUE,TRUE
"C11orf68","D2_late_increasing","clean_D2",1,5,0.833333333333333,FALSE,TRUE,TRUE
"B2M","D2_late_increasing","clean_D2",1,5,0.833333333333333,FALSE,TRUE,TRUE
"C19orf24","D2_late_increasing","clean_D2",1,4,0.666666666666667,FALSE,FALSE,TRUE
"FAM102A","D2_late_increasing","clean_D2",1,5,0.833333333333333,FALSE,TRUE,TRUE
"NUTF2","D2_late_increasing","clean_D2",1,4,0.666666666666667,FALSE,FALSE,TRUE
"UROS","D2_late_increasing","clean_D2",1,5,0.833333333333333,FALSE,TRUE,TRUE
"CALM3","D2_late_increasing","clean_D2",1,5,0.833333333333333,FALSE,TRUE,TRUE
"PRICKLE1","D2_late_increasing","clean_D2",1,5,0.833333333333333,FALSE,TRUE,TRUE
"TXNDC15","D2_late_increasing","clean_D2",1,5,0.833333333333333,FALSE,TRUE,TRUE
"EFEMP1","D2_late_increasing","clean_D2",1,5,0.833333333333333,FALSE,TRUE,TRUE
"CCDC124","D2_late_increasing","clean_D2",1,4,0.666666666666667,FALSE,FALSE,TRUE
"NDUFB2","D2_late_increasing","clean_D2",1,4,0.666666666666667,FALSE,FALSE,TRUE
"GRINA","D2_late_increasing","clean_D2",1,4,0.666666666666667,FALSE,FALSE,TRUE
"FAM177A1","D2_late_increasing","clean_D2",1,5,0.833333333333333,FALSE,TRUE,TRUE
"GIPC1","D2_late_increasing","clean_D2",1,4,0.666666666666667,FALSE,FALSE,TRUE
"ZNF106","D2_late_increasing","clean_D2",1,5,0.833333333333333,FALSE,TRUE,TRUE
"SLC12A4","D2_late_increasing","clean_D2",1,5,0.833333333333333,FALSE,TRUE,TRUE
"SRPX2","D2_late_increasing","clean_D2",1,5,0.833333333333333,FALSE,TRUE,TRUE
"ECHS1","D2_late_increasing","clean_D2",1,4,0.666666666666667,FALSE,FALSE,TRUE
"ANXA1","D2_late_increasing","clean_D2",1,5,0.833333333333333,FALSE,TRUE,TRUE
"FAM234A","D2_late_increasing","clean_D2",1,5,0.833333333333333,FALSE,TRUE,TRUE
"TWF2","D2_late_increasing","clean_D2",1,4,0.666666666666667,FALSE,FALSE,TRUE
"ITGA5","D2_late_increasing","clean_D2",1,5,0.833333333333333,FALSE,TRUE,TRUE
"RARRES3","D2_late_increasing","clean_D2",1,5,0.833333333333333,FALSE,TRUE,TRUE
"AKR1C3","D2_late_increasing","clean_D2",1,5,0.833333333333333,FALSE,TRUE,TRUE
"TMEM208","D2_late_increasing","clean_D2",1,5,0.833333333333333,FALSE,TRUE,TRUE
"BUD31","D2_late_increasing","clean_D2",1,4,0.666666666666667,FALSE,FALSE,TRUE
"CCDC167","D2_late_increasing","clean_D2",1,4,0.666666666666667,FALSE,FALSE,TRUE
"SCARF2","D2_late_increasing","clean_D2",1,5,0.833333333333333,FALSE,TRUE,TRUE
"RNPEPL1","D2_late_increasing","clean_D2",1,4,0.666666666666667,FALSE,FALSE,TRUE
"OLFM2","D2_late_increasing","clean_D2",1,5,0.833333333333333,FALSE,TRUE,TRUE
"SPINT2","D2_late_increasing","clean_D2",1,5,0.833333333333333,FALSE,TRUE,TRUE
"BRI3","D2_late_increasing","clean_D2",1,5,0.833333333333333,FALSE,TRUE,TRUE
"RP11-196G11.1","D2_late_increasing","clean_D2",1,5,0.833333333333333,FALSE,TRUE,TRUE
"KCNK6","D2_late_increasing","clean_D2",1,6,1,TRUE,TRUE,TRUE
"LRPAP1","D2_late_increasing","clean_D2",1,5,0.833333333333333,FALSE,TRUE,TRUE
"FBLIM1","D2_late_increasing","clean_D2",1,5,0.833333333333333,FALSE,TRUE,TRUE
"ARSA","D2_late_increasing","clean_D2",1,4,0.666666666666667,FALSE,FALSE,TRUE
"RNASEH2C","D2_late_increasing","clean_D2",1,4,0.666666666666667,FALSE,FALSE,TRUE
"TXNL4A","D2_late_increasing","clean_D2",1,5,0.833333333333333,FALSE,TRUE,TRUE
"GTF3C6","D2_late_increasing","clean_D2",1,4,0.666666666666667,FALSE,FALSE,TRUE
"AKT1S1","D2_late_increasing","clean_D2",1,4,0.666666666666667,FALSE,FALSE,TRUE
"SH3GL1","D2_late_increasing","clean_D2",1,5,0.833333333333333,FALSE,TRUE,TRUE
"AP3D1","D2_late_increasing","clean_D2",1,6,1,TRUE,TRUE,TRUE
"QSOX1","D2_late_increasing","clean_D2",1,4,0.666666666666667,FALSE,FALSE,TRUE
"TXLNA","D2_late_increasing","clean_D2",1,5,0.833333333333333,FALSE,TRUE,TRUE
"GPC6","D2_late_increasing","clean_D2",1,6,1,TRUE,TRUE,TRUE
"LTBP3","D2_late_increasing","clean_D2",1,5,0.833333333333333,FALSE,TRUE,TRUE
"FAM229B","D2_late_increasing","clean_D2",1,4,0.666666666666667,FALSE,FALSE,TRUE
"C12orf75","D2_late_increasing","clean_D2",1,5,0.833333333333333,FALSE,TRUE,TRUE
"SRM","D2_late_increasing","clean_D2",1,5,0.833333333333333,FALSE,TRUE,TRUE
"PPDPF","D2_late_increasing","clean_D2",1,5,0.833333333333333,FALSE,TRUE,TRUE
"PRKCDBP","D2_late_increasing","clean_D2",1,4,0.666666666666667,FALSE,FALSE,TRUE
"GTF3A","D2_late_increasing","clean_D2",1,5,0.833333333333333,FALSE,TRUE,TRUE
"JDP2","D2_late_increasing","clean_D2",1,5,0.833333333333333,FALSE,TRUE,TRUE
"RP11-282O18.3","D2_late_increasing","clean_D2",1,4,0.666666666666667,FALSE,FALSE,TRUE
"TRAPPC1","D2_late_increasing","clean_D2",1,5,0.833333333333333,FALSE,TRUE,TRUE
"GSR","D2_late_increasing","clean_D2",1,5,0.833333333333333,FALSE,TRUE,TRUE
"PDIA5","D2_late_increasing","clean_D2",1,5,0.833333333333333,FALSE,TRUE,TRUE
"RHOC","D2_late_increasing","clean_D2",1,4,0.666666666666667,FALSE,FALSE,TRUE
"UROD","D2_late_increasing","clean_D2",1,5,0.833333333333333,FALSE,TRUE,TRUE
"IMPDH1","D2_late_increasing","clean_D2",1,5,0.833333333333333,FALSE,TRUE,TRUE
"YIF1B","D2_late_increasing","clean_D2",1,5,0.833333333333333,FALSE,TRUE,TRUE
"MED8","D2_late_increasing","clean_D2",1,5,0.833333333333333,FALSE,TRUE,TRUE
"UQCC2","D2_late_increasing","clean_D2",1,5,0.833333333333333,FALSE,TRUE,TRUE
"CD276","D2_late_increasing","clean_D2",1,4,0.666666666666667,FALSE,FALSE,TRUE
"GLMP","D2_late_increasing","clean_D2",1,4,0.666666666666667,FALSE,FALSE,TRUE
"BTN3A2","D2_late_increasing","clean_D2",1,5,0.833333333333333,FALSE,TRUE,TRUE
"TANC2","D2_late_increasing","clean_D2",1,5,0.833333333333333,FALSE,TRUE,TRUE
"ZNHIT1","D2_late_increasing","clean_D2",1,5,0.833333333333333,FALSE,TRUE,TRUE
"EIF4G1","D2_late_increasing","clean_D2",1,5,0.833333333333333,FALSE,TRUE,TRUE
"UQCRQ","D2_late_increasing","clean_D2",1,5,0.833333333333333,FALSE,TRUE,TRUE
"GRIN2D","D2_late_increasing","clean_D2",1,5,0.833333333333333,FALSE,TRUE,TRUE
"COPA","D2_late_increasing","clean_D2",1,5,0.833333333333333,FALSE,TRUE,TRUE
"FMO1","D2_late_increasing","clean_D2",1,5,0.833333333333333,FALSE,TRUE,TRUE
"CD63","D2_late_increasing","clean_D2",1,5,0.833333333333333,FALSE,TRUE,TRUE
"ARPC4","D2_late_increasing","clean_D2",1,5,0.833333333333333,FALSE,TRUE,TRUE
"ITGB1BP1","D2_late_increasing","clean_D2",1,5,0.833333333333333,FALSE,TRUE,TRUE
"NDST1","D2_late_increasing","clean_D2",1,4,0.666666666666667,FALSE,FALSE,TRUE
"CHPF2","D2_late_increasing","clean_D2",1,6,1,TRUE,TRUE,TRUE
"GLT8D2","D2_late_increasing","clean_D2",1,5,0.833333333333333,FALSE,TRUE,TRUE
"ATP6V0D1","D2_late_increasing","clean_D2",1,5,0.833333333333333,FALSE,TRUE,TRUE
"SEMA3C","D2_late_increasing","clean_D2",1,5,0.833333333333333,FALSE,TRUE,TRUE
"PLEKHA4","D2_late_increasing","clean_D2",1,5,0.833333333333333,FALSE,TRUE,TRUE
"ARPC1A","D2_late_increasing","clean_D2",1,5,0.833333333333333,FALSE,TRUE,TRUE
"A2M","D2_late_increasing","clean_D2",1,4,0.666666666666667,FALSE,FALSE,TRUE
"CDK2AP1","D2_late_increasing","clean_D2",1,4,0.666666666666667,FALSE,FALSE,TRUE
"MINOS1-NBL1","D2_late_increasing","clean_D2",1,4,0.666666666666667,FALSE,FALSE,TRUE
"HAPLN3","D2_late_increasing","clean_D2",1,5,0.833333333333333,FALSE,TRUE,TRUE
"TPM2","D2_late_increasing","clean_D2",1,5,0.833333333333333,FALSE,TRUE,TRUE
"ZEB1","D2_late_increasing","clean_D2",1,5,0.833333333333333,FALSE,TRUE,TRUE
"ERCC1","D2_late_increasing","clean_D2",1,5,0.833333333333333,FALSE,TRUE,TRUE
"MEIS3","D2_late_increasing","clean_D2",1,5,0.833333333333333,FALSE,TRUE,TRUE
"ACTB","D2_late_increasing","clean_D2",1,4,0.666666666666667,FALSE,FALSE,TRUE
"MYLK","D2_late_increasing","clean_D2",1,6,1,TRUE,TRUE,TRUE
"CD82","D2_late_increasing","clean_D2",1,5,0.833333333333333,FALSE,TRUE,TRUE
"PLXNB2","D2_late_increasing","clean_D2",1,5,0.833333333333333,FALSE,TRUE,TRUE
"PLOD2","D2_late_increasing","clean_D2",1,5,0.833333333333333,FALSE,TRUE,TRUE
"LINC01615","D2_late_increasing","clean_D2",1,5,0.833333333333333,FALSE,TRUE,TRUE
"MRPL17","D2_late_increasing","none",1,5,0.833333333333333,FALSE,TRUE,TRUE
"SLC39A13","D2_late_increasing","clean_D2",1,5,0.833333333333333,FALSE,TRUE,TRUE
"ARHGAP28","D2_late_increasing","clean_D2",1,6,1,TRUE,TRUE,TRUE
"RAD51B","D2_late_increasing","clean_D2",1,5,0.833333333333333,FALSE,TRUE,TRUE
"CTSC","D2_late_increasing","clean_D2",1,5,0.833333333333333,FALSE,TRUE,TRUE
"NANS","D2_late_increasing","clean_D2",1,4,0.666666666666667,FALSE,FALSE,TRUE
"GAA","D2_late_increasing","clean_D2",1,5,0.833333333333333,FALSE,TRUE,TRUE
"TNFRSF1A","D2_late_increasing","clean_D2",1,5,0.833333333333333,FALSE,TRUE,TRUE
"GALNT2","D2_late_increasing","clean_D2",1,5,0.833333333333333,FALSE,TRUE,TRUE
"PLAUR","D2_late_increasing","clean_D2",1,5,0.833333333333333,FALSE,TRUE,TRUE
"PAPSS2","D2_late_increasing","clean_D2",1,5,0.833333333333333,FALSE,TRUE,TRUE
"DAPK3","D2_late_increasing","clean_D2",1,5,0.833333333333333,FALSE,TRUE,TRUE
"GPI","D2_late_increasing","clean_D2",1,6,1,TRUE,TRUE,TRUE
"AGTRAP","D2_late_increasing","clean_D2",1,4,0.666666666666667,FALSE,FALSE,TRUE
"HOMER3","D2_late_increasing","clean_D2",1,5,0.833333333333333,FALSE,TRUE,TRUE
"NAA10","D2_late_increasing","clean_D2",1,4,0.666666666666667,FALSE,FALSE,TRUE
"COPZ1","D2_late_increasing","clean_D2",1,5,0.833333333333333,FALSE,TRUE,TRUE
"NRBP1","D2_late_increasing","clean_D2",1,5,0.833333333333333,FALSE,TRUE,TRUE
"NPTX2","D2_late_increasing","clean_D2",1,5,0.833333333333333,FALSE,TRUE,TRUE
"CXXC5","D2_late_increasing","clean_D2",1,5,0.833333333333333,FALSE,TRUE,TRUE
"TMEM147","D2_late_increasing","clean_D2",1,4,0.666666666666667,FALSE,FALSE,TRUE
"CTTN","D2_late_increasing","clean_D2",1,5,0.833333333333333,FALSE,TRUE,TRUE
"METRNL","D2_late_increasing","clean_D2",1,5,0.833333333333333,FALSE,TRUE,TRUE
"XBP1","D2_late_increasing","clean_D2",1,5,0.833333333333333,FALSE,TRUE,TRUE
"FUT11","D2_late_increasing","clean_D2",1,4,0.666666666666667,FALSE,FALSE,TRUE
"DNPH1","D2_late_increasing","clean_D2",1,5,0.833333333333333,FALSE,TRUE,TRUE
"MRPL52","D2_late_increasing","none",1,5,0.833333333333333,FALSE,TRUE,TRUE
"ST3GAL2","D2_late_increasing","clean_D2",1,5,0.833333333333333,FALSE,TRUE,TRUE
"FIBP","D2_late_increasing","clean_D2",1,5,0.833333333333333,FALSE,TRUE,TRUE
"ETHE1","D2_late_increasing","clean_D2",1,5,0.833333333333333,FALSE,TRUE,TRUE
"TMEM219","D2_late_increasing","clean_D2",1,5,0.833333333333333,FALSE,TRUE,TRUE
"CDC42EP5","D2_late_increasing","clean_D2",1,4,0.666666666666667,FALSE,FALSE,TRUE
"C7orf73","D2_late_increasing","clean_D2",1,5,0.833333333333333,FALSE,TRUE,TRUE
"S100A13","D2_late_increasing","clean_D2",1,5,0.833333333333333,FALSE,TRUE,TRUE
"ZYX","D2_late_increasing","clean_D2",1,5,0.833333333333333,FALSE,TRUE,TRUE
"PDZRN4","D2_late_increasing","clean_D2",1,5,0.833333333333333,FALSE,TRUE,TRUE
"MRPL12","D2_late_increasing","none",1,4,0.666666666666667,FALSE,FALSE,TRUE
"MAP7D1","D2_late_increasing","clean_D2",1,5,0.833333333333333,FALSE,TRUE,TRUE
"FHL3","D2_late_increasing","clean_D2",1,5,0.833333333333333,FALSE,TRUE,TRUE
"PGLS","D2_late_increasing","clean_D2",1,4,0.666666666666667,FALSE,FALSE,TRUE
"CAPZB","D2_late_increasing","clean_D2",1,5,0.833333333333333,FALSE,TRUE,TRUE
"ERI3","D2_late_increasing","clean_D2",1,6,1,TRUE,TRUE,TRUE
"PDE4DIP","D2_late_increasing","clean_D2",1,5,0.833333333333333,FALSE,TRUE,TRUE
"GALNT10","D2_late_increasing","clean_D2",1,6,1,TRUE,TRUE,TRUE
"B4GALT1","D2_late_increasing","clean_D2",1,5,0.833333333333333,FALSE,TRUE,TRUE
"NME1","D2_late_increasing","clean_D2",1,5,0.833333333333333,FALSE,TRUE,TRUE
"LMF2","D2_late_increasing","clean_D2",1,5,0.833333333333333,FALSE,TRUE,TRUE
"DPM2","D2_late_increasing","clean_D2",1,5,0.833333333333333,FALSE,TRUE,TRUE
"VTI1B","D2_late_increasing","clean_D2",1,5,0.833333333333333,FALSE,TRUE,TRUE
"TRAPPC2L","D2_late_increasing","clean_D2",1,5,0.833333333333333,FALSE,TRUE,TRUE
"THBS3","D2_late_increasing","clean_D2",1,5,0.833333333333333,FALSE,TRUE,TRUE
"CNN2","D2_late_increasing","clean_D2",1,6,1,TRUE,TRUE,TRUE
"DYNLT1","D2_late_increasing","clean_D2",1,4,0.666666666666667,FALSE,FALSE,TRUE
"VGLL3","D2_late_increasing","clean_D2",1,6,1,TRUE,TRUE,TRUE
"TRIOBP","D2_late_increasing","clean_D2",1,5,0.833333333333333,FALSE,TRUE,TRUE
"THBS1","D2_late_increasing","clean_D2",1,5,0.833333333333333,FALSE,TRUE,TRUE
"EPHB3","D2_late_increasing","clean_D2",1,5,0.833333333333333,FALSE,TRUE,TRUE
"POMP","D2_late_increasing","clean_D2",1,5,0.833333333333333,FALSE,TRUE,TRUE
"MFAP2","D2_late_increasing","clean_D2",1,4,0.666666666666667,FALSE,FALSE,TRUE
"FAM195B","D2_late_increasing","clean_D2",1,5,0.833333333333333,FALSE,TRUE,TRUE
"C11orf96","D2_late_increasing","clean_D2",1,5,0.833333333333333,FALSE,TRUE,TRUE
"PXDN","D2_late_increasing","clean_D2",1,6,1,TRUE,TRUE,TRUE
"COMMD5","D2_late_increasing","clean_D2",1,5,0.833333333333333,FALSE,TRUE,TRUE
"P4HA3","D2_late_increasing","clean_D2",1,5,0.833333333333333,FALSE,TRUE,TRUE
"VOPP1","D2_late_increasing","clean_D2",1,6,1,TRUE,TRUE,TRUE
"ALDH1L2","D2_late_increasing","clean_D2",1,5,0.833333333333333,FALSE,TRUE,TRUE
"TNFSF10","D2_late_increasing","clean_D2",1,5,0.833333333333333,FALSE,TRUE,TRUE
"HEXA","D2_late_increasing","clean_D2",1,5,0.833333333333333,FALSE,TRUE,TRUE
"SEMA3B","D2_late_increasing","clean_D2",1,6,1,TRUE,TRUE,TRUE
"UBE2L6","D2_late_increasing","clean_D2",1,5,0.833333333333333,FALSE,TRUE,TRUE
"SURF4","D2_late_increasing","clean_D2",1,6,1,TRUE,TRUE,TRUE
"SPARCL1","D2_late_increasing","clean_D2",1,5,0.833333333333333,FALSE,TRUE,TRUE
"LASP1","D2_late_increasing","clean_D2",1,6,1,TRUE,TRUE,TRUE
"TP53I3","D2_late_increasing","clean_D2",1,5,0.833333333333333,FALSE,TRUE,TRUE
"SRPRB","D2_late_increasing","clean_D2",1,5,0.833333333333333,FALSE,TRUE,TRUE
"SHISA5","D2_late_increasing","clean_D2",1,4,0.666666666666667,FALSE,FALSE,TRUE
"CTGF","D2_late_increasing","clean_D2",1,6,1,TRUE,TRUE,TRUE
"AC024592.12","D2_late_increasing","clean_D2",1,5,0.833333333333333,FALSE,TRUE,TRUE
"TENM3","D2_late_increasing","clean_D2",1,5,0.833333333333333,FALSE,TRUE,TRUE
"TMEM261","D2_late_increasing","clean_D2",1,5,0.833333333333333,FALSE,TRUE,TRUE
"JTB","D2_late_increasing","clean_D2",1,4,0.666666666666667,FALSE,FALSE,TRUE
"NSMCE1","D2_late_increasing","clean_D2",1,4,0.666666666666667,FALSE,FALSE,TRUE
"CCDC28B","D2_late_increasing","clean_D2",1,5,0.833333333333333,FALSE,TRUE,TRUE
"GRN","D2_late_increasing","clean_D2",1,5,0.833333333333333,FALSE,TRUE,TRUE
"FLNA","D2_late_increasing","clean_D2",1,4,0.666666666666667,FALSE,FALSE,TRUE
"COPG1","D2_late_increasing","clean_D2",1,5,0.833333333333333,FALSE,TRUE,TRUE
"EIF4E2","D2_late_increasing","clean_D2",1,5,0.833333333333333,FALSE,TRUE,TRUE
"LAMB2","D2_late_increasing","clean_D2",1,5,0.833333333333333,FALSE,TRUE,TRUE
"SHC1","D2_late_increasing","clean_D2",1,5,0.833333333333333,FALSE,TRUE,TRUE
"LUM","D2_late_increasing","clean_D2",1,5,0.833333333333333,FALSE,TRUE,TRUE
"ISLR","D2_late_increasing","clean_D2",1,5,0.833333333333333,FALSE,TRUE,TRUE
"MYO1D","D2_late_increasing","clean_D2",1,6,1,TRUE,TRUE,TRUE
"NEK6","D2_late_increasing","clean_D2",1,6,1,TRUE,TRUE,TRUE
"PGM1","D2_late_increasing","clean_D2",1,5,0.833333333333333,FALSE,TRUE,TRUE
"PFN1","D2_late_increasing","clean_D2",1,4,0.666666666666667,FALSE,FALSE,TRUE
"TMEM176B","D2_late_increasing","clean_D2",1,5,0.833333333333333,FALSE,TRUE,TRUE
"MLEC","D2_late_increasing","clean_D2",1,5,0.833333333333333,FALSE,TRUE,TRUE
"HN1","D2_late_increasing","clean_D2",1,5,0.833333333333333,FALSE,TRUE,TRUE
"EDIL3","D2_late_increasing","clean_D2",1,5,0.833333333333333,FALSE,TRUE,TRUE
"SNF8","D2_late_increasing","clean_D2",1,5,0.833333333333333,FALSE,TRUE,TRUE
"MPG","D2_late_increasing","clean_D2",1,4,0.666666666666667,FALSE,FALSE,TRUE
"LINC01116","D2_late_increasing","clean_D2",1,6,1,TRUE,TRUE,TRUE
"SWI5","D2_late_increasing","clean_D2",1,5,0.833333333333333,FALSE,TRUE,TRUE
"NXN","D2_late_increasing","clean_D2",1,5,0.833333333333333,FALSE,TRUE,TRUE
"PTN","D2_late_increasing","clean_D2",1,4,0.666666666666667,FALSE,FALSE,TRUE
"KRT6A","D2_late_increasing","none",1,4,0.666666666666667,FALSE,FALSE,TRUE
"TPM4","D2_late_increasing","clean_D2",1,5,0.833333333333333,FALSE,TRUE,TRUE
"FAM89B","D2_late_increasing","clean_D2",1,4,0.666666666666667,FALSE,FALSE,TRUE
"SMCO4","D2_late_increasing","clean_D2",1,5,0.833333333333333,FALSE,TRUE,TRUE
"APBB2","D2_late_increasing","clean_D2",1,6,1,TRUE,TRUE,TRUE
"A1BG","D2_late_increasing","clean_D2",1,5,0.833333333333333,FALSE,TRUE,TRUE
"HES4","D2_late_increasing","clean_D2",1,5,0.833333333333333,FALSE,TRUE,TRUE
"SSR4","D2_late_increasing","clean_D2",1,4,0.666666666666667,FALSE,FALSE,TRUE
"VAMP5","D2_late_increasing","clean_D2",1,5,0.833333333333333,FALSE,TRUE,TRUE
"KRT16","D2_late_increasing","none",1,4,0.666666666666667,FALSE,FALSE,TRUE
"CTSZ","D2_late_increasing","clean_D2",1,5,0.833333333333333,FALSE,TRUE,TRUE
"FIBIN","D2_late_increasing","clean_D2",1,6,1,TRUE,TRUE,TRUE
"DNAJC1","D2_late_increasing","clean_D2",1,6,1,TRUE,TRUE,TRUE
"ZFHX4","D2_late_increasing","clean_D2",1,5,0.833333333333333,FALSE,TRUE,TRUE
"NEK10","D2_late_increasing","clean_D2",1,6,1,TRUE,TRUE,TRUE
"SGCD","D2_late_increasing","clean_D2",1,5,0.833333333333333,FALSE,TRUE,TRUE
"MSRB3","D2_late_increasing","clean_D2",1,5,0.833333333333333,FALSE,TRUE,TRUE
"PGAM1","D2_late_increasing","clean_D2",1,5,0.833333333333333,FALSE,TRUE,TRUE
"LRRC59","D2_late_increasing","clean_D2",1,6,1,TRUE,TRUE,TRUE
"TAF10","D2_late_increasing","clean_D2",1,4,0.666666666666667,FALSE,FALSE,TRUE
"GPAA1","D2_late_increasing","clean_D2",1,5,0.833333333333333,FALSE,TRUE,TRUE
"DBN1","D2_late_increasing","clean_D2",1,5,0.833333333333333,FALSE,TRUE,TRUE
"APOL2","D2_late_increasing","clean_D2",1,5,0.833333333333333,FALSE,TRUE,TRUE
"MAP4","D2_late_increasing","clean_D2",1,5,0.833333333333333,FALSE,TRUE,TRUE
"NDUFS8","D2_late_increasing","clean_D2",1,5,0.833333333333333,FALSE,TRUE,TRUE
"CAMK1D","D2_late_increasing","clean_D2",1,5,0.833333333333333,FALSE,TRUE,TRUE
"SH3PXD2A","D2_late_increasing","clean_D2",1,6,1,TRUE,TRUE,TRUE
"LAMC1","D2_late_increasing","clean_D2",1,5,0.833333333333333,FALSE,TRUE,TRUE
"MYH9","D2_late_increasing","clean_D2",1,6,1,TRUE,TRUE,TRUE
"PLPP4","D2_late_increasing","clean_D2",1,5,0.833333333333333,FALSE,TRUE,TRUE
"SEC24D","D2_late_increasing","clean_D2",1,6,1,TRUE,TRUE,TRUE
"RPL22L1","D2_late_increasing","none",1,5,0.833333333333333,FALSE,TRUE,TRUE
"EIF4EBP1","D2_late_increasing","clean_D2",1,5,0.833333333333333,FALSE,TRUE,TRUE
"OSTC","D2_late_increasing","clean_D2",1,5,0.833333333333333,FALSE,TRUE,TRUE
"ILK","D2_late_increasing","clean_D2",1,6,1,TRUE,TRUE,TRUE
"COPE","D2_late_increasing","clean_D2",1,5,0.833333333333333,FALSE,TRUE,TRUE
"AHR","D2_late_increasing","clean_D2",1,5,0.833333333333333,FALSE,TRUE,TRUE
"FAM50A","D2_late_increasing","clean_D2",1,6,1,TRUE,TRUE,TRUE
"RYR2","D2_late_increasing","clean_D2",1,5,0.833333333333333,FALSE,TRUE,TRUE
"CNN3","D2_late_increasing","clean_D2",1,5,0.833333333333333,FALSE,TRUE,TRUE
"NGFR","D2_late_increasing","clean_D2",1,5,0.833333333333333,FALSE,TRUE,TRUE
"CCDC107","D2_late_increasing","clean_D2",1,5,0.833333333333333,FALSE,TRUE,TRUE
"AQP1","D2_late_increasing","clean_D2",1,4,0.666666666666667,FALSE,FALSE,TRUE
"CYR61","D2_late_increasing","clean_D2",1,5,0.833333333333333,FALSE,TRUE,TRUE
"SMTN","D2_late_increasing","clean_D2",1,5,0.833333333333333,FALSE,TRUE,TRUE
"DAP","D2_late_increasing","clean_D2",1,5,0.833333333333333,FALSE,TRUE,TRUE
"PHLDA3","D2_late_increasing","clean_D2",1,5,0.833333333333333,FALSE,TRUE,TRUE
"GARS","D2_late_increasing","clean_D2",1,5,0.833333333333333,FALSE,TRUE,TRUE
"CGREF1","D2_late_increasing","clean_D2",1,5,0.833333333333333,FALSE,TRUE,TRUE
"IDH2","D2_late_increasing","clean_D2",1,6,1,TRUE,TRUE,TRUE
"ERLEC1","D2_late_increasing","clean_D2",1,6,1,TRUE,TRUE,TRUE
"C9orf16","D2_late_increasing","clean_D2",1,5,0.833333333333333,FALSE,TRUE,TRUE
"C1QTNF3","D2_late_increasing","clean_D2",1,6,1,TRUE,TRUE,TRUE
"SDF4","D2_late_increasing","clean_D2",1,6,1,TRUE,TRUE,TRUE
"ZCCHC24","D2_late_increasing","clean_D2",1,5,0.833333333333333,FALSE,TRUE,TRUE
"GMPPA","D2_late_increasing","clean_D2",1,6,1,TRUE,TRUE,TRUE
"ALDH18A1","D2_late_increasing","clean_D2",1,6,1,TRUE,TRUE,TRUE
"CIB1","D2_late_increasing","clean_D2",1,6,1,TRUE,TRUE,TRUE
"IGFBP6","D2_late_increasing","clean_D2",1,5,0.833333333333333,FALSE,TRUE,TRUE
"SLC27A4","D2_late_increasing","clean_D2",1,4,0.666666666666667,FALSE,FALSE,TRUE
"JOSD2","D2_late_increasing","clean_D2",1,4,0.666666666666667,FALSE,FALSE,TRUE
"ENAH","D2_late_increasing","clean_D2",1,5,0.833333333333333,FALSE,TRUE,TRUE
"CD99","D2_late_increasing","clean_D2",1,5,0.833333333333333,FALSE,TRUE,TRUE
"UCHL1","D2_late_increasing","clean_D2",1,5,0.833333333333333,FALSE,TRUE,TRUE
"CALU","D2_late_increasing","clean_D2",1,6,1,TRUE,TRUE,TRUE
"TMEM176A","D2_late_increasing","clean_D2",1,5,0.833333333333333,FALSE,TRUE,TRUE
"CKLF","D2_late_increasing","clean_D2",1,6,1,TRUE,TRUE,TRUE
"CYBA","D2_late_increasing","clean_D2",1,5,0.833333333333333,FALSE,TRUE,TRUE
"CSRP2","D2_late_increasing","clean_D2",1,5,0.833333333333333,FALSE,TRUE,TRUE
"VEGFB","D2_late_increasing","clean_D2",1,5,0.833333333333333,FALSE,TRUE,TRUE
"LAMTOR2","D2_late_increasing","clean_D2",1,5,0.833333333333333,FALSE,TRUE,TRUE
"TUBA1C","D2_late_increasing","clean_D2",1,6,1,TRUE,TRUE,TRUE
"KIAA1462","D2_late_increasing","clean_D2",1,6,1,TRUE,TRUE,TRUE
"ACKR1","D2_late_increasing","clean_D2",1,5,0.833333333333333,FALSE,TRUE,TRUE
"PACS1","D2_late_increasing","clean_D2",1,6,1,TRUE,TRUE,TRUE
"RRBP1","D2_late_increasing","clean_D2",1,5,0.833333333333333,FALSE,TRUE,TRUE
"FBLN7","D2_late_increasing","clean_D2",1,5,0.833333333333333,FALSE,TRUE,TRUE
"RTEL1-TNFRSF6B","D2_late_increasing","clean_D2",1,5,0.833333333333333,FALSE,TRUE,TRUE
"NUCB1","D2_late_increasing","clean_D2",1,5,0.833333333333333,FALSE,TRUE,TRUE
"FKBP7","D2_late_increasing","clean_D2",1,6,1,TRUE,TRUE,TRUE
"S100A7","D2_late_increasing","clean_D2",1,5,0.833333333333333,FALSE,TRUE,TRUE
"COTL1","D2_late_increasing","clean_D2",1,6,1,TRUE,TRUE,TRUE
"HLA-DRB1","D2_late_increasing","clean_D2",1,5,0.833333333333333,FALSE,TRUE,TRUE
"SIL1","D2_late_increasing","clean_D2",1,6,1,TRUE,TRUE,TRUE
"SSR3","D2_late_increasing","clean_D2",1,5,0.833333333333333,FALSE,TRUE,TRUE
"IL1R1","D2_late_increasing","clean_D2",1,5,0.833333333333333,FALSE,TRUE,TRUE
"S100A16","D2_late_increasing","clean_D2",1,5,0.833333333333333,FALSE,TRUE,TRUE
"LMCD1","D2_late_increasing","clean_D2",1,6,1,TRUE,TRUE,TRUE
"KHDRBS3","D2_late_increasing","clean_D2",1,5,0.833333333333333,FALSE,TRUE,TRUE
"GALNS","D2_late_increasing","clean_D2",1,5,0.833333333333333,FALSE,TRUE,TRUE
"ADAMTS12","D2_late_increasing","clean_D2",1,6,1,TRUE,TRUE,TRUE
"SAR1A","D2_late_increasing","clean_D2",1,6,1,TRUE,TRUE,TRUE
"ARF4","D2_late_increasing","clean_D2",1,6,1,TRUE,TRUE,TRUE
"TMSB4X","D2_late_increasing","clean_D2",1,4,0.666666666666667,FALSE,FALSE,TRUE
"YIF1A","D2_late_increasing","clean_D2",1,5,0.833333333333333,FALSE,TRUE,TRUE
"ARFGAP1","D2_late_increasing","clean_D2",1,6,1,TRUE,TRUE,TRUE
"GPR78","D2_late_increasing","clean_D2",1,5,0.833333333333333,FALSE,TRUE,TRUE
"ITGBL1","D2_late_increasing","clean_D2",1,6,1,TRUE,TRUE,TRUE
"XG","D2_late_increasing","clean_D2",1,6,1,TRUE,TRUE,TRUE
"CDKN2A","D2_late_increasing","clean_D2",1,5,0.833333333333333,FALSE,TRUE,TRUE
"LAMA4","D2_late_increasing","clean_D2",1,5,0.833333333333333,FALSE,TRUE,TRUE
"LGMN","D2_late_increasing","clean_D2",1,5,0.833333333333333,FALSE,TRUE,TRUE
"CTSA","D2_late_increasing","clean_D2",1,5,0.833333333333333,FALSE,TRUE,TRUE
"SCO2","D2_late_increasing","clean_D2",1,5,0.833333333333333,FALSE,TRUE,TRUE
"CCL14","D2_late_increasing","clean_D2",1,4,0.666666666666667,FALSE,FALSE,TRUE
"SEC61A1","D2_late_increasing","clean_D2",1,5,0.833333333333333,FALSE,TRUE,TRUE
"FMOD","D2_late_increasing","clean_D2",1,5,0.833333333333333,FALSE,TRUE,TRUE
"AKR1A1","D2_late_increasing","clean_D2",1,5,0.833333333333333,FALSE,TRUE,TRUE
"IFI6","D2_late_increasing","clean_D2",1,5,0.833333333333333,FALSE,TRUE,TRUE
"ANXA6","D2_late_increasing","clean_D2",1,5,0.833333333333333,FALSE,TRUE,TRUE
"C7orf50","D2_late_increasing","clean_D2",1,5,0.833333333333333,FALSE,TRUE,TRUE
"IFITM3","D2_late_increasing","clean_D2",1,5,0.833333333333333,FALSE,TRUE,TRUE
"FTL","D2_late_increasing","clean_D2",1,5,0.833333333333333,FALSE,TRUE,TRUE
"FARP1","D2_late_increasing","clean_D2",1,6,1,TRUE,TRUE,TRUE
"HMCN1","D2_late_increasing","clean_D2",1,6,1,TRUE,TRUE,TRUE
"PARVB","D2_late_increasing","clean_D2",1,5,0.833333333333333,FALSE,TRUE,TRUE
"RP11-25H12.1","D2_late_increasing","clean_D2",1,5,0.833333333333333,FALSE,TRUE,TRUE
"SRA1","D2_late_increasing","clean_D2",1,6,1,TRUE,TRUE,TRUE
"LOX","D2_late_increasing","clean_D2",1,5,0.833333333333333,FALSE,TRUE,TRUE
"TUBB2A","D2_late_increasing","clean_D2",1,6,1,TRUE,TRUE,TRUE
"PLTP","D2_late_increasing","clean_D2",1,5,0.833333333333333,FALSE,TRUE,TRUE
"RP11-417E7.2","D2_late_increasing","clean_D2",1,6,1,TRUE,TRUE,TRUE
"C1S","D2_late_increasing","clean_D2",1,5,0.833333333333333,FALSE,TRUE,TRUE
"LGALS1","D2_late_increasing","clean_D2",1,4,0.666666666666667,FALSE,FALSE,TRUE
"TGFB3","D2_late_increasing","clean_D2",1,5,0.833333333333333,FALSE,TRUE,TRUE
"CRABP2","D2_late_increasing","clean_D2",1,5,0.833333333333333,FALSE,TRUE,TRUE
"NID2","D2_late_increasing","clean_D2",1,6,1,TRUE,TRUE,TRUE
"C4orf48","D2_late_increasing","clean_D2",1,5,0.833333333333333,FALSE,TRUE,TRUE
"HTRA1","D2_late_increasing","clean_D2",1,5,0.833333333333333,FALSE,TRUE,TRUE
"FLNC","D2_late_increasing","clean_D2",1,6,1,TRUE,TRUE,TRUE
"MXRA7","D2_late_increasing","clean_D2",1,5,0.833333333333333,FALSE,TRUE,TRUE
"CLEC11A","D2_late_increasing","clean_D2",1,5,0.833333333333333,FALSE,TRUE,TRUE
"IFT20","D2_late_increasing","clean_D2",1,6,1,TRUE,TRUE,TRUE
"ROR2","D2_late_increasing","clean_D2",1,6,1,TRUE,TRUE,TRUE
"NME1-NME2","D2_late_increasing","clean_D2",1,5,0.833333333333333,FALSE,TRUE,TRUE
"TNFAIP6","D2_late_increasing","clean_D2",1,5,0.833333333333333,FALSE,TRUE,TRUE
"RP11-14N7.2","D2_late_increasing","clean_D2",1,5,0.833333333333333,FALSE,TRUE,TRUE
"S100A9","D2_late_increasing","clean_D2",1,5,0.833333333333333,FALSE,TRUE,TRUE
"SNX8","D2_late_increasing","clean_D2",1,6,1,TRUE,TRUE,TRUE
"ECM1","D2_late_increasing","clean_D2",1,5,0.833333333333333,FALSE,TRUE,TRUE
"GPX7","D2_late_increasing","clean_D2",1,6,1,TRUE,TRUE,TRUE
"HIC1","D2_late_increasing","clean_D2",1,5,0.833333333333333,FALSE,TRUE,TRUE
"EPHB2","D2_late_increasing","clean_D2",1,6,1,TRUE,TRUE,TRUE
"GLIPR2","D2_late_increasing","clean_D2",1,6,1,TRUE,TRUE,TRUE
"EVL","D2_late_increasing","clean_D2",1,6,1,TRUE,TRUE,TRUE
"PRAF2","D2_late_increasing","clean_D2",1,6,1,TRUE,TRUE,TRUE
"TMEM214","D2_late_increasing","clean_D2",1,6,1,TRUE,TRUE,TRUE
"CYB561","D2_late_increasing","clean_D2",1,5,0.833333333333333,FALSE,TRUE,TRUE
"MAGED1","D2_late_increasing","clean_D2",1,6,1,TRUE,TRUE,TRUE
"HM13","D2_late_increasing","clean_D2",1,6,1,TRUE,TRUE,TRUE
"FNDC1","D2_late_increasing","clean_D2",1,6,1,TRUE,TRUE,TRUE
"C11orf24","D2_late_increasing","clean_D2",1,6,1,TRUE,TRUE,TRUE
"HTRA3","D2_late_increasing","clean_D2",1,5,0.833333333333333,FALSE,TRUE,TRUE
"NT5DC2","D2_late_increasing","clean_D2",1,6,1,TRUE,TRUE,TRUE
"PLAU","D2_late_increasing","clean_D2",1,6,1,TRUE,TRUE,TRUE
"NAGK","D2_late_increasing","clean_D2",1,5,0.833333333333333,FALSE,TRUE,TRUE
"SPATS2L","D2_late_increasing","clean_D2",1,6,1,TRUE,TRUE,TRUE
"FKBP9","D2_late_increasing","clean_D2",1,6,1,TRUE,TRUE,TRUE
"PLOD1","D2_late_increasing","clean_D2",1,5,0.833333333333333,FALSE,TRUE,TRUE
"SEMA6B","D2_late_increasing","clean_D2",1,6,1,TRUE,TRUE,TRUE
"TXNDC5","D2_late_increasing","clean_D2",1,6,1,TRUE,TRUE,TRUE
"P4HB","D2_late_increasing","clean_D2",1,5,0.833333333333333,FALSE,TRUE,TRUE
"CUEDC1","D2_late_increasing","clean_D2",1,5,0.833333333333333,FALSE,TRUE,TRUE
"SLC38A10","D2_late_increasing","clean_D2",1,6,1,TRUE,TRUE,TRUE
"POLD4","D2_late_increasing","clean_D2",1,6,1,TRUE,TRUE,TRUE
"CISD1","D2_late_increasing","clean_D2",1,5,0.833333333333333,FALSE,TRUE,TRUE
"TTYH3","D2_late_increasing","clean_D2",1,6,1,TRUE,TRUE,TRUE
"DAB2","D2_late_increasing","clean_D2",1,5,0.833333333333333,FALSE,TRUE,TRUE
"OLFML3","D2_late_increasing","clean_D2",1,5,0.833333333333333,FALSE,TRUE,TRUE
"RPS26","D2_late_increasing","none",1,4,0.666666666666667,FALSE,FALSE,TRUE
"HDLBP","D2_late_increasing","clean_D2",1,6,1,TRUE,TRUE,TRUE
"KDELR2","D2_late_increasing","clean_D2",1,5,0.833333333333333,FALSE,TRUE,TRUE
"PLIN3","D2_late_increasing","clean_D2",1,5,0.833333333333333,FALSE,TRUE,TRUE
"METRN","D2_late_increasing","clean_D2",1,5,0.833333333333333,FALSE,TRUE,TRUE
"IFI27","D2_late_increasing","clean_D2",1,5,0.833333333333333,FALSE,TRUE,TRUE
"BACE2","D2_late_increasing","clean_D2",1,6,1,TRUE,TRUE,TRUE
"ANGPTL2","D2_late_increasing","clean_D2",1,6,1,TRUE,TRUE,TRUE
"TMED3","D2_late_increasing","clean_D2",1,6,1,TRUE,TRUE,TRUE
"TGFBI","D2_late_increasing","clean_D2",1,5,0.833333333333333,FALSE,TRUE,TRUE
"ABI3BP","D2_late_increasing","clean_D2",1,5,0.833333333333333,FALSE,TRUE,TRUE
"SORCS2","D2_late_increasing","clean_D2",1,5,0.833333333333333,FALSE,TRUE,TRUE
"TPM1","D2_late_increasing","clean_D2",1,6,1,TRUE,TRUE,TRUE
"HMCN2","D2_late_increasing","clean_D2",1,6,1,TRUE,TRUE,TRUE
"MYOF","D2_late_increasing","clean_D2",1,6,1,TRUE,TRUE,TRUE
"AP2S1","D2_late_increasing","clean_D2",1,6,1,TRUE,TRUE,TRUE
"PDGFRL","D2_late_increasing","clean_D2",1,5,0.833333333333333,FALSE,TRUE,TRUE
"SEC13","D2_late_increasing","clean_D2",1,6,1,TRUE,TRUE,TRUE
"RUNX1","D2_late_increasing","clean_D2",1,6,1,TRUE,TRUE,TRUE
"PLXDC2","D2_late_increasing","clean_D2",1,6,1,TRUE,TRUE,TRUE
"LRP1","D2_late_increasing","clean_D2",1,5,0.833333333333333,FALSE,TRUE,TRUE
"BGN","D2_late_increasing","clean_D2",1,5,0.833333333333333,FALSE,TRUE,TRUE
"ADAMTS14","D2_late_increasing","clean_D2",1,5,0.833333333333333,FALSE,TRUE,TRUE
"FKBP14","D2_late_increasing","clean_D2",1,6,1,TRUE,TRUE,TRUE
"ATOX1","D2_late_increasing","clean_D2",1,6,1,TRUE,TRUE,TRUE
"NME4","D2_late_increasing","clean_D2",1,5,0.833333333333333,FALSE,TRUE,TRUE
"ISOC2","D2_late_increasing","clean_D2",1,6,1,TRUE,TRUE,TRUE
"CD151","D2_late_increasing","clean_D2",1,5,0.833333333333333,FALSE,TRUE,TRUE
"CTSB","D2_late_increasing","clean_D2",1,5,0.833333333333333,FALSE,TRUE,TRUE
"MVP","D2_late_increasing","clean_D2",1,5,0.833333333333333,FALSE,TRUE,TRUE
"MAP4K4","D2_late_increasing","clean_D2",1,5,0.833333333333333,FALSE,TRUE,TRUE
"C1R","D2_late_increasing","clean_D2",1,5,0.833333333333333,FALSE,TRUE,TRUE
"FAM20C","D2_late_increasing","clean_D2",1,6,1,TRUE,TRUE,TRUE
"GPX8","D2_late_increasing","clean_D2",1,6,1,TRUE,TRUE,TRUE
"OST4","D2_late_increasing","clean_D2",1,6,1,TRUE,TRUE,TRUE
"RCN1","D2_late_increasing","clean_D2",1,5,0.833333333333333,FALSE,TRUE,TRUE
"INAFM1","D2_late_increasing","clean_D2",1,6,1,TRUE,TRUE,TRUE
"PRDX4","D2_late_increasing","clean_D2",1,5,0.833333333333333,FALSE,TRUE,TRUE
"AC005943.2","D2_late_increasing","clean_D2",1,5,0.833333333333333,FALSE,TRUE,TRUE
"S100A8","D2_late_increasing","clean_D2",1,5,0.833333333333333,FALSE,TRUE,TRUE
"FBLN1","D2_late_increasing","clean_D2",1,5,0.833333333333333,FALSE,TRUE,TRUE
"TMEM119","D2_late_increasing","clean_D2",1,5,0.833333333333333,FALSE,TRUE,TRUE
"MIR99AHG","D2_late_increasing","clean_D2",1,6,1,TRUE,TRUE,TRUE
"EHD2","D2_late_increasing","clean_D2",1,6,1,TRUE,TRUE,TRUE
"LRRC32","D2_late_increasing","clean_D2",1,6,1,TRUE,TRUE,TRUE
"ISG15","D2_late_increasing","clean_D2",1,6,1,TRUE,TRUE,TRUE
"CADM1","D2_late_increasing","clean_D2",1,6,1,TRUE,TRUE,TRUE
"FAM114A1","D2_late_increasing","clean_D2",1,6,1,TRUE,TRUE,TRUE
"PDXK","D2_late_increasing","clean_D2",1,6,1,TRUE,TRUE,TRUE
"CTSK","D2_late_increasing","clean_D2",1,5,0.833333333333333,FALSE,TRUE,TRUE
"PHPT1","D2_late_increasing","clean_D2",1,5,0.833333333333333,FALSE,TRUE,TRUE
"KDELR3","D2_late_increasing","clean_D2",1,6,1,TRUE,TRUE,TRUE
"SSC5D","D2_late_increasing","clean_D2",1,5,0.833333333333333,FALSE,TRUE,TRUE
"ARHGAP1","D2_late_increasing","clean_D2",1,6,1,TRUE,TRUE,TRUE
"HEG1","D2_late_increasing","clean_D2",1,6,1,TRUE,TRUE,TRUE
"TNFRSF12A","D2_late_increasing","clean_D2",1,6,1,TRUE,TRUE,TRUE
"DPT","D2_late_increasing","clean_D2",1,5,0.833333333333333,FALSE,TRUE,TRUE
"ITGA11","D2_late_increasing","clean_D2",1,6,1,TRUE,TRUE,TRUE
"PIEZO2","D2_late_increasing","clean_D2",1,6,1,TRUE,TRUE,TRUE
"B4GALT2","D2_late_increasing","clean_D2",1,6,1,TRUE,TRUE,TRUE
"TYMP","D2_late_increasing","clean_D2",1,5,0.833333333333333,FALSE,TRUE,TRUE
"CD74","D2_late_increasing","clean_D2",1,5,0.833333333333333,FALSE,TRUE,TRUE
"HLA-DRA","D2_late_increasing","clean_D2",1,5,0.833333333333333,FALSE,TRUE,TRUE
"EFEMP2","D2_late_increasing","clean_D2",1,5,0.833333333333333,FALSE,TRUE,TRUE
"PALLD","D2_late_increasing","clean_D2",1,6,1,TRUE,TRUE,TRUE
"CST3","D2_late_increasing","clean_D2",1,5,0.833333333333333,FALSE,TRUE,TRUE
"C1orf122","D2_late_increasing","clean_D2",1,6,1,TRUE,TRUE,TRUE
"GAS6","D2_late_increasing","clean_D2",1,5,0.833333333333333,FALSE,TRUE,TRUE
"ZMAT3","D2_late_increasing","clean_D2",1,6,1,TRUE,TRUE,TRUE
"LIMA1","D2_late_increasing","clean_D2",1,6,1,TRUE,TRUE,TRUE
"PDLIM7","D2_late_increasing","clean_D2",1,6,1,TRUE,TRUE,TRUE
"PDLIM2","D2_late_increasing","clean_D2",1,6,1,TRUE,TRUE,TRUE
"MYDGF","D2_late_increasing","clean_D2",1,6,1,TRUE,TRUE,TRUE
"CILP2","D2_late_increasing","clean_D2",1,6,1,TRUE,TRUE,TRUE
"GUCY1A3","D2_late_increasing","clean_D2",1,6,1,TRUE,TRUE,TRUE
"BNC2","D2_late_increasing","clean_D2",1,6,1,TRUE,TRUE,TRUE
"COL18A1","D2_late_increasing","clean_D2",1,5,0.833333333333333,FALSE,TRUE,TRUE
"LGALS3BP","D2_late_increasing","clean_D2",1,5,0.833333333333333,FALSE,TRUE,TRUE
"TMSB10","D2_late_increasing","clean_D2",1,5,0.833333333333333,FALSE,TRUE,TRUE
"S100A11","D2_late_increasing","clean_D2",1,5,0.833333333333333,FALSE,TRUE,TRUE
"C1QTNF5","D2_late_increasing","clean_D2",1,5,0.833333333333333,FALSE,TRUE,TRUE
"FSTL1","D2_late_increasing","clean_D2",1,5,0.833333333333333,FALSE,TRUE,TRUE
"OGN","D2_late_increasing","clean_D2",1,6,1,TRUE,TRUE,TRUE
"THBS4","D2_late_increasing","clean_D2",1,5,0.833333333333333,FALSE,TRUE,TRUE
"GOLM1","D2_late_increasing","clean_D2",1,6,1,TRUE,TRUE,TRUE
"P3H3","D2_late_increasing","clean_D2",1,6,1,TRUE,TRUE,TRUE
"HCFC1R1","D2_late_increasing","clean_D2",1,5,0.833333333333333,FALSE,TRUE,TRUE
"ARPC1B","D2_late_increasing","clean_D2",1,5,0.833333333333333,FALSE,TRUE,TRUE
"FKBP11","D2_late_increasing","clean_D2",1,6,1,TRUE,TRUE,TRUE
"CCDC80","D2_late_increasing","clean_D2",1,5,0.833333333333333,FALSE,TRUE,TRUE
"AK1","D2_late_increasing","clean_D2",1,6,1,TRUE,TRUE,TRUE
"C1QTNF6","D2_late_increasing","clean_D2",1,6,1,TRUE,TRUE,TRUE
"PODN","D2_late_increasing","clean_D2",1,5,0.833333333333333,FALSE,TRUE,TRUE
"ACTA2","D2_late_increasing","clean_D2",1,6,1,TRUE,TRUE,TRUE
"CKAP4","D2_late_increasing","clean_D2",1,6,1,TRUE,TRUE,TRUE
"SULF1","D2_late_increasing","clean_D2",1,6,1,TRUE,TRUE,TRUE
"ZNF469","D2_late_increasing","clean_D2",1,6,1,TRUE,TRUE,TRUE
"P3H1","D2_late_increasing","clean_D2",1,6,1,TRUE,TRUE,TRUE
"MIR4435-2HG","D2_late_increasing","clean_D2",1,6,1,TRUE,TRUE,TRUE
"FAP","D2_late_increasing","clean_D2",1,6,1,TRUE,TRUE,TRUE
"TSHZ2","D2_late_increasing","clean_D2",1,6,1,TRUE,TRUE,TRUE
"COL11A1","D2_late_increasing","clean_D2",1,5,0.833333333333333,FALSE,TRUE,TRUE
"VKORC1","D2_late_increasing","clean_D2",1,5,0.833333333333333,FALSE,TRUE,TRUE
"SMOC2","D2_late_increasing","clean_D2",1,6,1,TRUE,TRUE,TRUE
"CHPF","D2_late_increasing","clean_D2",1,6,1,TRUE,TRUE,TRUE
"NBL1","D2_late_increasing","clean_D2",1,5,0.833333333333333,FALSE,TRUE,TRUE
"COL12A1","D2_late_increasing","clean_D2",1,6,1,TRUE,TRUE,TRUE
"FKBP10","D2_late_increasing","clean_D2",1,6,1,TRUE,TRUE,TRUE
"SULF2","D2_late_increasing","clean_D2",1,6,1,TRUE,TRUE,TRUE
"COL16A1","D2_late_increasing","clean_D2",1,6,1,TRUE,TRUE,TRUE
"MMP2","D2_late_increasing","clean_D2",1,5,0.833333333333333,FALSE,TRUE,TRUE
"SERF2","D2_late_increasing","clean_D2",1,5,0.833333333333333,FALSE,TRUE,TRUE
"MXRA5","D2_late_increasing","clean_D2",1,6,1,TRUE,TRUE,TRUE
"P4HA2","D2_late_increasing","clean_D2",1,6,1,TRUE,TRUE,TRUE
"NREP","D2_late_increasing","clean_D2",1,6,1,TRUE,TRUE,TRUE
"PYCR1","D2_late_increasing","clean_D2",1,6,1,TRUE,TRUE,TRUE
"EMILIN1","D2_late_increasing","clean_D2",1,6,1,TRUE,TRUE,TRUE
"MYL9","D2_late_increasing","clean_D2",1,6,1,TRUE,TRUE,TRUE
"RARRES2","D2_late_increasing","clean_D2",1,5,0.833333333333333,FALSE,TRUE,TRUE
"LINC00152","D2_late_increasing","clean_D2",1,6,1,TRUE,TRUE,TRUE
"P3H4","D2_late_increasing","clean_D2",1,6,1,TRUE,TRUE,TRUE
"PPIB","D2_late_increasing","clean_D2",1,6,1,TRUE,TRUE,TRUE
"VCAN","D2_late_increasing","clean_D2",1,6,1,TRUE,TRUE,TRUE
"CPXM1","D2_late_increasing","clean_D2",1,5,0.833333333333333,FALSE,TRUE,TRUE
"IGFBP4","D2_late_increasing","clean_D2",1,5,0.833333333333333,FALSE,TRUE,TRUE
"ARMC9","D2_late_increasing","clean_D2",1,6,1,TRUE,TRUE,TRUE
"SERPINF1","D2_late_increasing","clean_D2",1,5,0.833333333333333,FALSE,TRUE,TRUE
"COPZ2","D2_late_increasing","clean_D2",1,6,1,TRUE,TRUE,TRUE
"PPIC","D2_late_increasing","clean_D2",1,5,0.833333333333333,FALSE,TRUE,TRUE
"FOXP1","D2_late_increasing","clean_D2",1,6,1,TRUE,TRUE,TRUE
"OLFML2B","D2_late_increasing","clean_D2",1,6,1,TRUE,TRUE,TRUE
"LRRC15","D2_late_increasing","clean_D2",1,6,1,TRUE,TRUE,TRUE
"ASPN","D2_late_increasing","clean_D2",1,6,1,TRUE,TRUE,TRUE
"COL5A3","D2_late_increasing","clean_D2",1,6,1,TRUE,TRUE,TRUE
"SFRP4","D2_late_increasing","clean_D2",1,6,1,TRUE,TRUE,TRUE
"SEPT11","D2_late_increasing","clean_D2",1,6,1,TRUE,TRUE,TRUE
"BASP1","D2_late_increasing","clean_D2",1,6,1,TRUE,TRUE,TRUE
"NNMT","D2_late_increasing","clean_D2",1,5,0.833333333333333,FALSE,TRUE,TRUE
"MARCKS","D2_late_increasing","clean_D2",1,6,1,TRUE,TRUE,TRUE
"HSPG2","D2_late_increasing","clean_D2",1,5,0.833333333333333,FALSE,TRUE,TRUE
"TIMP1","D2_late_increasing","clean_D2",1,5,0.833333333333333,FALSE,TRUE,TRUE
"ARL4C","D2_late_increasing","clean_D2",1,6,1,TRUE,TRUE,TRUE
"AEBP1","D2_late_increasing","clean_D2",1,6,1,TRUE,TRUE,TRUE
"WISP2","D2_late_increasing","clean_D2",1,5,0.833333333333333,FALSE,TRUE,TRUE
"TAGLN","D2_late_increasing","clean_D2",1,6,1,TRUE,TRUE,TRUE
"BMP1","D2_late_increasing","clean_D2",1,6,1,TRUE,TRUE,TRUE
"COL8A1","D2_late_increasing","clean_D2",1,6,1,TRUE,TRUE,TRUE
"THBS2","D2_late_increasing","clean_D2",1,6,1,TRUE,TRUE,TRUE
"FBN1","D2_late_increasing","clean_D2",1,6,1,TRUE,TRUE,TRUE
"MRC2","D2_late_increasing","clean_D2",1,6,1,TRUE,TRUE,TRUE
"COL6A1","D2_late_increasing","clean_D2",1,6,1,TRUE,TRUE,TRUE
"CTHRC1","D2_late_increasing","clean_D2",1,6,1,TRUE,TRUE,TRUE
"PCOLCE","D2_late_increasing","clean_D2",1,5,0.833333333333333,FALSE,TRUE,TRUE
"COL14A1","D2_late_increasing","clean_D2",1,6,1,TRUE,TRUE,TRUE
"ADAMTS2","D2_late_increasing","clean_D2",1,6,1,TRUE,TRUE,TRUE
"COMP","D2_late_increasing","clean_D2",1,6,1,TRUE,TRUE,TRUE
"IGFBP7","D2_late_increasing","clean_D2",1,5,0.833333333333333,FALSE,TRUE,TRUE
"COL6A3","D2_late_increasing","clean_D2",1,6,1,TRUE,TRUE,TRUE
"RCN3","D2_late_increasing","clean_D2",1,6,1,TRUE,TRUE,TRUE
"POSTN","D2_late_increasing","clean_D2",1,6,1,TRUE,TRUE,TRUE
"ADAM12","D2_late_increasing","clean_D2",1,6,1,TRUE,TRUE,TRUE
"COL6A2","D2_late_increasing","clean_D2",1,6,1,TRUE,TRUE,TRUE
"MDK","D2_late_increasing","clean_D2",1,6,1,TRUE,TRUE,TRUE
"CREB3L1","D2_late_increasing","clean_D2",1,6,1,TRUE,TRUE,TRUE
"CERCAM","D2_late_increasing","clean_D2",1,6,1,TRUE,TRUE,TRUE
"GXYLT2","D2_late_increasing","clean_D2",1,6,1,TRUE,TRUE,TRUE
"SERPINH1","D2_late_increasing","clean_D2",1,6,1,TRUE,TRUE,TRUE
"THY1","D2_late_increasing","clean_D2",1,6,1,TRUE,TRUE,TRUE
"FN1","D2_late_increasing","clean_D2",1,6,1,TRUE,TRUE,TRUE
"SFRP2","D2_late_increasing","clean_D2",1,6,1,TRUE,TRUE,TRUE
"COL5A2","D2_late_increasing","clean_D2",1,6,1,TRUE,TRUE,TRUE
"COL3A1","D2_late_increasing","clean_D2",1,6,1,TRUE,TRUE,TRUE
"COL5A1","D2_late_increasing","clean_D2",1,6,1,TRUE,TRUE,TRUE
"COL1A2","D2_late_increasing","clean_D2",1,6,1,TRUE,TRUE,TRUE
"SPARC","D2_late_increasing","clean_D2",1,6,1,TRUE,TRUE,TRUE
"COL1A1","D2_late_increasing","clean_D2",1,6,1,TRUE,TRUE,TRUE
