"gene","dynamic_module","clean_module","expected_sign","n_evaluable_donors","n_concordant_donors","concordant_fraction","median_within_donor_rho","majority_concordant","two_thirds_concordant"
"LAMC3","D1_early_decreasing","clean_D1",-1,2,2,1,-0.214446164735955,NA,NA
"SEMA3G","D1_early_decreasing","clean_D1",-1,2,2,1,-0.356362596965365,NA,NA
"IGFBP3","D1_early_decreasing","clean_D1",-1,5,4,0.8,-0.121555482218985,TRUE,TRUE
"ALX4","D1_early_decreasing","clean_D1",-1,2,2,1,-0.175832159302279,NA,NA
"COL23A1","D1_early_decreasing","clean_D1",-1,3,3,1,-0.200954610484874,TRUE,TRUE
"TFAP2A","D1_early_decreasing","clean_D1",-1,4,4,1,-0.134057572200617,TRUE,TRUE
"TCF4","D1_early_decreasing","clean_D1",-1,5,3,0.6,-0.0275079393610568,TRUE,FALSE
"BMP7","D1_early_decreasing","clean_D1",-1,2,2,1,-0.364590586499248,NA,NA
"BMP4","D1_early_decreasing","clean_D1",-1,4,4,1,-0.181748554870316,TRUE,TRUE
"SLC5A3","D1_early_decreasing","clean_D1",-1,3,2,0.666666666666667,-0.0751603117688647,TRUE,TRUE
"GADD45G","D1_early_decreasing","clean_D1",-1,4,4,1,-0.114621134574541,TRUE,TRUE
"SERPINE2","D1_early_decreasing","clean_D1",-1,5,4,0.8,-0.0396605249979872,TRUE,TRUE
"INHBB","D1_early_decreasing","clean_D1",-1,3,3,1,-0.146781085097624,TRUE,TRUE
"PRLR","D1_early_decreasing","clean_D1",-1,1,1,1,-0.01411032295739,NA,NA
"TRPS1","D1_early_decreasing","clean_D1",-1,5,3,0.6,-0.139626447807861,TRUE,FALSE
"TIMP3","D1_early_decreasing","clean_D1",-1,5,3,0.6,-0.0629501923955917,TRUE,FALSE
"PRDM1","D1_early_decreasing","clean_D1",-1,2,2,1,-0.265872926810983,NA,NA
"PTCH1","D1_early_decreasing","clean_D1",-1,3,3,1,-0.32467877421237,TRUE,TRUE
"APCDD1","D1_early_decreasing","clean_D1",-1,5,5,1,-0.100524721128338,TRUE,TRUE
"DAAM2","D1_early_decreasing","clean_D1",-1,5,3,0.6,-0.127628217358687,TRUE,FALSE
"INHBA","D1_early_decreasing","clean_D1",-1,5,3,0.6,-0.0874415554720071,TRUE,FALSE
"BCL2","D1_early_decreasing","clean_D1",-1,5,4,0.8,-0.0777001371435556,TRUE,TRUE
"CENPW","D1_early_decreasing","clean_D1",-1,2,2,1,-0.392923242753238,NA,NA
"CEBPA","D1_early_decreasing","clean_D1",-1,2,2,1,-0.09301331531103,NA,NA
"IGFBP2","D1_early_decreasing","clean_D1",-1,2,2,1,-0.122027044449346,NA,NA
"MRPS6","D1_early_decreasing","none",-1,5,2,0.4,0.00369025968228395,FALSE,FALSE
"CRABP1","D1_early_decreasing","clean_D1",-1,4,4,1,-0.216576861930198,TRUE,TRUE
"ROBO2","D1_early_decreasing","clean_D1",-1,5,3,0.6,-0.0437656852362139,TRUE,FALSE
"DKK2","D1_early_decreasing","clean_D1",-1,4,2,0.5,0.0138176628143905,FALSE,FALSE
"PHLDA1","D1_early_decreasing","clean_D1",-1,3,2,0.666666666666667,-0.168959628883251,TRUE,TRUE
"DIO2","D1_early_decreasing","clean_D1",-1,4,3,0.75,-0.0590382869918607,TRUE,TRUE
"MYLIP","D1_early_decreasing","clean_D1",-1,5,5,1,-0.0268427299577454,TRUE,TRUE
"LUZP2","D1_early_decreasing","clean_D1",-1,3,2,0.666666666666667,-0.024998465678189,TRUE,TRUE
"ZDHHC14","D1_early_decreasing","clean_D1",-1,4,2,0.5,0.013355965547072,FALSE,FALSE
"PGM2L1","D1_early_decreasing","clean_D1",-1,2,2,1,-0.343513309927019,NA,NA
"PREX2","D1_early_decreasing","clean_D1",-1,3,2,0.666666666666667,-0.034625573871536,TRUE,TRUE
"TNN","D1_early_decreasing","clean_D1",-1,2,2,1,-0.162484666269595,NA,NA
"F2R","D1_early_decreasing","clean_D1",-1,5,2,0.4,0.0193394077552869,FALSE,FALSE
"PLEKHH2","D1_early_decreasing","clean_D1",-1,5,2,0.4,0.0180729395801808,FALSE,FALSE
"HIST1H2BD","D1_early_decreasing","none",-1,2,1,0.5,0.0326895021282749,NA,NA
"TWIST1","D1_early_decreasing","clean_D1",-1,5,3,0.6,-0.0149482056889123,TRUE,FALSE
"HIST2H2BE","D1_early_decreasing","none",-1,2,0,0,0.0336946555490187,NA,NA
"ITGA8","D1_early_decreasing","clean_D1",-1,4,3,0.75,-0.0307023207483238,TRUE,TRUE
"CPE","D1_early_decreasing","clean_D1",-1,5,3,0.6,-0.0367843417509539,TRUE,FALSE
"SOX18","D1_early_decreasing","clean_D1",-1,4,3,0.75,-0.186366304470615,TRUE,TRUE
"PTMA","D2_late_increasing","none",1,5,0,0,-0.257752762773452,FALSE,FALSE
"RPL35A","D2_late_increasing","none",1,5,0,0,-0.326846092132433,FALSE,FALSE
"RPL34","D2_late_increasing","none",1,5,0,0,-0.266283817578805,FALSE,FALSE
"SLC35F1","D2_late_increasing","none",1,5,0,0,-0.146362184513187,FALSE,FALSE
"H3F3B","D2_late_increasing","none",1,5,0,0,-0.344361381157124,FALSE,FALSE
"RPL13","D2_late_increasing","none",1,5,0,0,-0.171958461400734,FALSE,FALSE
"RPL11","D2_late_increasing","none",1,5,0,0,-0.353867576084674,FALSE,FALSE
"RPS27A","D2_late_increasing","none",1,5,0,0,-0.244232080260656,FALSE,FALSE
"RPS13","D2_late_increasing","none",1,5,1,0.2,-0.303200070852458,FALSE,FALSE
"RPL26","D2_late_increasing","none",1,5,0,0,-0.315859314953251,FALSE,FALSE
"RPL37A","D2_late_increasing","none",1,5,0,0,-0.299626613750606,FALSE,FALSE
"RPL5","D2_late_increasing","none",1,5,1,0.2,-0.232210799625974,FALSE,FALSE
"RPL13A","D2_late_increasing","none",1,5,0,0,-0.315985795708872,FALSE,FALSE
"FAU","D2_late_increasing","none",1,5,0,0,-0.257968495303693,FALSE,FALSE
"RPL19","D2_late_increasing","none",1,5,0,0,-0.277683876057627,FALSE,FALSE
"RPL6","D2_late_increasing","none",1,5,0,0,-0.346098672617228,FALSE,FALSE
"RPS14","D2_late_increasing","none",1,5,0,0,-0.325322244555743,FALSE,FALSE
"RPL4","D2_late_increasing","none",1,5,0,0,-0.194972609086082,FALSE,FALSE
"RPL30","D2_late_increasing","none",1,5,0,0,-0.333824140382137,FALSE,FALSE
"RPS27","D2_late_increasing","none",1,5,0,0,-0.314703108443298,FALSE,FALSE
"RPL24","D2_late_increasing","none",1,5,0,0,-0.23664931063068,FALSE,FALSE
"GNB2L1","D2_late_increasing","none",1,5,0,0,-0.209919389204184,FALSE,FALSE
"RPL12","D2_late_increasing","none",1,5,1,0.2,-0.181382178175811,FALSE,FALSE
"RPS23","D2_late_increasing","none",1,5,1,0.2,-0.269875608279005,FALSE,FALSE
"RPL38","D2_late_increasing","none",1,5,1,0.2,-0.229571741471889,FALSE,FALSE
"RPS9","D2_late_increasing","none",1,5,0,0,-0.294372715033439,FALSE,FALSE
"RPL37","D2_late_increasing","none",1,5,0,0,-0.267210766613948,FALSE,FALSE
"RPL3","D2_late_increasing","none",1,5,0,0,-0.255457379046588,FALSE,FALSE
"RPS6","D2_late_increasing","none",1,5,0,0,-0.286866008229157,FALSE,FALSE
"RPL18","D2_late_increasing","none",1,5,0,0,-0.267074414053748,FALSE,FALSE
"RPL9","D2_late_increasing","none",1,5,0,0,-0.293760972299051,FALSE,FALSE
"RPS21","D2_late_increasing","none",1,5,1,0.2,-0.271123029799675,FALSE,FALSE
"EEF1A1","D2_late_increasing","none",1,5,0,0,-0.311251776685457,FALSE,FALSE
"RPL32","D2_late_increasing","none",1,5,0,0,-0.289188624630718,FALSE,FALSE
"RPS4X","D2_late_increasing","none",1,5,0,0,-0.252426269346464,FALSE,FALSE
"RPL23","D2_late_increasing","none",1,5,0,0,-0.26871426945127,FALSE,FALSE
"RPL14","D2_late_increasing","none",1,5,0,0,-0.155321478571829,FALSE,FALSE
"RPS3A","D2_late_increasing","none",1,5,0,0,-0.263571552856126,FALSE,FALSE
"RPL21","D2_late_increasing","none",1,5,0,0,-0.232921247285324,FALSE,FALSE
"RPL7","D2_late_increasing","none",1,5,0,0,-0.244631430659925,FALSE,FALSE
"RPL22","D2_late_increasing","none",1,5,1,0.2,-0.221298955381909,FALSE,FALSE
"RPS8","D2_late_increasing","none",1,5,1,0.2,-0.306024530702593,FALSE,FALSE
"HSP90AB1","D2_late_increasing","none",1,5,0,0,-0.235739318848203,FALSE,FALSE
"VIM","D2_late_increasing","none",1,5,0,0,-0.300615542087384,FALSE,FALSE
"RPS16","D2_late_increasing","none",1,5,0,0,-0.263538721443765,FALSE,FALSE
"NACA","D2_late_increasing","none",1,5,0,0,-0.261477792849364,FALSE,FALSE
"RPS20","D2_late_increasing","none",1,5,1,0.2,-0.242257177708922,FALSE,FALSE
"GLTSCR2","D2_late_increasing","none",1,5,1,0.2,-0.0315433174263033,FALSE,FALSE
"RPL36A","D2_late_increasing","none",1,5,0,0,-0.120104582079907,FALSE,FALSE
"RPS3","D2_late_increasing","none",1,5,1,0.2,-0.217051371982204,FALSE,FALSE
"JUNB","D2_late_increasing","none",1,5,1,0.2,-0.110768980887535,FALSE,FALSE
"RPL23A","D2_late_increasing","none",1,5,0,0,-0.238090252531335,FALSE,FALSE
"RPS5","D2_late_increasing","none",1,5,0,0,-0.167956150304113,FALSE,FALSE
"BTF3","D2_late_increasing","none",1,5,0,0,-0.238945327111437,FALSE,FALSE
"RPS17","D2_late_increasing","none",1,5,0,0,-0.111669289321692,FALSE,FALSE
"RPL17-C18orf32","D2_late_increasing","none",1,5,1,0.2,-0.190436143509063,FALSE,FALSE
"RPL10A","D2_late_increasing","none",1,5,0,0,-0.190333734945577,FALSE,FALSE
"HNRNPA1","D2_late_increasing","none",1,5,0,0,-0.165710421611397,FALSE,FALSE
"RPS25","D2_late_increasing","none",1,5,0,0,-0.291228710406284,FALSE,FALSE
"LMO4","D2_late_increasing","none",1,5,2,0.4,-0.078842984571972,FALSE,FALSE
"PFDN5","D2_late_increasing","none",1,5,0,0,-0.156006771194399,FALSE,FALSE
"CIRBP","D2_late_increasing","none",1,5,0,0,-0.125251568217176,FALSE,FALSE
"RPS15","D2_late_increasing","none",1,5,0,0,-0.215721190837473,FALSE,FALSE
"RPL31","D2_late_increasing","none",1,5,1,0.2,-0.233121699659797,FALSE,FALSE
"RPS7","D2_late_increasing","none",1,5,0,0,-0.210526802389954,FALSE,FALSE
"ADIRF","D2_late_increasing","none",1,5,0,0,-0.377927874520791,FALSE,FALSE
"RPS10","D2_late_increasing","none",1,5,0,0,-0.301371294689582,FALSE,FALSE
"NUCKS1","D2_late_increasing","none",1,5,0,0,-0.176815074104403,FALSE,FALSE
"RPS15A","D2_late_increasing","none",1,5,0,0,-0.323715808676302,FALSE,FALSE
"FGFR1","D2_late_increasing","none",1,5,1,0.2,-0.0391896135895283,FALSE,FALSE
"CD81","D2_late_increasing","none",1,5,0,0,-0.177267277914625,FALSE,FALSE
"EIF1","D2_late_increasing","none",1,5,1,0.2,-0.11835246805249,FALSE,FALSE
"ZFP36L2","D2_late_increasing","none",1,5,2,0.4,-0.105974931935379,FALSE,FALSE
"RPS24","D2_late_increasing","none",1,5,0,0,-0.257825788547044,FALSE,FALSE
"RPL7A","D2_late_increasing","none",1,5,0,0,-0.243349136053883,FALSE,FALSE
"RPS18","D2_late_increasing","none",1,5,0,0,-0.240918367346939,FALSE,FALSE
"HMGB1","D2_late_increasing","none",1,5,0,0,-0.0648604312599434,FALSE,FALSE
"HIST1H4C","D2_late_increasing","none",1,5,1,0.2,-0.085560011818963,FALSE,FALSE
"RPL35","D2_late_increasing","none",1,5,1,0.2,-0.135388379934947,FALSE,FALSE
"SNHG8","D2_late_increasing","none",1,5,2,0.4,-0.14309275096614,FALSE,FALSE
"RPS2","D2_late_increasing","none",1,5,0,0,-0.209233039713248,FALSE,FALSE
"TMEM258","D2_late_increasing","clean_D2",1,5,1,0.2,-0.0052591884949534,FALSE,FALSE
"POLDIP2","D2_late_increasing","clean_D2",1,3,3,1,0.1348254354676,TRUE,TRUE
"PLXNA3","D2_late_increasing","clean_D2",1,2,2,1,0.12847401021871,NA,NA
"MRPS12","D2_late_increasing","none",1,4,1,0.25,-0.0452573686399105,FALSE,FALSE
"RAB24","D2_late_increasing","clean_D2",1,3,3,1,0.0968855457822336,TRUE,TRUE
"MARVELD1","D2_late_increasing","clean_D2",1,5,4,0.8,0.131419046235347,TRUE,TRUE
"CMKLR1","D2_late_increasing","clean_D2",1,2,2,1,0.14954420306729,NA,NA
"PTPMT1","D2_late_increasing","clean_D2",1,5,4,0.8,0.0840918755096943,TRUE,TRUE
"RNF11","D2_late_increasing","clean_D2",1,2,2,1,0.0970236595955101,NA,NA
"C6orf1","D2_late_increasing","clean_D2",1,3,3,1,0.0512784625955506,TRUE,TRUE
"SSNA1","D2_late_increasing","clean_D2",1,4,1,0.25,-0.0150083721347662,FALSE,FALSE
"PSMC4","D2_late_increasing","clean_D2",1,3,2,0.666666666666667,0.0135766142851076,TRUE,TRUE
"NPC2","D2_late_increasing","clean_D2",1,5,3,0.6,0.146045128160914,TRUE,FALSE
"SAT2","D2_late_increasing","clean_D2",1,5,3,0.6,0.0563825472358153,TRUE,FALSE
"NDUFB11","D2_late_increasing","clean_D2",1,5,5,1,0.0816452972262553,TRUE,TRUE
"DCHS1","D2_late_increasing","clean_D2",1,5,3,0.6,0.136345384050702,TRUE,FALSE
"HAS2","D2_late_increasing","clean_D2",1,4,3,0.75,0.0997812004915535,TRUE,TRUE
"NDUFA4","D2_late_increasing","clean_D2",1,5,3,0.6,0.0543921208477955,TRUE,FALSE
"ACTN1","D2_late_increasing","clean_D2",1,5,5,1,0.190891200047507,TRUE,TRUE
"RAB1B","D2_late_increasing","clean_D2",1,5,3,0.6,0.0540444069160197,TRUE,FALSE
"HIGD2A","D2_late_increasing","clean_D2",1,5,2,0.4,-0.0200715835121675,FALSE,FALSE
"TMEM160","D2_late_increasing","clean_D2",1,4,2,0.5,0.038482857008025,FALSE,FALSE
"ILVBL","D2_late_increasing","clean_D2",1,3,2,0.666666666666667,0.135225452323369,TRUE,TRUE
"TMEM9","D2_late_increasing","clean_D2",1,4,4,1,0.0751141474965342,TRUE,TRUE
"PMP22","D2_late_increasing","clean_D2",1,5,3,0.6,0.0220833638329844,TRUE,FALSE
"RIC8A","D2_late_increasing","clean_D2",1,3,3,1,0.168616332587819,TRUE,TRUE
"COX7B","D2_late_increasing","clean_D2",1,5,1,0.2,-0.042444618739248,FALSE,FALSE
"YIPF3","D2_late_increasing","clean_D2",1,5,5,1,0.122808590773915,TRUE,TRUE
"TEN1","D2_late_increasing","clean_D2",1,3,3,1,0.0960011781612899,TRUE,TRUE
"MRPS24","D2_late_increasing","none",1,5,4,0.8,0.0671697333450817,TRUE,TRUE
"FASTK","D2_late_increasing","clean_D2",1,3,3,1,0.0769127807465496,TRUE,TRUE
"FAM162A","D2_late_increasing","clean_D2",1,5,2,0.4,-0.00233252917385685,FALSE,FALSE
"TSR3","D2_late_increasing","clean_D2",1,5,4,0.8,0.1057132226832,TRUE,TRUE
"PRELP","D2_late_increasing","clean_D2",1,4,2,0.5,0.000740595360964047,FALSE,FALSE
"GORASP2","D2_late_increasing","clean_D2",1,4,4,1,0.0733378021531779,TRUE,TRUE
"ECH1","D2_late_increasing","clean_D2",1,5,5,1,0.0887633563797524,TRUE,TRUE
"GSTO1","D2_late_increasing","clean_D2",1,5,4,0.8,0.059346789933975,TRUE,TRUE
"PRMT2","D2_late_increasing","clean_D2",1,5,3,0.6,0.0482732591690513,TRUE,FALSE
"SUB1","D2_late_increasing","clean_D2",1,5,2,0.4,-0.012276419684167,FALSE,FALSE
"HLA-A","D2_late_increasing","clean_D2",1,5,3,0.6,0.0308087429922719,TRUE,FALSE
"ANXA2","D2_late_increasing","clean_D2",1,5,3,0.6,0.0974787553068203,TRUE,FALSE
"CREB3","D2_late_increasing","clean_D2",1,3,2,0.666666666666667,0.0484514065470464,TRUE,TRUE
"PLP2","D2_late_increasing","clean_D2",1,5,5,1,0.129030749272149,TRUE,TRUE
"ALDOA","D2_late_increasing","clean_D2",1,5,2,0.4,-0.00650607770282358,FALSE,FALSE
"CCDC92","D2_late_increasing","clean_D2",1,2,2,1,0.151418150992583,NA,NA
"IFITM1","D2_late_increasing","clean_D2",1,2,2,1,0.00843124312220177,NA,NA
"SCAND1","D2_late_increasing","clean_D2",1,5,5,1,0.0478246287133791,TRUE,TRUE
"RPS19BP1","D2_late_increasing","none",1,5,4,0.8,0.067252558509602,TRUE,TRUE
"CD68","D2_late_increasing","clean_D2",1,1,1,1,0.104461739561372,NA,NA
"NKIRAS2","D2_late_increasing","clean_D2",1,2,2,1,0.0869978475094932,NA,NA
"NRP2","D2_late_increasing","clean_D2",1,4,3,0.75,0.118995967027123,TRUE,TRUE
"PLXNA2","D2_late_increasing","clean_D2",1,1,1,1,0.229483892397012,NA,NA
"C4orf3","D2_late_increasing","clean_D2",1,5,3,0.6,0.00174245369247142,TRUE,FALSE
"RBCK1","D2_late_increasing","clean_D2",1,4,3,0.75,0.117127875266237,TRUE,TRUE
"PKM","D2_late_increasing","clean_D2",1,5,5,1,0.119878597047394,TRUE,TRUE
"MAGOHB","D2_late_increasing","clean_D2",1,2,2,1,0.160104277895828,NA,NA
"MAP2K2","D2_late_increasing","clean_D2",1,5,2,0.4,-0.0272635086175392,FALSE,FALSE
"ORMDL3","D2_late_increasing","clean_D2",1,2,2,1,0.0767807114484919,NA,NA
"CDIPT","D2_late_increasing","clean_D2",1,5,4,0.8,0.0565082626678748,TRUE,TRUE
"AGPAT1","D2_late_increasing","clean_D2",1,4,4,1,0.104934248776105,TRUE,TRUE
"CFL1","D2_late_increasing","clean_D2",1,5,4,0.8,0.0991897882806998,TRUE,TRUE
"PACS2","D2_late_increasing","clean_D2",1,2,2,1,0.148646418655153,NA,NA
"GJA1","D2_late_increasing","clean_D2",1,5,4,0.8,0.143659779878367,TRUE,TRUE
"KDELR1","D2_late_increasing","clean_D2",1,5,5,1,0.0550701044474512,TRUE,TRUE
"ZNF593","D2_late_increasing","clean_D2",1,4,3,0.75,0.0481339616910891,TRUE,TRUE
"CORO1C","D2_late_increasing","clean_D2",1,3,2,0.666666666666667,0.0575097694426049,TRUE,TRUE
"RTN4RL2","D2_late_increasing","clean_D2",1,2,2,1,0.0867968371349666,NA,NA
"PSME2","D2_late_increasing","clean_D2",1,5,4,0.8,0.0841399080618684,TRUE,TRUE
"AKR1B1","D2_late_increasing","clean_D2",1,4,4,1,0.0728576208603461,TRUE,TRUE
"CYSTM1","D2_late_increasing","clean_D2",1,4,2,0.5,0.0253993361012051,FALSE,FALSE
"SNX3","D2_late_increasing","clean_D2",1,5,3,0.6,0.0582176004549466,TRUE,FALSE
"BCL7C","D2_late_increasing","clean_D2",1,5,3,0.6,0.0366725372821581,TRUE,FALSE
"PODNL1","D2_late_increasing","clean_D2",1,2,2,1,0.142933897258024,NA,NA
"GALNT15","D2_late_increasing","clean_D2",1,1,1,1,0.247443190228326,NA,NA
"PPP1R14B","D2_late_increasing","clean_D2",1,5,2,0.4,-0.00613571991077896,FALSE,FALSE
"HOXB7","D2_late_increasing","clean_D2",1,2,1,0.5,-0.0271871750108512,NA,NA
"ADGRA2","D2_late_increasing","clean_D2",1,5,3,0.6,0.0563113080068366,TRUE,FALSE
"NUCB2","D2_late_increasing","clean_D2",1,5,5,1,0.0516349030227592,TRUE,TRUE
"ANXA5","D2_late_increasing","clean_D2",1,5,4,0.8,0.0745082338939818,TRUE,TRUE
"ATP5J2","D2_late_increasing","clean_D2",1,5,4,0.8,0.0991580552530758,TRUE,TRUE
"CAPNS1","D2_late_increasing","clean_D2",1,5,3,0.6,0.0167218264141296,TRUE,FALSE
"ATP5G3","D2_late_increasing","clean_D2",1,5,5,1,0.0334536064337377,TRUE,TRUE
"MBOAT7","D2_late_increasing","clean_D2",1,3,2,0.666666666666667,0.0971696332725667,TRUE,TRUE
"WDR45","D2_late_increasing","clean_D2",1,4,3,0.75,0.100536521562761,TRUE,TRUE
"SLC35A4","D2_late_increasing","clean_D2",1,2,2,1,0.0995238882829051,NA,NA
"CSF1","D2_late_increasing","clean_D2",1,2,1,0.5,-0.0374711321336695,NA,NA
"TES","D2_late_increasing","clean_D2",1,2,2,1,0.111027838765088,NA,NA
"C11orf98","D2_late_increasing","clean_D2",1,4,2,0.5,-0.00628694575816732,FALSE,FALSE
"MRPS11","D2_late_increasing","none",1,3,3,1,0.0734635467953367,TRUE,TRUE
"PDIA6","D2_late_increasing","clean_D2",1,5,5,1,0.0820767672318319,TRUE,TRUE
"NDUFS7","D2_late_increasing","clean_D2",1,5,5,1,0.0450965086739082,TRUE,TRUE
"CMBL","D2_late_increasing","clean_D2",1,2,1,0.5,0.0278143263882039,NA,NA
"POP7","D2_late_increasing","clean_D2",1,3,3,1,0.108303754929226,TRUE,TRUE
"POLE4","D2_late_increasing","clean_D2",1,4,4,1,0.128226772802825,TRUE,TRUE
"PREB","D2_late_increasing","clean_D2",1,3,3,1,0.0928070967473748,TRUE,TRUE
"MPC2","D2_late_increasing","clean_D2",1,4,1,0.25,-0.0903411238204704,FALSE,FALSE
"MIEN1","D2_late_increasing","clean_D2",1,4,2,0.5,0.0166701215556168,FALSE,FALSE
"CA12","D2_late_increasing","clean_D2",1,3,2,0.666666666666667,0.115775217843023,TRUE,TRUE
"PDGFD","D2_late_increasing","clean_D2",1,2,2,1,0.317386459364853,NA,NA
"COX14","D2_late_increasing","clean_D2",1,5,3,0.6,0.0653921389242182,TRUE,FALSE
"MINOS1","D2_late_increasing","clean_D2",1,5,4,0.8,0.0256324967742358,TRUE,TRUE
"NTMT1","D2_late_increasing","clean_D2",1,2,2,1,0.0913084952396532,NA,NA
"MAPK6","D2_late_increasing","clean_D2",1,4,4,1,0.179028655831442,TRUE,TRUE
"FAM20A","D2_late_increasing","clean_D2",1,3,1,0.333333333333333,-0.0546823443369267,FALSE,FALSE
"GAPDH","D2_late_increasing","clean_D2",1,5,1,0.2,-0.032310593346902,FALSE,FALSE
"GADD45GIP1","D2_late_increasing","clean_D2",1,5,2,0.4,-0.0762233534641132,FALSE,FALSE
"FIS1","D2_late_increasing","clean_D2",1,5,4,0.8,0.105903376156236,TRUE,TRUE
"ASNA1","D2_late_increasing","clean_D2",1,4,3,0.75,0.126297589772288,TRUE,TRUE
"MAPKAPK2","D2_late_increasing","clean_D2",1,4,3,0.75,0.0815603163237561,TRUE,TRUE
"PCNXL3","D2_late_increasing","clean_D2",1,2,2,1,0.132848151527108,NA,NA
"KLF7","D2_late_increasing","clean_D2",1,2,2,1,0.211823095721257,NA,NA
"MEA1","D2_late_increasing","clean_D2",1,5,3,0.6,0.0639634203783538,TRUE,FALSE
"TMEM98","D2_late_increasing","clean_D2",1,5,5,1,0.0678035801723087,TRUE,TRUE
"DCTN1","D2_late_increasing","clean_D2",1,3,2,0.666666666666667,0.157418162593658,TRUE,TRUE
"APOL1","D2_late_increasing","clean_D2",1,2,2,1,0.0276124189753719,NA,NA
"SMPD1","D2_late_increasing","clean_D2",1,2,2,1,0.0911548282956857,NA,NA
"MRPL55","D2_late_increasing","none",1,5,4,0.8,0.128092103139459,TRUE,TRUE
"RPN1","D2_late_increasing","clean_D2",1,5,5,1,0.0860007056312701,TRUE,TRUE
"FRZB","D2_late_increasing","clean_D2",1,2,1,0.5,-0.0201712837999997,NA,NA
"CLIP1","D2_late_increasing","clean_D2",1,4,4,1,0.17558969826414,TRUE,TRUE
"TMEM263","D2_late_increasing","clean_D2",1,3,3,1,0.0897599071001132,TRUE,TRUE
"CYC1","D2_late_increasing","clean_D2",1,5,3,0.6,0.147253899960001,TRUE,FALSE
"DGCR6L","D2_late_increasing","clean_D2",1,5,4,0.8,0.0275314998365077,TRUE,TRUE
"R3HDM4","D2_late_increasing","clean_D2",1,3,3,1,0.0846817484987263,TRUE,TRUE
"LSM7","D2_late_increasing","clean_D2",1,5,2,0.4,-0.0177311017003645,FALSE,FALSE
"CARM1","D2_late_increasing","clean_D2",1,4,4,1,0.133053137505426,TRUE,TRUE
"KCTD12","D2_late_increasing","clean_D2",1,4,2,0.5,0.0160590009432626,FALSE,FALSE
"SLC25A5","D2_late_increasing","clean_D2",1,5,2,0.4,-0.0235205467253896,FALSE,FALSE
"CHMP1A","D2_late_increasing","clean_D2",1,2,2,1,0.107878570936723,NA,NA
"ABHD17A","D2_late_increasing","clean_D2",1,2,2,1,0.0701817635516699,NA,NA
"COX7A1","D2_late_increasing","clean_D2",1,5,4,0.8,0.1066152112913,TRUE,TRUE
"TIAM2","D2_late_increasing","clean_D2",1,4,3,0.75,0.196062518374078,TRUE,TRUE
"AURKAIP1","D2_late_increasing","clean_D2",1,5,4,0.8,0.0498335691260467,TRUE,TRUE
"SLC31A1","D2_late_increasing","clean_D2",1,3,3,1,0.187848082122692,TRUE,TRUE
"ARFGAP3","D2_late_increasing","clean_D2",1,4,4,1,0.22549166330844,TRUE,TRUE
"NME3","D2_late_increasing","clean_D2",1,5,4,0.8,0.0438851147507594,TRUE,TRUE
"MRPL41","D2_late_increasing","none",1,5,3,0.6,0.0688521389749883,TRUE,FALSE
"UFC1","D2_late_increasing","clean_D2",1,4,4,1,0.0523964402268585,TRUE,TRUE
"NDUFA2","D2_late_increasing","clean_D2",1,5,3,0.6,0.0238637099082206,TRUE,FALSE
"FSCN1","D2_late_increasing","clean_D2",1,5,3,0.6,0.105612271000697,TRUE,FALSE
"DLG1","D2_late_increasing","clean_D2",1,2,1,0.5,0.0776849988864344,NA,NA
"PCED1A","D2_late_increasing","clean_D2",1,3,3,1,0.128316823356517,TRUE,TRUE
"BLOC1S1","D2_late_increasing","clean_D2",1,5,4,0.8,0.0454393912189735,TRUE,TRUE
"COL8A2","D2_late_increasing","clean_D2",1,2,2,1,0.173141134567131,NA,NA
"LZTS1","D2_late_increasing","clean_D2",1,3,2,0.666666666666667,0.0904429455943209,TRUE,TRUE
"LSP1","D2_late_increasing","clean_D2",1,5,2,0.4,-0.131275263226385,FALSE,FALSE
"KIF1C","D2_late_increasing","clean_D2",1,3,2,0.666666666666667,0.144605080125791,TRUE,TRUE
"CMTM3","D2_late_increasing","clean_D2",1,3,3,1,0.149974417284203,TRUE,TRUE
"WDR46","D2_late_increasing","clean_D2",1,4,3,0.75,0.0812256107529005,TRUE,TRUE
"EFHD2","D2_late_increasing","clean_D2",1,2,2,1,0.0769361940813865,NA,NA
"MGP","D2_late_increasing","clean_D2",1,5,3,0.6,0.0385588299551155,TRUE,FALSE
"XPOT","D2_late_increasing","clean_D2",1,2,2,1,0.120093083375315,NA,NA
"PKIG","D2_late_increasing","clean_D2",1,4,3,0.75,0.0797651729756742,TRUE,TRUE
"BCL3","D2_late_increasing","clean_D2",1,3,2,0.666666666666667,0.000721447986441627,TRUE,TRUE
"ARHGDIA","D2_late_increasing","clean_D2",1,5,4,0.8,0.0427639397281346,TRUE,TRUE
"ZNF428","D2_late_increasing","clean_D2",1,4,4,1,0.0938263903576584,TRUE,TRUE
"LOXL2","D2_late_increasing","clean_D2",1,4,3,0.75,0.113389795777632,TRUE,TRUE
"UQCR10","D2_late_increasing","clean_D2",1,5,5,1,0.0351370483064041,TRUE,TRUE
"RAB7B","D2_late_increasing","clean_D2",1,1,1,1,0.166907646807651,NA,NA
"RABAC1","D2_late_increasing","clean_D2",1,5,5,1,0.0794691470947582,TRUE,TRUE
"DPM3","D2_late_increasing","clean_D2",1,5,5,1,0.0750049838854426,TRUE,TRUE
"CSTB","D2_late_increasing","clean_D2",1,5,1,0.2,-0.0514098195799294,FALSE,FALSE
"TMUB1","D2_late_increasing","clean_D2",1,1,1,1,0.122343387252667,NA,NA
"PSMB9","D2_late_increasing","clean_D2",1,3,1,0.333333333333333,-0.0313542534780582,FALSE,FALSE
"AP1S1","D2_late_increasing","clean_D2",1,2,2,1,0.176020394148101,NA,NA
"MYL6","D2_late_increasing","clean_D2",1,5,3,0.6,0.00282001163845717,TRUE,FALSE
"LIMK1","D2_late_increasing","clean_D2",1,2,2,1,0.210394622846105,NA,NA
"GBP2","D2_late_increasing","clean_D2",1,2,2,1,0.09707014194257,NA,NA
"AMPD2","D2_late_increasing","clean_D2",1,2,2,1,0.151534243286815,NA,NA
"BEST1","D2_late_increasing","clean_D2",1,1,1,1,0.108609316117906,NA,NA
"CUEDC2","D2_late_increasing","clean_D2",1,5,4,0.8,0.07830149958444,TRUE,TRUE
"ILF2","D2_late_increasing","clean_D2",1,4,3,0.75,0.0684980056001437,TRUE,TRUE
"TUBA1B","D2_late_increasing","clean_D2",1,5,5,1,0.125426945208002,TRUE,TRUE
"SAC3D1","D2_late_increasing","clean_D2",1,1,1,1,0.133754088365522,NA,NA
"GDI2","D2_late_increasing","clean_D2",1,5,4,0.8,0.14405842564041,TRUE,TRUE
"DCTD","D2_late_increasing","clean_D2",1,3,2,0.666666666666667,0.144725437457317,TRUE,TRUE
"FAM127A","D2_late_increasing","clean_D2",1,5,2,0.4,-0.0236036078607635,FALSE,FALSE
"RPN2","D2_late_increasing","clean_D2",1,5,3,0.6,0.00639901227350416,TRUE,FALSE
"ATP5E","D2_late_increasing","clean_D2",1,5,4,0.8,0.0365560408936452,TRUE,TRUE
"CDC42EP1","D2_late_increasing","clean_D2",1,4,3,0.75,0.0621098371391382,TRUE,TRUE
"PUF60","D2_late_increasing","clean_D2",1,3,2,0.666666666666667,0.0473204649344446,TRUE,TRUE
"INPPL1","D2_late_increasing","clean_D2",1,3,2,0.666666666666667,0.223041117731865,TRUE,TRUE
"MYL6B","D2_late_increasing","clean_D2",1,4,2,0.5,0.023542536336171,FALSE,FALSE
"PKN1","D2_late_increasing","clean_D2",1,4,4,1,0.133760235549021,TRUE,TRUE
"LTBP2","D2_late_increasing","clean_D2",1,2,2,1,0.202590958632379,NA,NA
"COL15A1","D2_late_increasing","clean_D2",1,4,1,0.25,-0.0855832018558176,FALSE,FALSE
"NOP10","D2_late_increasing","clean_D2",1,5,5,1,0.0539209969538217,TRUE,TRUE
"RAB11FIP5","D2_late_increasing","clean_D2",1,2,2,1,0.183157168065222,NA,NA
"OXLD1","D2_late_increasing","clean_D2",1,2,2,1,0.0881288041930924,NA,NA
"DNM3OS","D2_late_increasing","clean_D2",1,2,2,1,0.171031044265336,NA,NA
"LRRC75A","D2_late_increasing","clean_D2",1,2,1,0.5,-0.000543211482743548,NA,NA
"XXYLT1","D2_late_increasing","clean_D2",1,2,2,1,0.235265944289983,NA,NA
"GCN1","D2_late_increasing","clean_D2",1,3,2,0.666666666666667,0.0876231526412787,TRUE,TRUE
"FAAP100","D2_late_increasing","clean_D2",1,1,1,1,0.147749777714264,NA,NA
"PTGDS","D2_late_increasing","clean_D2",1,5,2,0.4,-0.156645001119851,FALSE,FALSE
"CCL27","D2_late_increasing","clean_D2",1,5,2,0.4,-0.0237432506547675,FALSE,FALSE
"CAPG","D2_late_increasing","clean_D2",1,4,4,1,0.152666873276839,TRUE,TRUE
"MYC","D2_late_increasing","clean_D2",1,4,2,0.5,0.0233431452169485,FALSE,FALSE
"MDFI","D2_late_increasing","clean_D2",1,4,3,0.75,0.0912514760188154,TRUE,TRUE
"B4GALT7","D2_late_increasing","clean_D2",1,4,2,0.5,0.0266657030079975,FALSE,FALSE
"PSMD8","D2_late_increasing","clean_D2",1,5,3,0.6,0.0137932632701974,TRUE,FALSE
"IMP4","D2_late_increasing","clean_D2",1,4,3,0.75,0.201209406672151,TRUE,TRUE
"APRT","D2_late_increasing","clean_D2",1,5,3,0.6,0.0543483051418183,TRUE,FALSE
"PTGES2","D2_late_increasing","clean_D2",1,3,3,1,0.135782064233267,TRUE,TRUE
"SLC35E1","D2_late_increasing","clean_D2",1,4,3,0.75,0.123799160348724,TRUE,TRUE
"ANO1","D2_late_increasing","clean_D2",1,2,2,1,0.184171171932365,NA,NA
"SEC61B","D2_late_increasing","clean_D2",1,5,5,1,0.117474265388058,TRUE,TRUE
"TTC3","D2_late_increasing","clean_D2",1,5,3,0.6,0.134868021599505,TRUE,FALSE
"POLR2G","D2_late_increasing","clean_D2",1,4,4,1,0.0652995998174996,TRUE,TRUE
"TIMM13","D2_late_increasing","clean_D2",1,5,5,1,0.0796982370964474,TRUE,TRUE
"TMED2","D2_late_increasing","clean_D2",1,5,3,0.6,0.111711557658759,TRUE,FALSE
"MMP14","D2_late_increasing","clean_D2",1,4,3,0.75,0.122325483311096,TRUE,TRUE
"UBA1","D2_late_increasing","clean_D2",1,5,4,0.8,0.0875823339103557,TRUE,TRUE
"APLNR","D2_late_increasing","clean_D2",1,2,2,1,0.06619114552967,NA,NA
"DGKZ","D2_late_increasing","clean_D2",1,1,1,1,0.133199164383727,NA,NA
"ELN","D2_late_increasing","clean_D2",1,5,5,1,0.295722488167891,TRUE,TRUE
"PRELID1","D2_late_increasing","clean_D2",1,5,4,0.8,0.107772172037851,TRUE,TRUE
"SIRT2","D2_late_increasing","clean_D2",1,2,2,1,0.0969551033020903,NA,NA
"IL32","D2_late_increasing","clean_D2",1,3,2,0.666666666666667,0.0101223229148154,TRUE,TRUE
"CHRD","D2_late_increasing","clean_D2",1,3,2,0.666666666666667,0.142188861789111,TRUE,TRUE
"BAX","D2_late_increasing","clean_D2",1,2,2,1,0.11509315391534,NA,NA
"PLEKHO1","D2_late_increasing","clean_D2",1,1,1,1,0.128745341463216,NA,NA
"TSPAN4","D2_late_increasing","clean_D2",1,5,5,1,0.13542411057612,TRUE,TRUE
"TCEB2","D2_late_increasing","clean_D2",1,5,2,0.4,-0.0266227040264995,FALSE,FALSE
"ATP8B2","D2_late_increasing","clean_D2",1,3,3,1,0.170640406039855,TRUE,TRUE
"ATP6V0E1","D2_late_increasing","clean_D2",1,5,4,0.8,0.0350646055806957,TRUE,TRUE
"SPOP","D2_late_increasing","clean_D2",1,5,4,0.8,0.0869289704035224,TRUE,TRUE
"DUSP23","D2_late_increasing","clean_D2",1,3,2,0.666666666666667,0.0592318641310807,TRUE,TRUE
"CCND2","D2_late_increasing","clean_D2",1,4,3,0.75,0.0885852549274668,TRUE,TRUE
"SLC3A2","D2_late_increasing","clean_D2",1,4,3,0.75,0.154240359403422,TRUE,TRUE
"TMEM205","D2_late_increasing","clean_D2",1,5,4,0.8,0.115370667745342,TRUE,TRUE
"COMMD7","D2_late_increasing","clean_D2",1,3,2,0.666666666666667,0.132169563883907,TRUE,TRUE
"UBTD1","D2_late_increasing","clean_D2",1,3,3,1,0.146838520131234,TRUE,TRUE
"SPNS1","D2_late_increasing","clean_D2",1,3,3,1,0.145010304719392,TRUE,TRUE
"MRGPRF","D2_late_increasing","clean_D2",1,2,2,1,0.102946881908934,NA,NA
"PIGP","D2_late_increasing","clean_D2",1,1,1,1,0.122624813648267,NA,NA
"DDT","D2_late_increasing","clean_D2",1,5,4,0.8,0.0889760534202403,TRUE,TRUE
"CPNE1","D2_late_increasing","clean_D2",1,5,5,1,0.120957489553894,TRUE,TRUE
"TSPAN9","D2_late_increasing","clean_D2",1,5,5,1,0.151277609914246,TRUE,TRUE
"NDUFA13","D2_late_increasing","clean_D2",1,5,5,1,0.129795235556227,TRUE,TRUE
"PTPN14","D2_late_increasing","clean_D2",1,5,3,0.6,0.072423363562156,TRUE,FALSE
"MXD4","D2_late_increasing","clean_D2",1,5,3,0.6,0.0660276013480826,TRUE,FALSE
"PPP2R1A","D2_late_increasing","clean_D2",1,5,3,0.6,0.0214956130403464,TRUE,FALSE
"ACAN","D2_late_increasing","clean_D2",1,1,1,1,0.18974365138032,NA,NA
"STARD10","D2_late_increasing","clean_D2",1,3,2,0.666666666666667,0.0961700564915983,TRUE,TRUE
"TCEAL8","D2_late_increasing","clean_D2",1,5,2,0.4,-0.00272747268591565,FALSE,FALSE
"NUDT22","D2_late_increasing","clean_D2",1,2,1,0.5,0.0328998809080884,NA,NA
"TACSTD2","D2_late_increasing","clean_D2",1,4,3,0.75,0.136541327453663,TRUE,TRUE
"CD248","D2_late_increasing","clean_D2",1,5,2,0.4,-0.0107889422155279,FALSE,FALSE
"GOLGA2","D2_late_increasing","clean_D2",1,5,4,0.8,0.110869883416917,TRUE,TRUE
"HSD3B7","D2_late_increasing","clean_D2",1,1,1,1,0.115746742535371,NA,NA
"TAX1BP3","D2_late_increasing","clean_D2",1,5,4,0.8,0.129740316351762,TRUE,TRUE
"GLRX","D2_late_increasing","clean_D2",1,3,3,1,0.184707208308002,TRUE,TRUE
"FAM96B","D2_late_increasing","clean_D2",1,5,4,0.8,0.112904735390648,TRUE,TRUE
"CYP1B1","D2_late_increasing","clean_D2",1,4,4,1,0.0624704505690723,TRUE,TRUE
"LTBR","D2_late_increasing","clean_D2",1,5,5,1,0.131975166260784,TRUE,TRUE
"SERPINB6","D2_late_increasing","clean_D2",1,4,3,0.75,0.10704828747537,TRUE,TRUE
"MFSD12","D2_late_increasing","clean_D2",1,3,3,1,0.100608132390689,TRUE,TRUE
"FKBP1A","D2_late_increasing","clean_D2",1,5,2,0.4,-0.00738358114819812,FALSE,FALSE
"NCLN","D2_late_increasing","clean_D2",1,3,3,1,0.185992848529368,TRUE,TRUE
"NTM","D2_late_increasing","clean_D2",1,2,2,1,0.268914309916943,NA,NA
"FAM173A","D2_late_increasing","clean_D2",1,4,4,1,0.0598378348436989,TRUE,TRUE
"TMEM141","D2_late_increasing","clean_D2",1,2,2,1,0.0588785645966915,NA,NA
"RNF181","D2_late_increasing","clean_D2",1,5,3,0.6,0.0212654240645734,TRUE,FALSE
"FBLN2","D2_late_increasing","clean_D2",1,5,3,0.6,0.121155284663234,TRUE,FALSE
"CTD-3214H19.16","D2_late_increasing","clean_D2",1,5,5,1,0.0508074202527001,TRUE,TRUE
"ARHGAP22","D2_late_increasing","clean_D2",1,1,1,1,0.156345901330522,NA,NA
"MRPL3","D2_late_increasing","none",1,3,1,0.333333333333333,-0.00152679725240503,FALSE,FALSE
"YIPF5","D2_late_increasing","clean_D2",1,4,3,0.75,0.102051633398155,TRUE,TRUE
"APOBEC3C","D2_late_increasing","clean_D2",1,4,1,0.25,-0.00978893444256695,FALSE,FALSE
"PSMB3","D2_late_increasing","clean_D2",1,5,3,0.6,0.016653523217682,TRUE,FALSE
"C1orf54","D2_late_increasing","clean_D2",1,3,2,0.666666666666667,0.0550141366097468,TRUE,TRUE
"FAM57A","D2_late_increasing","clean_D2",1,2,2,1,0.112700068773532,NA,NA
"NUDT2","D2_late_increasing","clean_D2",1,3,3,1,0.115599584503338,TRUE,TRUE
"AP2M1","D2_late_increasing","clean_D2",1,5,5,1,0.180380378254799,TRUE,TRUE
"MYO18A","D2_late_increasing","clean_D2",1,3,3,1,0.157327460161642,TRUE,TRUE
"TOMM5","D2_late_increasing","clean_D2",1,5,4,0.8,0.0888111175697031,TRUE,TRUE
"C1orf216","D2_late_increasing","clean_D2",1,1,1,1,0.208913083834528,NA,NA
"ELOVL1","D2_late_increasing","clean_D2",1,3,3,1,0.14386331802262,TRUE,TRUE
"MMP24-AS1","D2_late_increasing","clean_D2",1,5,5,1,0.0852657542496965,TRUE,TRUE
"CCDC85B","D2_late_increasing","clean_D2",1,5,3,0.6,0.0165037613092495,TRUE,FALSE
"COX5A","D2_late_increasing","clean_D2",1,5,5,1,0.101002220856446,TRUE,TRUE
"GTF2H5","D2_late_increasing","clean_D2",1,4,2,0.5,0.0633089129167851,FALSE,FALSE
"RALA","D2_late_increasing","clean_D2",1,5,4,0.8,0.134829789981152,TRUE,TRUE
"CTSD","D2_late_increasing","clean_D2",1,5,4,0.8,0.0443243323186856,TRUE,TRUE
"FAM210B","D2_late_increasing","clean_D2",1,2,2,1,0.130155728468847,NA,NA
"YKT6","D2_late_increasing","clean_D2",1,4,4,1,0.178314179641488,TRUE,TRUE
"RP11-492E3.51","D2_late_increasing","clean_D2",1,4,3,0.75,0.137010587529233,TRUE,TRUE
"SEPW1","D2_late_increasing","clean_D2",1,5,5,1,0.0566738710275638,TRUE,TRUE
"PTPRD","D2_late_increasing","clean_D2",1,1,1,1,0.216740503364048,NA,NA
"USP11","D2_late_increasing","clean_D2",1,5,4,0.8,0.0678132690244491,TRUE,TRUE
"IFNGR2","D2_late_increasing","clean_D2",1,4,4,1,0.18536075860954,TRUE,TRUE
"SLC52A2","D2_late_increasing","clean_D2",1,2,2,1,0.214370678806485,NA,NA
"CFH","D2_late_increasing","clean_D2",1,5,2,0.4,-0.0291898083588347,FALSE,FALSE
"PRKAR2A","D2_late_increasing","clean_D2",1,5,5,1,0.117203202987014,TRUE,TRUE
"SNRPC","D2_late_increasing","clean_D2",1,5,4,0.8,0.0942531253360176,TRUE,TRUE
"CHID1","D2_late_increasing","clean_D2",1,4,2,0.5,0.0196557458577014,FALSE,FALSE
"MSC","D2_late_increasing","clean_D2",1,3,3,1,0.0917292433308374,TRUE,TRUE
"DNLZ","D2_late_increasing","clean_D2",1,5,4,0.8,0.0995771221595582,TRUE,TRUE
"REXO2","D2_late_increasing","clean_D2",1,4,3,0.75,0.02738123605797,TRUE,TRUE
"IFI35","D2_late_increasing","clean_D2",1,3,3,1,0.114608586698057,TRUE,TRUE
"RAB31","D2_late_increasing","clean_D2",1,5,3,0.6,0.0973040000643636,TRUE,FALSE
"PRDX5","D2_late_increasing","clean_D2",1,5,4,0.8,0.0301021240496257,TRUE,TRUE
"UFD1L","D2_late_increasing","clean_D2",1,4,3,0.75,0.074628553325553,TRUE,TRUE
"ICAM3","D2_late_increasing","clean_D2",1,2,2,1,0.155348190708081,NA,NA
"SNHG18","D2_late_increasing","clean_D2",1,3,3,1,0.0630257508895337,TRUE,TRUE
"PSENEN","D2_late_increasing","clean_D2",1,4,2,0.5,0.0206581111726587,FALSE,FALSE
"SEC31A","D2_late_increasing","clean_D2",1,5,3,0.6,0.127020582158162,TRUE,FALSE
"EPN1","D2_late_increasing","clean_D2",1,4,2,0.5,0.0360120985553195,FALSE,FALSE
"SH3BGRL3","D2_late_increasing","clean_D2",1,5,2,0.4,-0.027432534375049,FALSE,FALSE
"SAE1","D2_late_increasing","clean_D2",1,3,3,1,0.18028824836025,TRUE,TRUE
"HSPA12B","D2_late_increasing","clean_D2",1,3,3,1,0.113652201295534,TRUE,TRUE
"NAA38","D2_late_increasing","clean_D2",1,5,3,0.6,0.10382158815392,TRUE,FALSE
"CLEC2A","D2_late_increasing","clean_D2",1,2,2,1,0.137352427886774,NA,NA
"SEC23A","D2_late_increasing","clean_D2",1,4,4,1,0.158501179474441,TRUE,TRUE
"TENM4","D2_late_increasing","clean_D2",1,4,4,1,0.0791817516424178,TRUE,TRUE
"CILP","D2_late_increasing","clean_D2",1,3,3,1,0.0286704630720927,TRUE,TRUE
"CCL2","D2_late_increasing","clean_D2",1,3,1,0.333333333333333,-0.0621783925695782,FALSE,FALSE
"LAMTOR1","D2_late_increasing","clean_D2",1,5,4,0.8,0.0884479131920517,TRUE,TRUE
"TP53TG1","D2_late_increasing","clean_D2",1,4,3,0.75,0.0743887761416862,TRUE,TRUE
"SEPN1","D2_late_increasing","clean_D2",1,4,4,1,0.152250539910562,TRUE,TRUE
"BRE","D2_late_increasing","clean_D2",1,5,5,1,0.270710272485808,TRUE,TRUE
"SIGMAR1","D2_late_increasing","clean_D2",1,2,2,1,0.126364009929979,NA,NA
"DEF8","D2_late_increasing","clean_D2",1,2,2,1,0.0999402964666879,NA,NA
"CXCL12","D2_late_increasing","clean_D2",1,4,1,0.25,-0.0103369397106062,FALSE,FALSE
"CCDC8","D2_late_increasing","clean_D2",1,4,4,1,0.131521628867514,TRUE,TRUE
"MRPL27","D2_late_increasing","none",1,5,5,1,0.110276980353721,TRUE,TRUE
"GSTK1","D2_late_increasing","clean_D2",1,4,4,1,0.13700810944013,TRUE,TRUE
"NFE2L1","D2_late_increasing","clean_D2",1,5,5,1,0.121674753052179,TRUE,TRUE
"PDIA4","D2_late_increasing","clean_D2",1,5,3,0.6,0.0933704009250875,TRUE,FALSE
"CAP1","D2_late_increasing","clean_D2",1,5,4,0.8,0.04793138314899,TRUE,TRUE
"ABHD14A","D2_late_increasing","clean_D2",1,3,2,0.666666666666667,0.0488473847418112,TRUE,TRUE
"PLGRKT","D2_late_increasing","clean_D2",1,2,2,1,0.182545942820253,NA,NA
"SERP1","D2_late_increasing","clean_D2",1,5,5,1,0.0704947692273179,TRUE,TRUE
"FAAP20","D2_late_increasing","clean_D2",1,5,4,0.8,0.0880992896727886,TRUE,TRUE
"PPP4C","D2_late_increasing","clean_D2",1,4,4,1,0.114232148613975,TRUE,TRUE
"NRN1","D2_late_increasing","clean_D2",1,3,2,0.666666666666667,0.0334881331427182,TRUE,TRUE
"ITGB5","D2_late_increasing","clean_D2",1,5,3,0.6,0.22481423151346,TRUE,FALSE
"PDZD11","D2_late_increasing","clean_D2",1,3,3,1,0.127750661256316,TRUE,TRUE
"CLTB","D2_late_increasing","clean_D2",1,5,4,0.8,0.0478266404874494,TRUE,TRUE
"TADA3","D2_late_increasing","clean_D2",1,3,3,1,0.141222042810578,TRUE,TRUE
"MZT2A","D2_late_increasing","clean_D2",1,5,4,0.8,0.0744354251162829,TRUE,TRUE
"PTGIS","D2_late_increasing","clean_D2",1,4,4,1,0.0651843550391033,TRUE,TRUE
"FGGY","D2_late_increasing","clean_D2",1,1,1,1,0.192410030533178,NA,NA
"HSPB6","D2_late_increasing","clean_D2",1,3,3,1,0.170583184107671,TRUE,TRUE
"C19orf70","D2_late_increasing","clean_D2",1,5,3,0.6,0.0689423409944273,TRUE,FALSE
"PPP1CA","D2_late_increasing","clean_D2",1,5,4,0.8,0.0714939572102338,TRUE,TRUE
"TMEM54","D2_late_increasing","clean_D2",1,2,2,1,0.125844356092137,NA,NA
"SSR2","D2_late_increasing","clean_D2",1,5,4,0.8,0.03829362284132,TRUE,TRUE
"SPHK1","D2_late_increasing","clean_D2",1,1,1,1,0.123246840571572,NA,NA
"LY6E","D2_late_increasing","clean_D2",1,5,2,0.4,-0.0222443591930947,FALSE,FALSE
"TMEM120B","D2_late_increasing","clean_D2",1,1,1,1,0.268852247514653,NA,NA
"PRSS23","D2_late_increasing","clean_D2",1,5,4,0.8,0.170611582433311,TRUE,TRUE
"DCN","D2_late_increasing","clean_D2",1,5,2,0.4,-0.14388007406252,FALSE,FALSE
"C17orf89","D2_late_increasing","clean_D2",1,5,4,0.8,0.0769988423209524,TRUE,TRUE
"GSDMD","D2_late_increasing","clean_D2",1,4,3,0.75,0.0924542379793016,TRUE,TRUE
"NFATC2","D2_late_increasing","clean_D2",1,2,1,0.5,0.0335064104951062,NA,NA
"PRKCSH","D2_late_increasing","clean_D2",1,5,3,0.6,0.0332507270668163,TRUE,FALSE
"CENPP","D2_late_increasing","clean_D2",1,5,5,1,0.202118250499753,TRUE,TRUE
"FBXW5","D2_late_increasing","clean_D2",1,3,3,1,0.121131393017391,TRUE,TRUE
"DDRGK1","D2_late_increasing","clean_D2",1,4,3,0.75,0.038942068053144,TRUE,TRUE
"CTC-479C5.12","D2_late_increasing","clean_D2",1,4,3,0.75,0.154248477479872,TRUE,TRUE
"ANAPC11","D2_late_increasing","clean_D2",1,5,4,0.8,0.0279148426130937,TRUE,TRUE
"MAN1B1","D2_late_increasing","clean_D2",1,5,4,0.8,0.0890951511804563,TRUE,TRUE
"NDUFA6","D2_late_increasing","clean_D2",1,5,4,0.8,0.121472959144799,TRUE,TRUE
"GPX1","D2_late_increasing","clean_D2",1,5,4,0.8,0.0723900809323227,TRUE,TRUE
"MICAL2","D2_late_increasing","clean_D2",1,1,1,1,0.256251865359636,NA,NA
"TAPBP","D2_late_increasing","clean_D2",1,4,4,1,0.0941396573035536,TRUE,TRUE
"TMED9","D2_late_increasing","clean_D2",1,5,4,0.8,0.113751476731797,TRUE,TRUE
"MRPL36","D2_late_increasing","none",1,4,2,0.5,0.0384736877539199,FALSE,FALSE
"FUCA2","D2_late_increasing","clean_D2",1,4,4,1,0.126473366784944,TRUE,TRUE
"TP53I13","D2_late_increasing","clean_D2",1,5,5,1,0.0832942010251024,TRUE,TRUE
"IFI16","D2_late_increasing","clean_D2",1,5,4,0.8,0.071047192300824,TRUE,TRUE
"SEC61G","D2_late_increasing","clean_D2",1,5,3,0.6,0.0197430801531972,TRUE,FALSE
"ARPC2","D2_late_increasing","clean_D2",1,5,4,0.8,0.0852018735856118,TRUE,TRUE
"NCS1","D2_late_increasing","clean_D2",1,3,3,1,0.224436993782854,TRUE,TRUE
"GMPPB","D2_late_increasing","clean_D2",1,1,1,1,0.16086319579494,NA,NA
"TMEM45A","D2_late_increasing","clean_D2",1,5,3,0.6,0.0136511627102346,TRUE,FALSE
"FAM109B","D2_late_increasing","clean_D2",1,2,2,1,0.168237792612491,NA,NA
"G6PC3","D2_late_increasing","clean_D2",1,4,3,0.75,0.108641792422623,TRUE,TRUE
"ARF5","D2_late_increasing","clean_D2",1,5,4,0.8,0.0704949427698446,TRUE,TRUE
"MGAT1","D2_late_increasing","clean_D2",1,5,5,1,0.13356278480995,TRUE,TRUE
"ATP5G1","D2_late_increasing","clean_D2",1,5,5,1,0.126546694587197,TRUE,TRUE
"PPP1R9B","D2_late_increasing","clean_D2",1,3,3,1,0.0804245290790595,TRUE,TRUE
"SH3GLB1","D2_late_increasing","clean_D2",1,4,3,0.75,0.106985406730376,TRUE,TRUE
"SHISA4","D2_late_increasing","clean_D2",1,2,2,1,0.105173416247654,NA,NA
"PALM","D2_late_increasing","clean_D2",1,4,4,1,0.187765826649528,TRUE,TRUE
"COLGALT1","D2_late_increasing","clean_D2",1,5,4,0.8,0.0857210695205145,TRUE,TRUE
"IGF2","D2_late_increasing","clean_D2",1,5,3,0.6,0.00238609872608119,TRUE,FALSE
"CLDN4","D2_late_increasing","clean_D2",1,4,4,1,0.101134336309171,TRUE,TRUE
"EIF5A","D2_late_increasing","clean_D2",1,5,3,0.6,0.0390744968806992,TRUE,FALSE
"TGFB1I1","D2_late_increasing","clean_D2",1,4,3,0.75,0.0969204877377297,TRUE,TRUE
"ORAI2","D2_late_increasing","clean_D2",1,3,3,1,0.144248718112643,TRUE,TRUE
"WIPI1","D2_late_increasing","clean_D2",1,3,3,1,0.130513412207228,TRUE,TRUE
"CLEC2B","D2_late_increasing","clean_D2",1,3,2,0.666666666666667,0.00371307140018285,TRUE,TRUE
"SNRNP25","D2_late_increasing","clean_D2",1,1,1,1,0.140458670697943,NA,NA
"UQCR11","D2_late_increasing","clean_D2",1,5,2,0.4,-0.0327214099653042,FALSE,FALSE
"DDB2","D2_late_increasing","clean_D2",1,3,2,0.666666666666667,0.162039960525615,TRUE,TRUE
"GALNT5","D2_late_increasing","clean_D2",1,2,1,0.5,0.0532532433592852,NA,NA
"NAGLU","D2_late_increasing","clean_D2",1,3,2,0.666666666666667,0.0761081960440743,TRUE,TRUE
"UBXN6","D2_late_increasing","clean_D2",1,5,5,1,0.0946242765426282,TRUE,TRUE
"SCP2","D2_late_increasing","clean_D2",1,5,5,1,0.137992113991611,TRUE,TRUE
"IKBIP","D2_late_increasing","clean_D2",1,4,4,1,0.170163855193524,TRUE,TRUE
"MAN1C1","D2_late_increasing","clean_D2",1,4,4,1,0.0969660018027603,TRUE,TRUE
"COPS7A","D2_late_increasing","clean_D2",1,3,2,0.666666666666667,0.150952303657879,TRUE,TRUE
"WBP5","D2_late_increasing","clean_D2",1,5,5,1,0.0814817901133943,TRUE,TRUE
"VAT1","D2_late_increasing","clean_D2",1,5,5,1,0.116111559233226,TRUE,TRUE
"PEA15","D2_late_increasing","clean_D2",1,4,3,0.75,0.109033795202862,TRUE,TRUE
"TXN2","D2_late_increasing","clean_D2",1,4,4,1,0.149765389816768,TRUE,TRUE
"ECM2","D2_late_increasing","clean_D2",1,4,3,0.75,0.0864977236908478,TRUE,TRUE
"TBC1D1","D2_late_increasing","clean_D2",1,3,3,1,0.195486651064147,TRUE,TRUE
"NDUFB3","D2_late_increasing","clean_D2",1,3,2,0.666666666666667,0.15436614491761,TRUE,TRUE
"APOE","D2_late_increasing","clean_D2",1,5,2,0.4,-0.0659245070851528,FALSE,FALSE
"FAM129A","D2_late_increasing","clean_D2",1,1,1,1,0.178571581698657,NA,NA
"SLC39A7","D2_late_increasing","clean_D2",1,5,4,0.8,0.101592980991009,TRUE,TRUE
"KIAA2013","D2_late_increasing","clean_D2",1,4,3,0.75,0.135621856291336,TRUE,TRUE
"TNC","D2_late_increasing","clean_D2",1,4,3,0.75,0.19434709829479,TRUE,TRUE
"CLPP","D2_late_increasing","clean_D2",1,4,4,1,0.194644784003089,TRUE,TRUE
"HMOX2","D2_late_increasing","clean_D2",1,3,2,0.666666666666667,0.15122678349875,TRUE,TRUE
"MAST2","D2_late_increasing","clean_D2",1,2,2,1,0.222151862802084,NA,NA
"GPC1","D2_late_increasing","clean_D2",1,4,2,0.5,0.0248990585609619,FALSE,FALSE
"PRADC1","D2_late_increasing","clean_D2",1,3,2,0.666666666666667,0.175214964229539,TRUE,TRUE
"KLHL22","D2_late_increasing","clean_D2",1,3,3,1,0.200719331414671,TRUE,TRUE
"ARAP1","D2_late_increasing","clean_D2",1,4,4,1,0.127254747091979,TRUE,TRUE
"GUK1","D2_late_increasing","clean_D2",1,5,4,0.8,0.0563072547050282,TRUE,TRUE
"IGDCC4","D2_late_increasing","clean_D2",1,3,3,1,0.127411071135698,TRUE,TRUE
"CHD3","D2_late_increasing","clean_D2",1,5,5,1,0.163077065059551,TRUE,TRUE
"NDUFA3","D2_late_increasing","clean_D2",1,5,4,0.8,0.0153076706110046,TRUE,TRUE
"PSMB8","D2_late_increasing","clean_D2",1,3,2,0.666666666666667,0.0237059011137107,TRUE,TRUE
"KLHDC3","D2_late_increasing","clean_D2",1,4,3,0.75,0.150487512378527,TRUE,TRUE
"MIF","D2_late_increasing","clean_D2",1,4,3,0.75,0.104825766809457,TRUE,TRUE
"GOLGA3","D2_late_increasing","clean_D2",1,5,4,0.8,0.114978822670104,TRUE,TRUE
"ST6GALNAC6","D2_late_increasing","clean_D2",1,4,3,0.75,0.104886771913686,TRUE,TRUE
"THOC6","D2_late_increasing","clean_D2",1,3,3,1,0.149618696198558,TRUE,TRUE
"MRPL14","D2_late_increasing","none",1,4,3,0.75,0.152531689032567,TRUE,TRUE
"GTF3C1","D2_late_increasing","clean_D2",1,3,2,0.666666666666667,0.153449442073577,TRUE,TRUE
"GNG5","D2_late_increasing","clean_D2",1,5,4,0.8,0.0922066362610048,TRUE,TRUE
"BAD","D2_late_increasing","clean_D2",1,5,4,0.8,0.0216186935920363,TRUE,TRUE
"DPYSL3","D2_late_increasing","clean_D2",1,5,4,0.8,0.100108660015975,TRUE,TRUE
"TIMM8B","D2_late_increasing","clean_D2",1,5,4,0.8,0.0273851829721122,TRUE,TRUE
"MYO1C","D2_late_increasing","clean_D2",1,5,4,0.8,0.112631288087894,TRUE,TRUE
"CRELD2","D2_late_increasing","clean_D2",1,3,3,1,0.111225565130309,TRUE,TRUE
"CALR","D2_late_increasing","clean_D2",1,5,4,0.8,0.0547366047155998,TRUE,TRUE
"C11orf68","D2_late_increasing","clean_D2",1,4,4,1,0.124806485679254,TRUE,TRUE
"B2M","D2_late_increasing","clean_D2",1,5,2,0.4,-0.0682670476509803,FALSE,FALSE
"C19orf24","D2_late_increasing","clean_D2",1,3,3,1,0.12462779896349,TRUE,TRUE
"FAM102A","D2_late_increasing","clean_D2",1,3,3,1,0.144130094544308,TRUE,TRUE
"NUTF2","D2_late_increasing","clean_D2",1,5,4,0.8,0.0476191788188879,TRUE,TRUE
"UROS","D2_late_increasing","clean_D2",1,3,3,1,0.162381798219244,TRUE,TRUE
"CALM3","D2_late_increasing","clean_D2",1,5,5,1,0.0748028937476318,TRUE,TRUE
"PRICKLE1","D2_late_increasing","clean_D2",1,5,5,1,0.192909744864598,TRUE,TRUE
"TXNDC15","D2_late_increasing","clean_D2",1,4,3,0.75,0.0928959834636231,TRUE,TRUE
"EFEMP1","D2_late_increasing","clean_D2",1,4,3,0.75,0.0718978453265878,TRUE,TRUE
"CCDC124","D2_late_increasing","clean_D2",1,4,4,1,0.112757276136065,TRUE,TRUE
"NDUFB2","D2_late_increasing","clean_D2",1,5,4,0.8,0.0981737372262586,TRUE,TRUE
"GRINA","D2_late_increasing","clean_D2",1,5,5,1,0.138615376909979,TRUE,TRUE
"FAM177A1","D2_late_increasing","clean_D2",1,3,3,1,0.193339076641392,TRUE,TRUE
"GIPC1","D2_late_increasing","clean_D2",1,4,3,0.75,0.0980813999770835,TRUE,TRUE
"ZNF106","D2_late_increasing","clean_D2",1,5,5,1,0.193996579427176,TRUE,TRUE
"SLC12A4","D2_late_increasing","clean_D2",1,3,3,1,0.216489118387695,TRUE,TRUE
"SRPX2","D2_late_increasing","clean_D2",1,3,3,1,0.162879266789659,TRUE,TRUE
"ECHS1","D2_late_increasing","clean_D2",1,4,2,0.5,0.0826343557550145,FALSE,FALSE
"ANXA1","D2_late_increasing","clean_D2",1,5,5,1,0.10231440187127,TRUE,TRUE
"FAM234A","D2_late_increasing","clean_D2",1,3,3,1,0.26861206003151,TRUE,TRUE
"TWF2","D2_late_increasing","clean_D2",1,4,3,0.75,0.129423878231781,TRUE,TRUE
"ITGA5","D2_late_increasing","clean_D2",1,2,2,1,0.145487085190266,NA,NA
"RARRES3","D2_late_increasing","clean_D2",1,4,2,0.5,0.0478650098649669,FALSE,FALSE
"AKR1C3","D2_late_increasing","clean_D2",1,3,2,0.666666666666667,0.140183501269085,TRUE,TRUE
"TMEM208","D2_late_increasing","clean_D2",1,3,3,1,0.191073808079765,TRUE,TRUE
"BUD31","D2_late_increasing","clean_D2",1,4,4,1,0.0939840011694265,TRUE,TRUE
"CCDC167","D2_late_increasing","clean_D2",1,3,2,0.666666666666667,0.0423655145887869,TRUE,TRUE
"SCARF2","D2_late_increasing","clean_D2",1,3,3,1,0.183472886565191,TRUE,TRUE
"RNPEPL1","D2_late_increasing","clean_D2",1,2,2,1,0.0869901561580334,NA,NA
"OLFM2","D2_late_increasing","clean_D2",1,5,5,1,0.105360981823411,TRUE,TRUE
"SPINT2","D2_late_increasing","clean_D2",1,4,4,1,0.194715153565292,TRUE,TRUE
"BRI3","D2_late_increasing","clean_D2",1,5,4,0.8,0.0512164287102632,TRUE,TRUE
"RP11-196G11.1","D2_late_increasing","clean_D2",1,1,1,1,0.164366102698926,NA,NA
"KCNK6","D2_late_increasing","clean_D2",1,3,3,1,0.152034640854328,TRUE,TRUE
"LRPAP1","D2_late_increasing","clean_D2",1,5,5,1,0.0778943933752081,TRUE,TRUE
"FBLIM1","D2_late_increasing","clean_D2",1,2,2,1,0.153974297781509,NA,NA
"ARSA","D2_late_increasing","clean_D2",1,3,2,0.666666666666667,0.110535130788391,TRUE,TRUE
"RNASEH2C","D2_late_increasing","clean_D2",1,5,4,0.8,0.0786733282684765,TRUE,TRUE
"TXNL4A","D2_late_increasing","clean_D2",1,5,4,0.8,0.102054135104706,TRUE,TRUE
"GTF3C6","D2_late_increasing","clean_D2",1,4,4,1,0.0921715992620059,TRUE,TRUE
"AKT1S1","D2_late_increasing","clean_D2",1,3,2,0.666666666666667,0.115880334726672,TRUE,TRUE
"SH3GL1","D2_late_increasing","clean_D2",1,3,3,1,0.143662184925824,TRUE,TRUE
"AP3D1","D2_late_increasing","clean_D2",1,4,3,0.75,0.176571390318114,TRUE,TRUE
"QSOX1","D2_late_increasing","clean_D2",1,4,4,1,0.158598727121339,TRUE,TRUE
"TXLNA","D2_late_increasing","clean_D2",1,4,4,1,0.178456264104694,TRUE,TRUE
"GPC6","D2_late_increasing","clean_D2",1,4,4,1,0.134335671750178,TRUE,TRUE
"LTBP3","D2_late_increasing","clean_D2",1,5,5,1,0.257234565441773,TRUE,TRUE
"FAM229B","D2_late_increasing","clean_D2",1,3,2,0.666666666666667,0.112160346624591,TRUE,TRUE
"C12orf75","D2_late_increasing","clean_D2",1,3,3,1,0.172909068183976,TRUE,TRUE
"SRM","D2_late_increasing","clean_D2",1,5,4,0.8,0.171360527059192,TRUE,TRUE
"PPDPF","D2_late_increasing","clean_D2",1,5,4,0.8,0.0376009108818092,TRUE,TRUE
"PRKCDBP","D2_late_increasing","clean_D2",1,5,3,0.6,0.0027155590915835,TRUE,FALSE
"GTF3A","D2_late_increasing","clean_D2",1,3,2,0.666666666666667,0.100511020293786,TRUE,TRUE
"JDP2","D2_late_increasing","clean_D2",1,4,4,1,0.209050782696607,TRUE,TRUE
"RP11-282O18.3","D2_late_increasing","clean_D2",1,5,3,0.6,0.105855576220005,TRUE,FALSE
"TRAPPC1","D2_late_increasing","clean_D2",1,4,3,0.75,0.0700855187829107,TRUE,TRUE
"GSR","D2_late_increasing","clean_D2",1,1,1,1,0.189631492274033,NA,NA
"PDIA5","D2_late_increasing","clean_D2",1,3,3,1,0.166215309518606,TRUE,TRUE
"RHOC","D2_late_increasing","clean_D2",1,5,4,0.8,0.09791501224191,TRUE,TRUE
"UROD","D2_late_increasing","clean_D2",1,4,3,0.75,0.0813844327241557,TRUE,TRUE
"IMPDH1","D2_late_increasing","clean_D2",1,2,2,1,0.143225605883355,NA,NA
"YIF1B","D2_late_increasing","clean_D2",1,2,2,1,0.207526243740828,NA,NA
"MED8","D2_late_increasing","clean_D2",1,2,2,1,0.16102702685012,NA,NA
"UQCC2","D2_late_increasing","clean_D2",1,4,4,1,0.0877673762229153,TRUE,TRUE
"CD276","D2_late_increasing","clean_D2",1,4,4,1,0.150825683947304,TRUE,TRUE
"GLMP","D2_late_increasing","clean_D2",1,2,2,1,0.133995181849356,NA,NA
"BTN3A2","D2_late_increasing","clean_D2",1,2,2,1,0.0880946350086793,NA,NA
"TANC2","D2_late_increasing","clean_D2",1,3,3,1,0.27266161081597,TRUE,TRUE
"ZNHIT1","D2_late_increasing","clean_D2",1,5,3,0.6,0.0767740439773865,TRUE,FALSE
"EIF4G1","D2_late_increasing","clean_D2",1,5,5,1,0.159582720916625,TRUE,TRUE
"UQCRQ","D2_late_increasing","clean_D2",1,5,3,0.6,0.0115483756735236,TRUE,FALSE
"GRIN2D","D2_late_increasing","clean_D2",1,1,1,1,0.223920876345791,NA,NA
"COPA","D2_late_increasing","clean_D2",1,5,3,0.6,0.163975710950005,TRUE,FALSE
"FMO1","D2_late_increasing","clean_D2",1,4,4,1,0.169782886766774,TRUE,TRUE
"CD63","D2_late_increasing","clean_D2",1,5,2,0.4,-0.0358800908322297,FALSE,FALSE
"ARPC4","D2_late_increasing","clean_D2",1,5,5,1,0.141489620014143,TRUE,TRUE
"ITGB1BP1","D2_late_increasing","clean_D2",1,4,4,1,0.124857062767094,TRUE,TRUE
"NDST1","D2_late_increasing","clean_D2",1,3,3,1,0.171825749768834,TRUE,TRUE
"CHPF2","D2_late_increasing","clean_D2",1,3,3,1,0.247147469711241,TRUE,TRUE
"GLT8D2","D2_late_increasing","clean_D2",1,4,3,0.75,0.1335942477479,TRUE,TRUE
"ATP6V0D1","D2_late_increasing","clean_D2",1,4,4,1,0.233518321217654,TRUE,TRUE
"SEMA3C","D2_late_increasing","clean_D2",1,3,3,1,0.264919036846532,TRUE,TRUE
"PLEKHA4","D2_late_increasing","clean_D2",1,4,4,1,0.110574373642959,TRUE,TRUE
"ARPC1A","D2_late_increasing","clean_D2",1,4,4,1,0.148790256545797,TRUE,TRUE
"A2M","D2_late_increasing","clean_D2",1,3,2,0.666666666666667,0.0533618162796444,TRUE,TRUE
"CDK2AP1","D2_late_increasing","clean_D2",1,5,3,0.6,0.110974960908268,TRUE,FALSE
"MINOS1-NBL1","D2_late_increasing","clean_D2",1,2,2,1,0.11690534981949,NA,NA
"HAPLN3","D2_late_increasing","clean_D2",1,2,2,1,0.118791521954294,NA,NA
"TPM2","D2_late_increasing","clean_D2",1,5,3,0.6,0.152981903323273,TRUE,FALSE
"ZEB1","D2_late_increasing","clean_D2",1,4,2,0.5,0.0708234696636186,FALSE,FALSE
"ERCC1","D2_late_increasing","clean_D2",1,5,5,1,0.140032458351489,TRUE,TRUE
"MEIS3","D2_late_increasing","clean_D2",1,3,3,1,0.205632253621642,TRUE,TRUE
"ACTB","D2_late_increasing","clean_D2",1,5,3,0.6,0.0511695974070729,TRUE,FALSE
"MYLK","D2_late_increasing","clean_D2",1,2,2,1,0.186725409571957,NA,NA
"CD82","D2_late_increasing","clean_D2",1,2,2,1,0.0753859361715902,NA,NA
"PLXNB2","D2_late_increasing","clean_D2",1,4,3,0.75,0.116706620883621,TRUE,TRUE
"PLOD2","D2_late_increasing","clean_D2",1,2,2,1,0.268317614350346,NA,NA
"LINC01615","D2_late_increasing","clean_D2",1,2,2,1,0.141960396952405,NA,NA
"MRPL17","D2_late_increasing","none",1,2,2,1,0.188917414968075,NA,NA
"SLC39A13","D2_late_increasing","clean_D2",1,3,2,0.666666666666667,0.113557606350436,TRUE,TRUE
"ARHGAP28","D2_late_increasing","clean_D2",1,3,3,1,0.255659908901608,TRUE,TRUE
"RAD51B","D2_late_increasing","clean_D2",1,4,3,0.75,0.0878732373268575,TRUE,TRUE
"CTSC","D2_late_increasing","clean_D2",1,4,2,0.5,0.0622151035293065,FALSE,FALSE
"NANS","D2_late_increasing","clean_D2",1,4,4,1,0.12862706217689,TRUE,TRUE
"GAA","D2_late_increasing","clean_D2",1,4,4,1,0.144048391511873,TRUE,TRUE
"TNFRSF1A","D2_late_increasing","clean_D2",1,5,5,1,0.0807038125492747,TRUE,TRUE
"GALNT2","D2_late_increasing","clean_D2",1,4,3,0.75,0.16674911827195,TRUE,TRUE
"PLAUR","D2_late_increasing","clean_D2",1,3,3,1,0.17897086175599,TRUE,TRUE
"PAPSS2","D2_late_increasing","clean_D2",1,3,3,1,0.159852325477767,TRUE,TRUE
"DAPK3","D2_late_increasing","clean_D2",1,3,3,1,0.162565650214298,TRUE,TRUE
"GPI","D2_late_increasing","clean_D2",1,5,5,1,0.158824325118473,TRUE,TRUE
"AGTRAP","D2_late_increasing","clean_D2",1,3,2,0.666666666666667,0.0876609034737972,TRUE,TRUE
"HOMER3","D2_late_increasing","clean_D2",1,2,2,1,0.220723879771038,NA,NA
"NAA10","D2_late_increasing","clean_D2",1,4,4,1,0.129136526883738,TRUE,TRUE
"COPZ1","D2_late_increasing","clean_D2",1,4,2,0.5,0.0439563824318609,FALSE,FALSE
"NRBP1","D2_late_increasing","clean_D2",1,4,4,1,0.115871943242212,TRUE,TRUE
"NPTX2","D2_late_increasing","clean_D2",1,3,3,1,0.221674935926725,TRUE,TRUE
"CXXC5","D2_late_increasing","clean_D2",1,4,4,1,0.085699861705816,TRUE,TRUE
"TMEM147","D2_late_increasing","clean_D2",1,4,3,0.75,0.158288213778147,TRUE,TRUE
"CTTN","D2_late_increasing","clean_D2",1,5,5,1,0.125029522852472,TRUE,TRUE
"METRNL","D2_late_increasing","clean_D2",1,5,4,0.8,0.143796451341198,TRUE,TRUE
"XBP1","D2_late_increasing","clean_D2",1,4,4,1,0.105271873238353,TRUE,TRUE
"FUT11","D2_late_increasing","clean_D2",1,4,4,1,0.157315191005932,TRUE,TRUE
"DNPH1","D2_late_increasing","clean_D2",1,4,4,1,0.0995555461359643,TRUE,TRUE
"MRPL52","D2_late_increasing","none",1,5,4,0.8,0.0844268081083742,TRUE,TRUE
"ST3GAL2","D2_late_increasing","clean_D2",1,4,3,0.75,0.176867912999286,TRUE,TRUE
"FIBP","D2_late_increasing","clean_D2",1,3,2,0.666666666666667,0.10036002301302,TRUE,TRUE
"ETHE1","D2_late_increasing","clean_D2",1,4,4,1,0.127937695642257,TRUE,TRUE
"TMEM219","D2_late_increasing","clean_D2",1,5,5,1,0.108386228090159,TRUE,TRUE
"CDC42EP5","D2_late_increasing","clean_D2",1,4,4,1,0.190546849063188,TRUE,TRUE
"C7orf73","D2_late_increasing","clean_D2",1,5,5,1,0.121908888307417,TRUE,TRUE
"S100A13","D2_late_increasing","clean_D2",1,5,4,0.8,0.0347098033935929,TRUE,TRUE
"ZYX","D2_late_increasing","clean_D2",1,5,5,1,0.157715689569603,TRUE,TRUE
"PDZRN4","D2_late_increasing","clean_D2",1,2,2,1,0.213433415041082,NA,NA
"MRPL12","D2_late_increasing","none",1,4,4,1,0.159533256539644,TRUE,TRUE
"MAP7D1","D2_late_increasing","clean_D2",1,3,3,1,0.13243069625825,TRUE,TRUE
"FHL3","D2_late_increasing","clean_D2",1,2,2,1,0.211447045354876,NA,NA
"PGLS","D2_late_increasing","clean_D2",1,5,2,0.4,-0.00291056907163971,FALSE,FALSE
"CAPZB","D2_late_increasing","clean_D2",1,5,4,0.8,0.101001178538461,TRUE,TRUE
"ERI3","D2_late_increasing","clean_D2",1,3,3,1,0.184989258894133,TRUE,TRUE
"PDE4DIP","D2_late_increasing","clean_D2",1,3,3,1,0.230401084946803,TRUE,TRUE
"GALNT10","D2_late_increasing","clean_D2",1,3,3,1,0.0376474788676194,TRUE,TRUE
"B4GALT1","D2_late_increasing","clean_D2",1,5,5,1,0.123245702533528,TRUE,TRUE
"NME1","D2_late_increasing","clean_D2",1,5,4,0.8,0.14386331802262,TRUE,TRUE
"LMF2","D2_late_increasing","clean_D2",1,4,3,0.75,0.110457273831948,TRUE,TRUE
"DPM2","D2_late_increasing","clean_D2",1,2,2,1,0.219522573300184,NA,NA
"VTI1B","D2_late_increasing","clean_D2",1,4,3,0.75,0.114793025763185,TRUE,TRUE
"TRAPPC2L","D2_late_increasing","clean_D2",1,3,3,1,0.0665126769410877,TRUE,TRUE
"THBS3","D2_late_increasing","clean_D2",1,4,3,0.75,0.173573413689866,TRUE,TRUE
"CNN2","D2_late_increasing","clean_D2",1,5,4,0.8,0.16903275003893,TRUE,TRUE
"DYNLT1","D2_late_increasing","clean_D2",1,5,5,1,0.132796759729709,TRUE,TRUE
"VGLL3","D2_late_increasing","clean_D2",1,3,3,1,0.208354783727825,TRUE,TRUE
"TRIOBP","D2_late_increasing","clean_D2",1,4,3,0.75,0.0774055659043149,TRUE,TRUE
"THBS1","D2_late_increasing","clean_D2",1,4,4,1,0.181080794688738,TRUE,TRUE
"EPHB3","D2_late_increasing","clean_D2",1,3,3,1,0.216632972114678,TRUE,TRUE
"POMP","D2_late_increasing","clean_D2",1,5,5,1,0.153706132283465,TRUE,TRUE
"MFAP2","D2_late_increasing","clean_D2",1,5,4,0.8,0.0603267647604144,TRUE,TRUE
"FAM195B","D2_late_increasing","clean_D2",1,5,4,0.8,0.182483992020932,TRUE,TRUE
"C11orf96","D2_late_increasing","clean_D2",1,3,2,0.666666666666667,0.0750598847382612,TRUE,TRUE
"PXDN","D2_late_increasing","clean_D2",1,5,4,0.8,0.181254448448512,TRUE,TRUE
"COMMD5","D2_late_increasing","clean_D2",1,3,3,1,0.261829126330476,TRUE,TRUE
"P4HA3","D2_late_increasing","clean_D2",1,3,2,0.666666666666667,0.132630167630745,TRUE,TRUE
"VOPP1","D2_late_increasing","clean_D2",1,4,3,0.75,0.0941421486361028,TRUE,TRUE
"ALDH1L2","D2_late_increasing","clean_D2",1,1,1,1,0.272156306117213,NA,NA
"TNFSF10","D2_late_increasing","clean_D2",1,4,3,0.75,0.0264983129707486,TRUE,TRUE
"HEXA","D2_late_increasing","clean_D2",1,4,4,1,0.169362877793242,TRUE,TRUE
"SEMA3B","D2_late_increasing","clean_D2",1,3,3,1,0.324033355337345,TRUE,TRUE
"UBE2L6","D2_late_increasing","clean_D2",1,4,3,0.75,0.155645543276234,TRUE,TRUE
"SURF4","D2_late_increasing","clean_D2",1,5,4,0.8,0.108055452551166,TRUE,TRUE
"SPARCL1","D2_late_increasing","clean_D2",1,5,3,0.6,0.0152296492109399,TRUE,FALSE
"LASP1","D2_late_increasing","clean_D2",1,4,3,0.75,0.133721388885283,TRUE,TRUE
"TP53I3","D2_late_increasing","clean_D2",1,3,2,0.666666666666667,0.0945042879976018,TRUE,TRUE
"SRPRB","D2_late_increasing","clean_D2",1,3,3,1,0.182707021543496,TRUE,TRUE
"SHISA5","D2_late_increasing","clean_D2",1,5,4,0.8,0.122786953719932,TRUE,TRUE
"CTGF","D2_late_increasing","clean_D2",1,5,5,1,0.198089318108083,TRUE,TRUE
"AC024592.12","D2_late_increasing","clean_D2",1,2,2,1,0.115228193281627,NA,NA
"TENM3","D2_late_increasing","clean_D2",1,4,4,1,0.34731169587295,TRUE,TRUE
"TMEM261","D2_late_increasing","clean_D2",1,3,2,0.666666666666667,0.156578362657541,TRUE,TRUE
"JTB","D2_late_increasing","clean_D2",1,5,5,1,0.174096400000963,TRUE,TRUE
"NSMCE1","D2_late_increasing","clean_D2",1,2,2,1,0.138243919863293,NA,NA
"CCDC28B","D2_late_increasing","clean_D2",1,3,3,1,0.172956644582834,TRUE,TRUE
"GRN","D2_late_increasing","clean_D2",1,5,5,1,0.101459348074903,TRUE,TRUE
"FLNA","D2_late_increasing","clean_D2",1,5,3,0.6,0.13822397415323,TRUE,FALSE
"COPG1","D2_late_increasing","clean_D2",1,4,3,0.75,0.204799200171501,TRUE,TRUE
"EIF4E2","D2_late_increasing","clean_D2",1,4,4,1,0.186079244258078,TRUE,TRUE
"LAMB2","D2_late_increasing","clean_D2",1,5,5,1,0.140742951938432,TRUE,TRUE
"SHC1","D2_late_increasing","clean_D2",1,4,2,0.5,0.05884263130335,FALSE,FALSE
"LUM","D2_late_increasing","clean_D2",1,5,1,0.2,-0.0280897253556225,FALSE,FALSE
"ISLR","D2_late_increasing","clean_D2",1,5,3,0.6,0.071537568302277,TRUE,FALSE
"MYO1D","D2_late_increasing","clean_D2",1,5,5,1,0.147288643181549,TRUE,TRUE
"NEK6","D2_late_increasing","clean_D2",1,3,2,0.666666666666667,0.214343317316871,TRUE,TRUE
"PGM1","D2_late_increasing","clean_D2",1,2,2,1,0.148458702625577,NA,NA
"PFN1","D2_late_increasing","clean_D2",1,5,4,0.8,0.103544081422877,TRUE,TRUE
"TMEM176B","D2_late_increasing","clean_D2",1,5,3,0.6,0.0756149305478182,TRUE,FALSE
"MLEC","D2_late_increasing","clean_D2",1,4,3,0.75,0.0986866452582648,TRUE,TRUE
"HN1","D2_late_increasing","clean_D2",1,3,2,0.666666666666667,0.213762110200638,TRUE,TRUE
"EDIL3","D2_late_increasing","clean_D2",1,5,4,0.8,0.0925420878915097,TRUE,TRUE
"SNF8","D2_late_increasing","clean_D2",1,4,3,0.75,0.209629034153899,TRUE,TRUE
"MPG","D2_late_increasing","clean_D2",1,5,4,0.8,0.030448917153129,TRUE,TRUE
"LINC01116","D2_late_increasing","clean_D2",1,2,2,1,0.242049812433797,NA,NA
"SWI5","D2_late_increasing","clean_D2",1,2,2,1,0.100826890049821,NA,NA
"NXN","D2_late_increasing","clean_D2",1,5,3,0.6,0.0648567430748021,TRUE,FALSE
"PTN","D2_late_increasing","clean_D2",1,5,3,0.6,0.0110544204899841,TRUE,FALSE
"KRT6A","D2_late_increasing","none",1,2,2,1,0.0805796410254999,NA,NA
"TPM4","D2_late_increasing","clean_D2",1,5,4,0.8,0.114100057428739,TRUE,TRUE
"FAM89B","D2_late_increasing","clean_D2",1,3,3,1,0.102708085920398,TRUE,TRUE
"SMCO4","D2_late_increasing","clean_D2",1,1,1,1,0.134234564827411,NA,NA
"APBB2","D2_late_increasing","clean_D2",1,5,5,1,0.231791503333972,TRUE,TRUE
"A1BG","D2_late_increasing","clean_D2",1,5,5,1,0.136119847349033,TRUE,TRUE
"HES4","D2_late_increasing","clean_D2",1,4,3,0.75,0.141952245446533,TRUE,TRUE
"SSR4","D2_late_increasing","clean_D2",1,5,3,0.6,0.0739165071689707,TRUE,FALSE
"VAMP5","D2_late_increasing","clean_D2",1,5,2,0.4,-0.0376046789813056,FALSE,FALSE
"KRT16","D2_late_increasing","none",1,2,2,1,0.12844475294245,NA,NA
"CTSZ","D2_late_increasing","clean_D2",1,4,4,1,0.088269580597617,TRUE,TRUE
"FIBIN","D2_late_increasing","clean_D2",1,2,2,1,0.256983500149193,NA,NA
"DNAJC1","D2_late_increasing","clean_D2",1,5,5,1,0.184746108493215,TRUE,TRUE
"ZFHX4","D2_late_increasing","clean_D2",1,3,3,1,0.239754147717855,TRUE,TRUE
"NEK10","D2_late_increasing","clean_D2",1,3,3,1,0.177294584713941,TRUE,TRUE
"SGCD","D2_late_increasing","clean_D2",1,4,4,1,0.166025767522334,TRUE,TRUE
"MSRB3","D2_late_increasing","clean_D2",1,4,4,1,0.136382395113361,TRUE,TRUE
"PGAM1","D2_late_increasing","clean_D2",1,5,4,0.8,0.121897193185729,TRUE,TRUE
"LRRC59","D2_late_increasing","clean_D2",1,4,4,1,0.161476164138768,TRUE,TRUE
"TAF10","D2_late_increasing","clean_D2",1,5,5,1,0.090039680197318,TRUE,TRUE
"GPAA1","D2_late_increasing","clean_D2",1,4,3,0.75,0.12322651097258,TRUE,TRUE
"DBN1","D2_late_increasing","clean_D2",1,3,3,1,0.187912775447828,TRUE,TRUE
"APOL2","D2_late_increasing","clean_D2",1,3,3,1,0.110077541749848,TRUE,TRUE
"MAP4","D2_late_increasing","clean_D2",1,5,5,1,0.157223375021481,TRUE,TRUE
"NDUFS8","D2_late_increasing","clean_D2",1,5,5,1,0.179800584084947,TRUE,TRUE
"CAMK1D","D2_late_increasing","clean_D2",1,5,4,0.8,0.154790017394876,TRUE,TRUE
"SH3PXD2A","D2_late_increasing","clean_D2",1,5,5,1,0.23450986370349,TRUE,TRUE
"LAMC1","D2_late_increasing","clean_D2",1,5,4,0.8,0.0877519602220653,TRUE,TRUE
"MYH9","D2_late_increasing","clean_D2",1,5,5,1,0.185566373194649,TRUE,TRUE
"PLPP4","D2_late_increasing","clean_D2",1,2,2,1,0.280068400572976,NA,NA
"SEC24D","D2_late_increasing","clean_D2",1,3,3,1,0.211482657510695,TRUE,TRUE
"RPL22L1","D2_late_increasing","none",1,4,3,0.75,0.112977269277913,TRUE,TRUE
"EIF4EBP1","D2_late_increasing","clean_D2",1,4,4,1,0.115184617122608,TRUE,TRUE
"OSTC","D2_late_increasing","clean_D2",1,5,4,0.8,0.101488334657776,TRUE,TRUE
"ILK","D2_late_increasing","clean_D2",1,5,5,1,0.154746771247969,TRUE,TRUE
"COPE","D2_late_increasing","clean_D2",1,5,4,0.8,0.138326783002358,TRUE,TRUE
"AHR","D2_late_increasing","clean_D2",1,4,3,0.75,0.0931046607282025,TRUE,TRUE
"FAM50A","D2_late_increasing","clean_D2",1,3,3,1,0.149443168308439,TRUE,TRUE
"RYR2","D2_late_increasing","clean_D2",1,2,2,1,0.264140095405527,NA,NA
"CNN3","D2_late_increasing","clean_D2",1,5,5,1,0.113228318504247,TRUE,TRUE
"NGFR","D2_late_increasing","clean_D2",1,3,2,0.666666666666667,0.0677381937476173,TRUE,TRUE
"CCDC107","D2_late_increasing","clean_D2",1,4,4,1,0.166405775234767,TRUE,TRUE
"AQP1","D2_late_increasing","clean_D2",1,4,2,0.5,0.0229933418700374,FALSE,FALSE
"CYR61","D2_late_increasing","clean_D2",1,4,3,0.75,0.113677400577546,TRUE,TRUE
"SMTN","D2_late_increasing","clean_D2",1,3,3,1,0.157994937438826,TRUE,TRUE
"DAP","D2_late_increasing","clean_D2",1,3,2,0.666666666666667,0.122111710872834,TRUE,TRUE
"PHLDA3","D2_late_increasing","clean_D2",1,5,3,0.6,0.0643810890646685,TRUE,FALSE
"GARS","D2_late_increasing","clean_D2",1,5,4,0.8,0.244190701989721,TRUE,TRUE
"CGREF1","D2_late_increasing","clean_D2",1,3,3,1,0.140144549025261,TRUE,TRUE
"IDH2","D2_late_increasing","clean_D2",1,4,3,0.75,0.112286598226491,TRUE,TRUE
"ERLEC1","D2_late_increasing","clean_D2",1,4,3,0.75,0.145934919358762,TRUE,TRUE
"C9orf16","D2_late_increasing","clean_D2",1,5,4,0.8,0.0520585079155923,TRUE,TRUE
"C1QTNF3","D2_late_increasing","clean_D2",1,1,1,1,0.189561143130665,NA,NA
"SDF4","D2_late_increasing","clean_D2",1,5,5,1,0.224154270126086,TRUE,TRUE
"ZCCHC24","D2_late_increasing","clean_D2",1,5,3,0.6,0.0472279051445961,TRUE,FALSE
"GMPPA","D2_late_increasing","clean_D2",1,3,3,1,0.28710740536944,TRUE,TRUE
"ALDH18A1","D2_late_increasing","clean_D2",1,3,3,1,0.227170511027757,TRUE,TRUE
"CIB1","D2_late_increasing","clean_D2",1,4,4,1,0.250270880019494,TRUE,TRUE
"IGFBP6","D2_late_increasing","clean_D2",1,5,4,0.8,0.168939414460422,TRUE,TRUE
"SLC27A4","D2_late_increasing","clean_D2",1,5,2,0.4,-0.0278205039150862,FALSE,FALSE
"JOSD2","D2_late_increasing","clean_D2",1,2,2,1,0.122912080329817,NA,NA
"ENAH","D2_late_increasing","clean_D2",1,5,4,0.8,0.124625256001482,TRUE,TRUE
"CD99","D2_late_increasing","clean_D2",1,5,2,0.4,-0.0168867152023804,FALSE,FALSE
"UCHL1","D2_late_increasing","clean_D2",1,2,2,1,0.195979056835236,NA,NA
"CALU","D2_late_increasing","clean_D2",1,5,5,1,0.191695623222536,TRUE,TRUE
"TMEM176A","D2_late_increasing","clean_D2",1,4,2,0.5,0.0489547593112115,FALSE,FALSE
"CKLF","D2_late_increasing","clean_D2",1,3,3,1,0.157548897963849,TRUE,TRUE
"CYBA","D2_late_increasing","clean_D2",1,5,1,0.2,-0.0121614271987515,FALSE,FALSE
"CSRP2","D2_late_increasing","clean_D2",1,2,2,1,0.172716398632136,NA,NA
"VEGFB","D2_late_increasing","clean_D2",1,5,5,1,0.108976567023112,TRUE,TRUE
"LAMTOR2","D2_late_increasing","clean_D2",1,3,3,1,0.124102098706143,TRUE,TRUE
"TUBA1C","D2_late_increasing","clean_D2",1,5,5,1,0.201830498788616,TRUE,TRUE
"KIAA1462","D2_late_increasing","clean_D2",1,2,2,1,0.200735068537582,NA,NA
"ACKR1","D2_late_increasing","clean_D2",1,1,1,1,0.109912662329705,NA,NA
"PACS1","D2_late_increasing","clean_D2",1,5,4,0.8,0.266077814360284,TRUE,TRUE
"RRBP1","D2_late_increasing","clean_D2",1,5,4,0.8,0.197917940175412,TRUE,TRUE
"FBLN7","D2_late_increasing","clean_D2",1,4,4,1,0.112516318914938,TRUE,TRUE
"RTEL1-TNFRSF6B","D2_late_increasing","clean_D2",1,3,3,1,0.0697624763073281,TRUE,TRUE
"NUCB1","D2_late_increasing","clean_D2",1,5,4,0.8,0.0807666312266515,TRUE,TRUE
"FKBP7","D2_late_increasing","clean_D2",1,3,3,1,0.173923302767347,TRUE,TRUE
"S100A7","D2_late_increasing","clean_D2",1,4,2,0.5,0.00163447552302744,FALSE,FALSE
"COTL1","D2_late_increasing","clean_D2",1,3,3,1,0.207518769051862,TRUE,TRUE
"HLA-DRB1","D2_late_increasing","clean_D2",1,3,1,0.333333333333333,-0.0632535232768331,FALSE,FALSE
"SIL1","D2_late_increasing","clean_D2",1,3,3,1,0.151574695291391,TRUE,TRUE
"SSR3","D2_late_increasing","clean_D2",1,4,3,0.75,0.124221959354624,TRUE,TRUE
"IL1R1","D2_late_increasing","clean_D2",1,3,3,1,0.119373772672447,TRUE,TRUE
"S100A16","D2_late_increasing","clean_D2",1,5,4,0.8,0.128691449088089,TRUE,TRUE
"LMCD1","D2_late_increasing","clean_D2",1,3,3,1,0.342978371243581,TRUE,TRUE
"KHDRBS3","D2_late_increasing","clean_D2",1,3,2,0.666666666666667,0.114932243525904,TRUE,TRUE
"GALNS","D2_late_increasing","clean_D2",1,3,3,1,0.151699763246975,TRUE,TRUE
"ADAMTS12","D2_late_increasing","clean_D2",1,3,3,1,0.149950493580426,TRUE,TRUE
"SAR1A","D2_late_increasing","clean_D2",1,4,2,0.5,0.0743409593845998,FALSE,FALSE
"ARF4","D2_late_increasing","clean_D2",1,5,5,1,0.155033625255293,TRUE,TRUE
"TMSB4X","D2_late_increasing","clean_D2",1,5,2,0.4,-0.0188738120857058,FALSE,FALSE
"YIF1A","D2_late_increasing","clean_D2",1,5,4,0.8,0.0680080043789913,TRUE,TRUE
"ARFGAP1","D2_late_increasing","clean_D2",1,4,4,1,0.219598657950117,TRUE,TRUE
"GPR78","D2_late_increasing","clean_D2",1,4,4,1,0.218107885925809,TRUE,TRUE
"ITGBL1","D2_late_increasing","clean_D2",1,4,4,1,0.30017139496138,TRUE,TRUE
"XG","D2_late_increasing","clean_D2",1,3,3,1,0.171653356816982,TRUE,TRUE
"CDKN2A","D2_late_increasing","clean_D2",1,1,1,1,0.157836361923628,NA,NA
"LAMA4","D2_late_increasing","clean_D2",1,5,4,0.8,0.10889539847459,TRUE,TRUE
"LGMN","D2_late_increasing","clean_D2",1,3,3,1,0.197465673232493,TRUE,TRUE
"CTSA","D2_late_increasing","clean_D2",1,5,5,1,0.101324220616377,TRUE,TRUE
"SCO2","D2_late_increasing","clean_D2",1,3,3,1,0.153612405323928,TRUE,TRUE
"CCL14","D2_late_increasing","clean_D2",1,1,1,1,0.0553425251616994,NA,NA
"SEC61A1","D2_late_increasing","clean_D2",1,5,5,1,0.160473912698748,TRUE,TRUE
"FMOD","D2_late_increasing","clean_D2",1,4,4,1,0.109817232711727,TRUE,TRUE
"AKR1A1","D2_late_increasing","clean_D2",1,4,4,1,0.184912293681715,TRUE,TRUE
"IFI6","D2_late_increasing","clean_D2",1,5,5,1,0.0651651769183928,TRUE,TRUE
"ANXA6","D2_late_increasing","clean_D2",1,5,5,1,0.125586571698273,TRUE,TRUE
"C7orf50","D2_late_increasing","clean_D2",1,4,3,0.75,0.114915623232678,TRUE,TRUE
"IFITM3","D2_late_increasing","clean_D2",1,5,2,0.4,-0.0122946539158133,FALSE,FALSE
"FTL","D2_late_increasing","clean_D2",1,5,3,0.6,0.0485114238539615,TRUE,FALSE
"FARP1","D2_late_increasing","clean_D2",1,5,5,1,0.196005618477837,TRUE,TRUE
"HMCN1","D2_late_increasing","clean_D2",1,4,4,1,0.261885989880459,TRUE,TRUE
"PARVB","D2_late_increasing","clean_D2",1,2,2,1,0.157701028210095,NA,NA
"RP11-25H12.1","D2_late_increasing","clean_D2",1,5,4,0.8,0.0437237316097603,TRUE,TRUE
"SRA1","D2_late_increasing","clean_D2",1,3,3,1,0.167653344655939,TRUE,TRUE
"LOX","D2_late_increasing","clean_D2",1,3,3,1,0.162140614250929,TRUE,TRUE
"TUBB2A","D2_late_increasing","clean_D2",1,4,4,1,0.164520043177728,TRUE,TRUE
"PLTP","D2_late_increasing","clean_D2",1,4,4,1,0.112440003248296,TRUE,TRUE
"RP11-417E7.2","D2_late_increasing","clean_D2",1,3,3,1,0.208596784145945,TRUE,TRUE
"C1S","D2_late_increasing","clean_D2",1,5,3,0.6,0.00723974480258704,TRUE,FALSE
"LGALS1","D2_late_increasing","clean_D2",1,5,1,0.2,-0.0073574569466446,FALSE,FALSE
"TGFB3","D2_late_increasing","clean_D2",1,3,3,1,0.117975616010483,TRUE,TRUE
"CRABP2","D2_late_increasing","clean_D2",1,5,5,1,0.102049774973138,TRUE,TRUE
"NID2","D2_late_increasing","clean_D2",1,3,3,1,0.167492861940064,TRUE,TRUE
"C4orf48","D2_late_increasing","clean_D2",1,3,3,1,0.137827341511006,TRUE,TRUE
"HTRA1","D2_late_increasing","clean_D2",1,5,5,1,0.0724370965974527,TRUE,TRUE
"FLNC","D2_late_increasing","clean_D2",1,3,3,1,0.185533301546588,TRUE,TRUE
"MXRA7","D2_late_increasing","clean_D2",1,4,3,0.75,0.0978906106545027,TRUE,TRUE
"CLEC11A","D2_late_increasing","clean_D2",1,5,4,0.8,0.0508333888572377,TRUE,TRUE
"IFT20","D2_late_increasing","clean_D2",1,4,4,1,0.233582032133882,TRUE,TRUE
"ROR2","D2_late_increasing","clean_D2",1,5,5,1,0.173777579481119,TRUE,TRUE
"NME1-NME2","D2_late_increasing","clean_D2",1,5,4,0.8,0.0100488940061924,TRUE,TRUE
"TNFAIP6","D2_late_increasing","clean_D2",1,2,2,1,0.264145097667109,NA,NA
"RP11-14N7.2","D2_late_increasing","clean_D2",1,4,4,1,0.116286854539982,TRUE,TRUE
"S100A9","D2_late_increasing","clean_D2",1,3,2,0.666666666666667,0.0253400886030765,TRUE,TRUE
"SNX8","D2_late_increasing","clean_D2",1,3,3,1,0.22416786461733,TRUE,TRUE
"ECM1","D2_late_increasing","clean_D2",1,5,3,0.6,0.01398888494342,TRUE,FALSE
"GPX7","D2_late_increasing","clean_D2",1,3,3,1,0.128221776652142,TRUE,TRUE
"HIC1","D2_late_increasing","clean_D2",1,4,3,0.75,0.172798257694026,TRUE,TRUE
"EPHB2","D2_late_increasing","clean_D2",1,3,3,1,0.215491743026002,TRUE,TRUE
"GLIPR2","D2_late_increasing","clean_D2",1,3,3,1,0.165719573640531,TRUE,TRUE
"EVL","D2_late_increasing","clean_D2",1,5,5,1,0.182623349645043,TRUE,TRUE
"PRAF2","D2_late_increasing","clean_D2",1,3,3,1,0.157836830838551,TRUE,TRUE
"TMEM214","D2_late_increasing","clean_D2",1,3,3,1,0.18462020296245,TRUE,TRUE
"CYB561","D2_late_increasing","clean_D2",1,3,3,1,0.288889953914405,TRUE,TRUE
"MAGED1","D2_late_increasing","clean_D2",1,5,5,1,0.167045969357544,TRUE,TRUE
"HM13","D2_late_increasing","clean_D2",1,5,5,1,0.130387272183138,TRUE,TRUE
"FNDC1","D2_late_increasing","clean_D2",1,3,3,1,0.27917560698387,TRUE,TRUE
"C11orf24","D2_late_increasing","clean_D2",1,2,2,1,0.314880738690057,NA,NA
"HTRA3","D2_late_increasing","clean_D2",1,4,3,0.75,0.0599475199967158,TRUE,TRUE
"NT5DC2","D2_late_increasing","clean_D2",1,3,3,1,0.197851128035663,TRUE,TRUE
"PLAU","D2_late_increasing","clean_D2",1,3,3,1,0.175946500781906,TRUE,TRUE
"NAGK","D2_late_increasing","clean_D2",1,3,3,1,0.207844431672077,TRUE,TRUE
"SPATS2L","D2_late_increasing","clean_D2",1,5,4,0.8,0.166635935865755,TRUE,TRUE
"FKBP9","D2_late_increasing","clean_D2",1,5,5,1,0.128955479027068,TRUE,TRUE
"PLOD1","D2_late_increasing","clean_D2",1,4,4,1,0.22874317019,TRUE,TRUE
"SEMA6B","D2_late_increasing","clean_D2",1,2,2,1,0.241224463359269,NA,NA
"TXNDC5","D2_late_increasing","clean_D2",1,4,3,0.75,0.151886723928002,TRUE,TRUE
"P4HB","D2_late_increasing","clean_D2",1,5,4,0.8,0.0695427441877557,TRUE,TRUE
"CUEDC1","D2_late_increasing","clean_D2",1,3,3,1,0.278065697341378,TRUE,TRUE
"SLC38A10","D2_late_increasing","clean_D2",1,4,4,1,0.231097868356645,TRUE,TRUE
"POLD4","D2_late_increasing","clean_D2",1,3,2,0.666666666666667,0.182843409719713,TRUE,TRUE
"CISD1","D2_late_increasing","clean_D2",1,3,3,1,0.111283313270891,TRUE,TRUE
"TTYH3","D2_late_increasing","clean_D2",1,3,3,1,0.192955522866594,TRUE,TRUE
"DAB2","D2_late_increasing","clean_D2",1,4,2,0.5,0.0147648056398291,FALSE,FALSE
"OLFML3","D2_late_increasing","clean_D2",1,5,5,1,0.178174200554357,TRUE,TRUE
"RPS26","D2_late_increasing","none",1,5,2,0.4,-0.0368953877349714,FALSE,FALSE
"HDLBP","D2_late_increasing","clean_D2",1,5,4,0.8,0.123225356552451,TRUE,TRUE
"KDELR2","D2_late_increasing","clean_D2",1,5,5,1,0.119998845561044,TRUE,TRUE
"PLIN3","D2_late_increasing","clean_D2",1,5,4,0.8,0.0777230840759401,TRUE,TRUE
"METRN","D2_late_increasing","clean_D2",1,3,3,1,0.154273902133418,TRUE,TRUE
"IFI27","D2_late_increasing","clean_D2",1,5,4,0.8,0.0747693207730763,TRUE,TRUE
"BACE2","D2_late_increasing","clean_D2",1,4,4,1,0.272912131711789,TRUE,TRUE
"ANGPTL2","D2_late_increasing","clean_D2",1,5,4,0.8,0.142600019698272,TRUE,TRUE
"TMED3","D2_late_increasing","clean_D2",1,5,5,1,0.20499463588374,TRUE,TRUE
"TGFBI","D2_late_increasing","clean_D2",1,4,4,1,0.13125198957593,TRUE,TRUE
"ABI3BP","D2_late_increasing","clean_D2",1,4,4,1,0.139839550944106,TRUE,TRUE
"SORCS2","D2_late_increasing","clean_D2",1,2,2,1,0.215928237938778,NA,NA
"TPM1","D2_late_increasing","clean_D2",1,5,5,1,0.193104519611938,TRUE,TRUE
"HMCN2","D2_late_increasing","clean_D2",1,2,2,1,0.245604222086911,NA,NA
"MYOF","D2_late_increasing","clean_D2",1,4,4,1,0.269096831894279,TRUE,TRUE
"AP2S1","D2_late_increasing","clean_D2",1,5,5,1,0.0855919882294535,TRUE,TRUE
"PDGFRL","D2_late_increasing","clean_D2",1,4,4,1,0.155551479598925,TRUE,TRUE
"SEC13","D2_late_increasing","clean_D2",1,5,5,1,0.085449421008991,TRUE,TRUE
"RUNX1","D2_late_increasing","clean_D2",1,4,4,1,0.247895563973315,TRUE,TRUE
"PLXDC2","D2_late_increasing","clean_D2",1,5,5,1,0.230973827845889,TRUE,TRUE
"LRP1","D2_late_increasing","clean_D2",1,5,4,0.8,0.208694281453868,TRUE,TRUE
"BGN","D2_late_increasing","clean_D2",1,5,3,0.6,0.0682766293022914,TRUE,FALSE
"ADAMTS14","D2_late_increasing","clean_D2",1,1,1,1,0.282575928287111,NA,NA
"FKBP14","D2_late_increasing","clean_D2",1,4,4,1,0.214042026736914,TRUE,TRUE
"ATOX1","D2_late_increasing","clean_D2",1,5,4,0.8,0.117786596331271,TRUE,TRUE
"NME4","D2_late_increasing","clean_D2",1,5,4,0.8,0.13028965379458,TRUE,TRUE
"ISOC2","D2_late_increasing","clean_D2",1,4,4,1,0.195490935638174,TRUE,TRUE
"CD151","D2_late_increasing","clean_D2",1,4,4,1,0.180334221563943,TRUE,TRUE
"CTSB","D2_late_increasing","clean_D2",1,5,4,0.8,0.0804855633103862,TRUE,TRUE
"MVP","D2_late_increasing","clean_D2",1,3,3,1,0.116532905364909,TRUE,TRUE
"MAP4K4","D2_late_increasing","clean_D2",1,5,5,1,0.0872479488475699,TRUE,TRUE
"C1R","D2_late_increasing","clean_D2",1,5,3,0.6,0.0448313270120102,TRUE,FALSE
"FAM20C","D2_late_increasing","clean_D2",1,3,3,1,0.145899396534605,TRUE,TRUE
"GPX8","D2_late_increasing","clean_D2",1,2,2,1,0.188684372661315,NA,NA
"OST4","D2_late_increasing","clean_D2",1,5,5,1,0.168962736639682,TRUE,TRUE
"RCN1","D2_late_increasing","clean_D2",1,4,4,1,0.249421856590048,TRUE,TRUE
"INAFM1","D2_late_increasing","clean_D2",1,5,4,0.8,0.102382494612765,TRUE,TRUE
"PRDX4","D2_late_increasing","clean_D2",1,5,5,1,0.100039260749468,TRUE,TRUE
"AC005943.2","D2_late_increasing","clean_D2",1,3,2,0.666666666666667,0.124630235854829,TRUE,TRUE
"S100A8","D2_late_increasing","clean_D2",1,4,0,0,-0.0606945220721358,FALSE,FALSE
"FBLN1","D2_late_increasing","clean_D2",1,5,4,0.8,0.139492840241449,TRUE,TRUE
"TMEM119","D2_late_increasing","clean_D2",1,4,3,0.75,0.105321787896106,TRUE,TRUE
"MIR99AHG","D2_late_increasing","clean_D2",1,4,3,0.75,0.209562415674277,TRUE,TRUE
"EHD2","D2_late_increasing","clean_D2",1,4,4,1,0.133499780268677,TRUE,TRUE
"LRRC32","D2_late_increasing","clean_D2",1,3,3,1,0.120339228768345,TRUE,TRUE
"ISG15","D2_late_increasing","clean_D2",1,2,2,1,0.114573257153685,NA,NA
"CADM1","D2_late_increasing","clean_D2",1,3,3,1,0.292054696442047,TRUE,TRUE
"FAM114A1","D2_late_increasing","clean_D2",1,4,4,1,0.218302000234716,TRUE,TRUE
"PDXK","D2_late_increasing","clean_D2",1,4,4,1,0.195415707018273,TRUE,TRUE
"CTSK","D2_late_increasing","clean_D2",1,5,4,0.8,0.161634405330821,TRUE,TRUE
"PHPT1","D2_late_increasing","clean_D2",1,5,4,0.8,0.0852961239095524,TRUE,TRUE
"KDELR3","D2_late_increasing","clean_D2",1,2,2,1,0.244253163248597,NA,NA
"SSC5D","D2_late_increasing","clean_D2",1,3,3,1,0.283891028971045,TRUE,TRUE
"ARHGAP1","D2_late_increasing","clean_D2",1,3,3,1,0.263287619038735,TRUE,TRUE
"HEG1","D2_late_increasing","clean_D2",1,4,4,1,0.176544234264241,TRUE,TRUE
"TNFRSF12A","D2_late_increasing","clean_D2",1,3,3,1,0.235004100940878,TRUE,TRUE
"DPT","D2_late_increasing","clean_D2",1,4,3,0.75,0.186544588213069,TRUE,TRUE
"ITGA11","D2_late_increasing","clean_D2",1,3,3,1,0.229217486823477,TRUE,TRUE
"PIEZO2","D2_late_increasing","clean_D2",1,3,3,1,0.211554215332683,TRUE,TRUE
"B4GALT2","D2_late_increasing","clean_D2",1,4,4,1,0.200386952269395,TRUE,TRUE
"TYMP","D2_late_increasing","clean_D2",1,4,3,0.75,0.196245028419077,TRUE,TRUE
"CD74","D2_late_increasing","clean_D2",1,4,2,0.5,0.0806980710812725,FALSE,FALSE
"HLA-DRA","D2_late_increasing","clean_D2",1,3,2,0.666666666666667,0.0365799621751454,TRUE,TRUE
"EFEMP2","D2_late_increasing","clean_D2",1,5,5,1,0.184385452565714,TRUE,TRUE
"PALLD","D2_late_increasing","clean_D2",1,5,5,1,0.33202833422934,TRUE,TRUE
"CST3","D2_late_increasing","clean_D2",1,5,2,0.4,-0.0573394072478962,FALSE,FALSE
"C1orf122","D2_late_increasing","clean_D2",1,4,4,1,0.147050754099386,TRUE,TRUE
"GAS6","D2_late_increasing","clean_D2",1,4,3,0.75,0.10360763203015,TRUE,TRUE
"ZMAT3","D2_late_increasing","clean_D2",1,4,4,1,0.0901319268742908,TRUE,TRUE
"LIMA1","D2_late_increasing","clean_D2",1,4,4,1,0.308123764084851,TRUE,TRUE
"PDLIM7","D2_late_increasing","clean_D2",1,3,2,0.666666666666667,0.260394891147021,TRUE,TRUE
"PDLIM2","D2_late_increasing","clean_D2",1,5,5,1,0.168959251700017,TRUE,TRUE
"MYDGF","D2_late_increasing","clean_D2",1,5,5,1,0.167536011576041,TRUE,TRUE
"CILP2","D2_late_increasing","clean_D2",1,3,3,1,0.209276568824261,TRUE,TRUE
"GUCY1A3","D2_late_increasing","clean_D2",1,3,3,1,0.199384521345513,TRUE,TRUE
"BNC2","D2_late_increasing","clean_D2",1,4,3,0.75,0.226835384475694,TRUE,TRUE
"COL18A1","D2_late_increasing","clean_D2",1,4,3,0.75,0.0852781806513813,TRUE,TRUE
"LGALS3BP","D2_late_increasing","clean_D2",1,4,4,1,0.123593911379039,TRUE,TRUE
"TMSB10","D2_late_increasing","clean_D2",1,5,2,0.4,-0.00735069008480519,FALSE,FALSE
"S100A11","D2_late_increasing","clean_D2",1,5,4,0.8,0.0570453286865177,TRUE,TRUE
"C1QTNF5","D2_late_increasing","clean_D2",1,4,4,1,0.090656594338904,TRUE,TRUE
"FSTL1","D2_late_increasing","clean_D2",1,5,5,1,0.130412348182221,TRUE,TRUE
"OGN","D2_late_increasing","clean_D2",1,4,3,0.75,0.18917051386563,TRUE,TRUE
"THBS4","D2_late_increasing","clean_D2",1,3,3,1,0.0531135831375724,TRUE,TRUE
"GOLM1","D2_late_increasing","clean_D2",1,3,3,1,0.232218984982415,TRUE,TRUE
"P3H3","D2_late_increasing","clean_D2",1,4,4,1,0.264141600044604,TRUE,TRUE
"HCFC1R1","D2_late_increasing","clean_D2",1,5,4,0.8,0.193169864705151,TRUE,TRUE
"ARPC1B","D2_late_increasing","clean_D2",1,4,3,0.75,0.086977540972149,TRUE,TRUE
"FKBP11","D2_late_increasing","clean_D2",1,3,3,1,0.287059898837073,TRUE,TRUE
"CCDC80","D2_late_increasing","clean_D2",1,5,4,0.8,0.197713570622843,TRUE,TRUE
"AK1","D2_late_increasing","clean_D2",1,4,4,1,0.208705448731186,TRUE,TRUE
"C1QTNF6","D2_late_increasing","clean_D2",1,3,3,1,0.223838535855137,TRUE,TRUE
"PODN","D2_late_increasing","clean_D2",1,4,4,1,0.3121999834639,TRUE,TRUE
"ACTA2","D2_late_increasing","clean_D2",1,2,2,1,0.245461849088424,NA,NA
"CKAP4","D2_late_increasing","clean_D2",1,5,4,0.8,0.163542077469572,TRUE,TRUE
"SULF1","D2_late_increasing","clean_D2",1,3,2,0.666666666666667,0.343386487904809,TRUE,TRUE
"ZNF469","D2_late_increasing","clean_D2",1,3,3,1,0.326685093979031,TRUE,TRUE
"P3H1","D2_late_increasing","clean_D2",1,4,4,1,0.199414785822378,TRUE,TRUE
"MIR4435-2HG","D2_late_increasing","clean_D2",1,3,3,1,0.342621702745994,TRUE,TRUE
"FAP","D2_late_increasing","clean_D2",1,3,3,1,0.249057790179509,TRUE,TRUE
"TSHZ2","D2_late_increasing","clean_D2",1,4,4,1,0.209321998072173,TRUE,TRUE
"COL11A1","D2_late_increasing","clean_D2",1,3,3,1,0.35885607984039,TRUE,TRUE
"VKORC1","D2_late_increasing","clean_D2",1,5,5,1,0.183090871670086,TRUE,TRUE
"SMOC2","D2_late_increasing","clean_D2",1,4,4,1,0.238672864238858,TRUE,TRUE
"CHPF","D2_late_increasing","clean_D2",1,3,3,1,0.187797770318658,TRUE,TRUE
"NBL1","D2_late_increasing","clean_D2",1,5,5,1,0.168965780260057,TRUE,TRUE
"COL12A1","D2_late_increasing","clean_D2",1,4,4,1,0.356438813327273,TRUE,TRUE
"FKBP10","D2_late_increasing","clean_D2",1,5,5,1,0.263933621387927,TRUE,TRUE
"SULF2","D2_late_increasing","clean_D2",1,3,3,1,0.295416062638425,TRUE,TRUE
"COL16A1","D2_late_increasing","clean_D2",1,5,5,1,0.308950764459528,TRUE,TRUE
"MMP2","D2_late_increasing","clean_D2",1,5,4,0.8,0.0871761126554408,TRUE,TRUE
"SERF2","D2_late_increasing","clean_D2",1,5,4,0.8,0.0685221561997507,TRUE,TRUE
"MXRA5","D2_late_increasing","clean_D2",1,5,5,1,0.190503535129222,TRUE,TRUE
"P4HA2","D2_late_increasing","clean_D2",1,4,4,1,0.232454405317968,TRUE,TRUE
"NREP","D2_late_increasing","clean_D2",1,4,4,1,0.17236418969846,TRUE,TRUE
"PYCR1","D2_late_increasing","clean_D2",1,3,3,1,0.214006500325159,TRUE,TRUE
"EMILIN1","D2_late_increasing","clean_D2",1,5,4,0.8,0.165918645626446,TRUE,TRUE
"MYL9","D2_late_increasing","clean_D2",1,5,5,1,0.250702688604077,TRUE,TRUE
"RARRES2","D2_late_increasing","clean_D2",1,5,4,0.8,0.128590435510569,TRUE,TRUE
"LINC00152","D2_late_increasing","clean_D2",1,3,3,1,0.344627362497827,TRUE,TRUE
"P3H4","D2_late_increasing","clean_D2",1,4,4,1,0.276643910277154,TRUE,TRUE
"PPIB","D2_late_increasing","clean_D2",1,5,3,0.6,0.0660490129214238,TRUE,FALSE
"VCAN","D2_late_increasing","clean_D2",1,5,4,0.8,0.0572680364775622,TRUE,TRUE
"CPXM1","D2_late_increasing","clean_D2",1,4,4,1,0.166566002011864,TRUE,TRUE
"IGFBP4","D2_late_increasing","clean_D2",1,5,4,0.8,0.215352183289735,TRUE,TRUE
"ARMC9","D2_late_increasing","clean_D2",1,3,3,1,0.223911776451597,TRUE,TRUE
"SERPINF1","D2_late_increasing","clean_D2",1,5,3,0.6,0.0747355226222406,TRUE,FALSE
"COPZ2","D2_late_increasing","clean_D2",1,5,5,1,0.211799245843157,TRUE,TRUE
"PPIC","D2_late_increasing","clean_D2",1,4,4,1,0.124746036102226,TRUE,TRUE
"FOXP1","D2_late_increasing","clean_D2",1,4,4,1,0.325179568250684,TRUE,TRUE
"OLFML2B","D2_late_increasing","clean_D2",1,4,4,1,0.158758101013243,TRUE,TRUE
"LRRC15","D2_late_increasing","clean_D2",1,3,3,1,0.366023502044438,TRUE,TRUE
"ASPN","D2_late_increasing","clean_D2",1,3,3,1,0.300378005742912,TRUE,TRUE
"COL5A3","D2_late_increasing","clean_D2",1,4,4,1,0.278468864248541,TRUE,TRUE
"SFRP4","D2_late_increasing","clean_D2",1,3,3,1,0.273248860536663,TRUE,TRUE
"SEPT11","D2_late_increasing","clean_D2",1,5,5,1,0.337748955840022,TRUE,TRUE
"BASP1","D2_late_increasing","clean_D2",1,4,4,1,0.23376005568026,TRUE,TRUE
"NNMT","D2_late_increasing","clean_D2",1,5,4,0.8,0.26567557528981,TRUE,TRUE
"MARCKS","D2_late_increasing","clean_D2",1,5,4,0.8,0.162479327812043,TRUE,TRUE
"HSPG2","D2_late_increasing","clean_D2",1,5,5,1,0.299912746066319,TRUE,TRUE
"TIMP1","D2_late_increasing","clean_D2",1,5,3,0.6,0.146598545729176,TRUE,FALSE
"ARL4C","D2_late_increasing","clean_D2",1,3,3,1,0.272720402637046,TRUE,TRUE
"AEBP1","D2_late_increasing","clean_D2",1,5,5,1,0.421198291562816,TRUE,TRUE
"WISP2","D2_late_increasing","clean_D2",1,3,2,0.666666666666667,0.227854745400583,TRUE,TRUE
"TAGLN","D2_late_increasing","clean_D2",1,4,4,1,0.164486066794486,TRUE,TRUE
"BMP1","D2_late_increasing","clean_D2",1,3,3,1,0.287239440942247,TRUE,TRUE
"COL8A1","D2_late_increasing","clean_D2",1,3,3,1,0.335720031501934,TRUE,TRUE
"THBS2","D2_late_increasing","clean_D2",1,4,4,1,0.303418820899545,TRUE,TRUE
"FBN1","D2_late_increasing","clean_D2",1,5,5,1,0.225272183421219,TRUE,TRUE
"MRC2","D2_late_increasing","clean_D2",1,5,5,1,0.44504465593945,TRUE,TRUE
"COL6A1","D2_late_increasing","clean_D2",1,5,3,0.6,0.136184517394287,TRUE,FALSE
"CTHRC1","D2_late_increasing","clean_D2",1,4,4,1,0.337127648245945,TRUE,TRUE
"PCOLCE","D2_late_increasing","clean_D2",1,5,4,0.8,0.231957383286181,TRUE,TRUE
"COL14A1","D2_late_increasing","clean_D2",1,5,5,1,0.425207045598119,TRUE,TRUE
"ADAMTS2","D2_late_increasing","clean_D2",1,4,4,1,0.354107550307286,TRUE,TRUE
"COMP","D2_late_increasing","clean_D2",1,3,3,1,0.324685882757601,TRUE,TRUE
"IGFBP7","D2_late_increasing","clean_D2",1,5,4,0.8,0.0816911610387381,TRUE,TRUE
"COL6A3","D2_late_increasing","clean_D2",1,5,4,0.8,0.338962819944297,TRUE,TRUE
"RCN3","D2_late_increasing","clean_D2",1,5,5,1,0.264036438524563,TRUE,TRUE
"POSTN","D2_late_increasing","clean_D2",1,3,3,1,0.337457556417448,TRUE,TRUE
"ADAM12","D2_late_increasing","clean_D2",1,3,3,1,0.343699983018984,TRUE,TRUE
"COL6A2","D2_late_increasing","clean_D2",1,5,5,1,0.11817117839811,TRUE,TRUE
"MDK","D2_late_increasing","clean_D2",1,5,4,0.8,0.0486335171562523,TRUE,TRUE
"CREB3L1","D2_late_increasing","clean_D2",1,4,4,1,0.415383185696417,TRUE,TRUE
"CERCAM","D2_late_increasing","clean_D2",1,4,4,1,0.338221987964034,TRUE,TRUE
"GXYLT2","D2_late_increasing","clean_D2",1,4,4,1,0.302870323612348,TRUE,TRUE
"SERPINH1","D2_late_increasing","clean_D2",1,5,4,0.8,0.190592572237785,TRUE,TRUE
"THY1","D2_late_increasing","clean_D2",1,4,4,1,0.202088786386383,TRUE,TRUE
"FN1","D2_late_increasing","clean_D2",1,5,5,1,0.237968019651848,TRUE,TRUE
"SFRP2","D2_late_increasing","clean_D2",1,4,4,1,0.355398175263431,TRUE,TRUE
"COL5A2","D2_late_increasing","clean_D2",1,5,5,1,0.328508465360511,TRUE,TRUE
"COL3A1","D2_late_increasing","clean_D2",1,5,4,0.8,0.364364619663243,TRUE,TRUE
"COL5A1","D2_late_increasing","clean_D2",1,5,5,1,0.350438568120357,TRUE,TRUE
"COL1A2","D2_late_increasing","clean_D2",1,5,5,1,0.226207205853067,TRUE,TRUE
"SPARC","D2_late_increasing","clean_D2",1,5,5,1,0.367719224289074,TRUE,TRUE
"COL1A1","D2_late_increasing","clean_D2",1,5,5,1,0.553116886992331,TRUE,TRUE
