"parameter","value"
"lineage_spearman_expression","log1p(raw_count / Monocle2 Size_Factor)"
"lineage_spearman_multiple_testing","Benjamini-Hochberg within each lineage across 1,118 dynamic genes"
"tradeSeq_input","integer raw counts"
"tradeSeq_family","negative binomial"
"tradeSeq_nknots","6"
"tradeSeq_nknots_basis","prespecified tradeSeq default; evaluateK sensitivity compared 3-8 knots in 500 fixed-seed sampled genes"
"tradeSeq_donor_design","model.matrix(~ donor), including intercept and five donor indicators"
"tradeSeq_library_size_adjustment","default TMM-derived effective-library-size offset"
"random_seed","20260711"
