"lineage","vertex_order","vertex"
"mixed_remodeling_branch",1,"Y_114"
"mixed_remodeling_branch",2,"Y_20"
"mixed_remodeling_branch",3,"Y_103"
"mixed_remodeling_branch",4,"Y_117"
"mixed_remodeling_branch",5,"Y_115"
"mixed_remodeling_branch",6,"Y_112"
"mixed_remodeling_branch",7,"Y_111"
"mixed_remodeling_branch",8,"Y_98"
"mixed_remodeling_branch",9,"Y_119"
"mixed_remodeling_branch",10,"Y_108"
"mixed_remodeling_branch",11,"Y_90"
"mixed_remodeling_branch",12,"Y_97"
"mixed_remodeling_branch",13,"Y_87"
"mixed_remodeling_branch",14,"Y_93"
"mixed_remodeling_branch",15,"Y_99"
"mixed_remodeling_branch",16,"Y_105"
"mixed_remodeling_branch",17,"Y_113"
"mixed_remodeling_branch",18,"Y_102"
"mixed_remodeling_branch",19,"Y_83"
"mixed_remodeling_branch",20,"Y_82"
"mixed_remodeling_branch",21,"Y_96"
"mixed_remodeling_branch",22,"Y_104"
"mixed_remodeling_branch",23,"Y_116"
"mixed_remodeling_branch",24,"Y_70"
"mixed_remodeling_branch",25,"Y_91"
"mixed_remodeling_branch",26,"Y_95"
"mixed_remodeling_branch",27,"Y_109"
"mixed_remodeling_branch",28,"Y_89"
"mixed_remodeling_branch",29,"Y_94"
"mixed_remodeling_branch",30,"Y_107"
"mixed_remodeling_branch",31,"Y_118"
"mixed_remodeling_branch",32,"Y_100"
"mixed_remodeling_branch",33,"Y_92"
"mixed_remodeling_branch",34,"Y_88"
"mixed_remodeling_branch",35,"Y_110"
"mixed_remodeling_branch",36,"Y_67"
"mixed_remodeling_branch",37,"Y_32"
"mixed_remodeling_branch",38,"Y_60"
"mixed_remodeling_branch",39,"Y_120"
"mixed_remodeling_branch",40,"Y_33"
"mixed_remodeling_branch",41,"Y_81"
"mixed_remodeling_branch",42,"Y_77"
"mixed_remodeling_branch",43,"Y_101"
"mixed_remodeling_branch",44,"Y_106"
"mixed_remodeling_branch",45,"Y_86"
"mixed_remodeling_branch",46,"Y_84"
"mixed_remodeling_branch",47,"Y_75"
"mixed_remodeling_branch",48,"Y_55"
"mixed_remodeling_branch",49,"Y_51"
"mixed_remodeling_branch",50,"Y_64"
"mixed_remodeling_branch",51,"Y_74"
"mixed_remodeling_branch",52,"Y_66"
"mixed_remodeling_branch",53,"Y_85"
"mixed_remodeling_branch",54,"Y_18"
"mixed_remodeling_branch",55,"Y_71"
"mixed_remodeling_branch",56,"Y_79"
"mixed_remodeling_branch",57,"Y_21"
"mixed_remodeling_branch",58,"Y_42"
"mixed_remodeling_branch",59,"Y_76"
"mixed_remodeling_branch",60,"Y_12"
"mixed_remodeling_branch",61,"Y_53"
"mixed_remodeling_branch",62,"Y_73"
"mixed_remodeling_branch",63,"Y_39"
"mixed_remodeling_branch",64,"Y_59"
"mixed_remodeling_branch",65,"Y_27"
"mixed_remodeling_branch",66,"Y_16"
"mixed_remodeling_branch",67,"Y_7"
"mixed_remodeling_branch",68,"Y_49"
"mixed_remodeling_branch",69,"Y_24"
"mixed_remodeling_branch",70,"Y_17"
"mixed_remodeling_branch",71,"Y_19"
"mixed_remodeling_branch",72,"Y_45"
"mixed_remodeling_branch",73,"Y_58"
"mixed_remodeling_branch",74,"Y_34"
"mixed_remodeling_branch",75,"Y_23"
"mixed_remodeling_branch",76,"Y_22"
"mixed_remodeling_branch",77,"Y_28"
"mixed_remodeling_branch",78,"Y_13"
"mixed_remodeling_branch",79,"Y_31"
"mixed_remodeling_branch",80,"Y_54"
"mixed_remodeling_branch",81,"Y_15"
"mixed_remodeling_branch",82,"Y_25"
"mixed_remodeling_branch",83,"Y_37"
"mixed_remodeling_branch",84,"Y_8"
"mixed_remodeling_branch",85,"Y_5"
"mixed_remodeling_branch",86,"Y_3"
"mixed_remodeling_branch",87,"Y_41"
"mixed_remodeling_branch",88,"Y_29"
"mixed_remodeling_branch",89,"Y_11"
"mixed_remodeling_branch",90,"Y_61"
"mixed_remodeling_branch",91,"Y_68"
"mixed_remodeling_branch",92,"Y_56"
"ecm_dominant_branch",1,"Y_114"
"ecm_dominant_branch",2,"Y_20"
"ecm_dominant_branch",3,"Y_103"
"ecm_dominant_branch",4,"Y_117"
"ecm_dominant_branch",5,"Y_115"
"ecm_dominant_branch",6,"Y_112"
"ecm_dominant_branch",7,"Y_111"
"ecm_dominant_branch",8,"Y_98"
"ecm_dominant_branch",9,"Y_119"
"ecm_dominant_branch",10,"Y_108"
"ecm_dominant_branch",11,"Y_90"
"ecm_dominant_branch",12,"Y_97"
"ecm_dominant_branch",13,"Y_87"
"ecm_dominant_branch",14,"Y_93"
"ecm_dominant_branch",15,"Y_99"
"ecm_dominant_branch",16,"Y_105"
"ecm_dominant_branch",17,"Y_113"
"ecm_dominant_branch",18,"Y_102"
"ecm_dominant_branch",19,"Y_83"
"ecm_dominant_branch",20,"Y_82"
"ecm_dominant_branch",21,"Y_96"
"ecm_dominant_branch",22,"Y_104"
"ecm_dominant_branch",23,"Y_116"
"ecm_dominant_branch",24,"Y_70"
"ecm_dominant_branch",25,"Y_91"
"ecm_dominant_branch",26,"Y_95"
"ecm_dominant_branch",27,"Y_109"
"ecm_dominant_branch",28,"Y_89"
"ecm_dominant_branch",29,"Y_94"
"ecm_dominant_branch",30,"Y_107"
"ecm_dominant_branch",31,"Y_118"
"ecm_dominant_branch",32,"Y_100"
"ecm_dominant_branch",33,"Y_92"
"ecm_dominant_branch",34,"Y_88"
"ecm_dominant_branch",35,"Y_110"
"ecm_dominant_branch",36,"Y_67"
"ecm_dominant_branch",37,"Y_32"
"ecm_dominant_branch",38,"Y_60"
"ecm_dominant_branch",39,"Y_120"
"ecm_dominant_branch",40,"Y_33"
"ecm_dominant_branch",41,"Y_81"
"ecm_dominant_branch",42,"Y_77"
"ecm_dominant_branch",43,"Y_101"
"ecm_dominant_branch",44,"Y_106"
"ecm_dominant_branch",45,"Y_86"
"ecm_dominant_branch",46,"Y_84"
"ecm_dominant_branch",47,"Y_75"
"ecm_dominant_branch",48,"Y_55"
"ecm_dominant_branch",49,"Y_51"
"ecm_dominant_branch",50,"Y_64"
"ecm_dominant_branch",51,"Y_74"
"ecm_dominant_branch",52,"Y_66"
"ecm_dominant_branch",53,"Y_85"
"ecm_dominant_branch",54,"Y_18"
"ecm_dominant_branch",55,"Y_71"
"ecm_dominant_branch",56,"Y_79"
"ecm_dominant_branch",57,"Y_21"
"ecm_dominant_branch",58,"Y_42"
"ecm_dominant_branch",59,"Y_76"
"ecm_dominant_branch",60,"Y_12"
"ecm_dominant_branch",61,"Y_53"
"ecm_dominant_branch",62,"Y_73"
"ecm_dominant_branch",63,"Y_39"
"ecm_dominant_branch",64,"Y_59"
"ecm_dominant_branch",65,"Y_27"
"ecm_dominant_branch",66,"Y_16"
"ecm_dominant_branch",67,"Y_7"
"ecm_dominant_branch",68,"Y_49"
"ecm_dominant_branch",69,"Y_48"
"ecm_dominant_branch",70,"Y_40"
"ecm_dominant_branch",71,"Y_47"
"ecm_dominant_branch",72,"Y_26"
"ecm_dominant_branch",73,"Y_9"
"ecm_dominant_branch",74,"Y_2"
"ecm_dominant_branch",75,"Y_14"
"ecm_dominant_branch",76,"Y_72"
"ecm_dominant_branch",77,"Y_30"
"ecm_dominant_branch",78,"Y_4"
"ecm_dominant_branch",79,"Y_44"
"ecm_dominant_branch",80,"Y_10"
"ecm_dominant_branch",81,"Y_43"
"ecm_dominant_branch",82,"Y_65"
"ecm_dominant_branch",83,"Y_57"
"ecm_dominant_branch",84,"Y_52"
"ecm_dominant_branch",85,"Y_62"
"ecm_dominant_branch",86,"Y_78"
"ecm_dominant_branch",87,"Y_50"
"ecm_dominant_branch",88,"Y_80"
"ecm_dominant_branch",89,"Y_36"
"ecm_dominant_branch",90,"Y_63"
"ecm_dominant_branch",91,"Y_38"
"ecm_dominant_branch",92,"Y_69"
"ecm_dominant_branch",93,"Y_46"
"ecm_dominant_branch",94,"Y_35"
"ecm_dominant_branch",95,"Y_6"
"ecm_dominant_branch",96,"Y_1"
