"gene","3","4","5","6","7","8"
"KCNK6",1021.62567403876,1017.50979907168,1022.82196969272,1020.2391106097,1021.82088972295,1021.3718601395
"ARSA",1147.82837831925,1148.70935864714,1142.31549399002,1150.02536810396,1150.46930659727,1149.70746827334
"RAB1B",1620.83368501624,1623.6999182052,1625.40539410978,1623.66692034272,1624.99445783386,1622.6856352711
"TTC3",2519.04991025679,2518.08420292599,2514.60387544245,2515.09932982212,2515.17785278983,2508.34058289953
"COX14",1669.19962949693,1669.79841880702,1669.12630348116,1670.47986206441,1670.03109685067,1669.66672246848
"RPS24",6308.25890665003,6297.91987919251,6296.437416515,6299.2655946438,6295.94770956055,6298.74268468641
"SMCO4",956.310239063371,955.094738427725,950.120428888283,950.215962215734,954.714440616698,953.829201619407
"RPS14",6700.60555497463,6675.78273726264,6670.24992648912,6669.89136684382,6668.28935287721,6671.49916047756
"ATP8B2",1142.1819596233,1138.86104285729,1144.35859620675,1142.26108050869,1144.49875357981,1141.18758786583
"CYB561",1150.82724976888,1144.92733584359,1143.84296864305,1146.01478661736,1147.09945588757,1147.85240814423
"MLEC",1837.67247586765,1837.21727455242,1838.3237963415,1837.13632982701,1834.09321422051,1836.19261631833
"TNFRSF1A",2165.68725137834,2162.20605114931,2165.44676200515,2163.31740883578,2162.85114608041,2161.92959851784
"NAA10",1464.80362170528,1465.98627651302,1465.28761283635,1467.59708259292,1467.34671356579,1463.31749558067
"G6PC3",1122.23839562675,1118.75244172455,1118.3503401156,1115.77159966104,1116.77811905168,1119.09335914882
"PLP2",2308.23030082905,2304.35313624449,2295.48358696109,2294.24692635905,2298.30161713027,2297.58513508794
"SMTN",1197.15337549972,1195.34012414051,1199.1436233727,1199.47540814098,1196.3639976755,1199.58242828117
"WDR45",1204.65567694374,1203.33864547882,1200.12861670358,1204.21300169559,1204.8212282869,1203.77028691449
"C1orf122",2260.46022597843,2233.33820718217,2241.46815724218,2238.96854273483,2238.01297167415,2236.64728716034
"CTTN",1792.39063547597,1791.36063304311,1790.51504910983,1790.40532351393,1791.65318366432,1791.61996604992
"TMEM214",1265.85207589831,1269.49980345243,1269.64640156951,1264.04854682826,1267.39073411705,1268.90675980393
"GIPC1",1353.35723674736,1353.11077633627,1353.4196592333,1350.60777805256,1353.30535297036,1351.04141116087
"YIF1A",1934.55086104804,1922.13916425506,1921.2386037207,1911.34025047622,1908.95886762729,1911.00931194752
"OST4",3876.51269876888,3849.96927621897,3810.17384451968,3802.32291844662,3794.62835608477,3805.14283611034
"MAP2K2",1625.16293735981,1624.68207079711,1623.43846082292,1623.9299552628,1624.83328024151,1623.85322878644
"FBLIM1",1268.98740769007,1273.79801680549,1273.3295100224,1272.29267318569,1271.91530611082,1261.56431178908
"NBL1",3283.6176055798,3281.21144484638,3279.82867399573,3271.56372770566,3273.2752431998,3264.6811907229
"NAGK",1688.58105290945,1692.74633963493,1692.82139096752,1690.94762248896,1689.77801791466,1689.36313415198
"DAB2",2425.83703077167,2424.7114227755,2404.88944655002,2418.34444464896,2412.32335680493,2412.55040281021
"ISOC2",1865.29350298913,1853.35617481958,1847.80725565804,1842.9680548141,1842.76253896889,1845.32261891493
"ACKR1",1054.54672036041,1057.95799571455,1058.81494058711,1050.14709132224,1058.68405370668,1058.26654572893
"MEIS3",1215.25981855466,1204.91663834078,1212.79734964238,1214.5203937602,1214.52862885248,1212.53066618438
"APOBEC3C",1343.97199931839,1343.44876203435,1344.62097114341,1345.61363018436,1345.55676957474,1346.54237698482
"AP2M1",2437.73516261837,2433.23057007929,2424.36185744814,2417.14535807224,2415.63606269205,2418.7252074292
"C1QTNF6",1831.97693343509,1827.82438542026,1830.90154099625,1831.44219958548,1827.05522052614,1825.72948392184
"PDZRN4",903.855619458584,906.502881784483,886.908047312362,879.414779945483,887.52897859387,881.47068894035
"CCL14",1276.85071876595,1275.80319256628,1276.1257913157,1274.72325342359,1270.06046496488,1275.56936804532
"HSPB6",1489.12827383235,1488.46803715203,1487.35151452233,1489.10171930921,1486.80357465423,1487.3625780918
"CREB3L1",2657.6705973715,2663.23311859466,2661.7707661366,2661.24674162268,2662.238452745,2664.38150452113
"MIR4435-2HG",1646.50867335545,1643.66486867798,1644.83823402619,1646.02620572119,1642.46987540519,1645.19572629011
"UBXN6",1674.5363359153,1675.71101946407,1676.89496097435,1676.96012326733,1673.25706895506,1675.63012746005
"YIPF5",1515.81656425845,1518.69125267416,1517.1986105995,1518.78379322232,1517.1450437109,1518.6185800541
"BACE2",1589.70878003024,1580.9341691323,1588.75435675583,1580.3526609333,1588.21537965205,1583.32071384199
"FAM173A",1151.36785334284,1151.80773747011,1143.80761451532,1146.78695117472,1140.21966996114,1147.52224499582
"RP11-14N7.2",1505.64648693316,1504.51161435678,1502.39680306219,1497.7090781255,1502.24490984464,1502.49049976886
"MAP4K4",3101.7417767585,3098.25943237281,3088.21956606656,3097.64831514037,3098.161492283,3097.88687223978
"PMP22",2371.98878526648,2371.15123267135,2368.15032116924,2368.14232694201,2368.45493819426,2368.83880109573
"TRAPPC2L",1696.36817371041,1696.5247327087,1692.91474523591,1695.18216526105,1695.81504876383,1694.28056727915
"XXYLT1",978.667323060709,978.410275697682,978.68823092091,978.98554562708,969.133166777909,978.708341363901
"B4GALT7",974.588589597336,965.659392989191,973.181912791262,972.260973867834,968.956935295353,965.977726032511
"GSDMD",1241.11754398189,1236.50785246192,1240.30062363062,1234.35834922507,1233.23876758078,1237.27455914225
"ADAM12",2708.46633436364,2707.16363674907,2709.1791983951,2707.32726938551,2707.86632406081,2704.40659082401
"MMP14",1734.05337841937,1733.9548788313,1735.16781991355,1733.03864303707,1735.16756794514,1730.90045581078
"SH3PXD2A",2411.91979219282,2410.80527908611,2406.1320133833,2410.82896592915,2412.80901355035,2411.63867227258
"VCAN",4209.40423000959,4208.63475797873,4210.69576206354,4210.16504782735,4206.33955882316,4205.43801648772
"ANXA1",2793.87753745236,2789.43491750858,2784.59203662935,2784.81997709609,2786.79547590655,2789.13549775059
"KRT6A",1436.6264681192,1437.18845554093,1436.85962822383,1432.18809169364,1433.12923919245,1437.08565812058
"CAPG",1447.23165712951,1445.10126187118,1446.46194842623,1447.25458032741,1445.35497128227,1446.67378719225
"FSCN1",2249.03331526818,2245.25057102513,2247.3287127271,2244.08587518927,2248.59626379586,2248.75415162831
"PRMT2",1603.3851564924,1604.04954984348,1600.68534780358,1603.84336014922,1602.34389651236,1601.99584650617
"EIF4G1",2043.27989657127,2040.7950927672,2039.45188880201,2036.32440315538,2039.59237475648,2035.92560251261
"FGGY",775.054039120343,775.522801123866,777.087851618851,772.215851580808,776.94004572389,774.523523288163
"XBP1",1578.43939204002,1574.53038311212,1559.71390494229,1563.37193562244,1561.38917652996,1560.74810665264
"DCTN1",1281.83338351998,1281.32576803981,1278.62761323195,1270.31486824066,1278.14721362593,1281.70946289926
"COL5A3",2736.83227180746,2736.89138293384,2736.505653718,2736.97014199888,2738.6011510113,2737.35637327128
"FAM162A",1725.0295905195,1725.09578026893,1724.06559503533,1725.68918922487,1723.87411578043,1723.8545796378
"ASPN",2518.71435157773,2501.61776601594,2491.85455951165,2485.98095788065,2490.14990832017,2490.32608160303
"FMO1",1137.71607493565,1136.45972115916,1134.77406191686,1135.53169911001,1135.8486753077,1137.23539201721
"ZCCHC24",2215.60459197636,2213.46289782308,2212.80109925603,2212.91121318359,2215.12019656963,2212.40652408833
"COL8A1",2518.20845899884,2491.84821185386,2496.25414534582,2494.60691103099,2497.62646943672,2495.87066562654
"MPC2",1311.62891917915,1309.05826863295,1312.87332870556,1309.79983829973,1306.85893486262,1302.37839700859
"NME4",2349.40742449539,2351.85530179176,2344.49245390162,2351.49959383726,2353.40159819277,2351.52293313634
"GLTSCR2",3851.42655181643,3851.41894209066,3854.11984878197,3853.83848474735,3846.36601088668,3852.75844190085
"NUDT2",993.189444801106,993.365908122648,994.48069785367,992.631359094035,994.470345703667,994.300655131889
"GALNT15",871.919690752827,870.629145407604,871.109790656384,870.126301211874,871.129489821741,871.378701409594
"RPN2",1959.47900370638,1953.91748505024,1960.853180058,1953.47367462888,1960.8197647836,1958.81700497749
"SNHG18",1285.68958651873,1290.21498904142,1285.50151821059,1286.95419405066,1284.18456974637,1289.72969907717
"ORMDL3",1124.77077351077,1119.63589442016,1124.58664138837,1122.29082997369,1123.38701468935,1124.68035465259
"ZNF428",1465.99799888276,1464.83391864693,1463.26897601288,1462.83465739279,1464.38906881895,1464.53612737502
"SSR2",3170.40796403964,3161.46428508773,3138.30738669847,3126.38176213029,3131.39630957611,3128.25179983031
"COL6A3",5377.06135253645,5378.79232059259,5373.75001365017,5381.48511759603,5380.86601786971,5380.42422672631
"FIBP",1275.27074914488,1280.75378101496,1279.08475576378,1274.60909854654,1276.30508099958,1280.27057389142
"HTRA3",2107.44944289065,2109.42279629129,2108.19057347787,2107.51908257147,2106.67050887166,2106.08155859528
"RPL32",6506.06704476886,6497.82230005921,6483.76039699523,6449.5938526809,6495.3017613193,6462.62536243597
"APCDD1",2509.79841354931,2507.38255975668,2506.69341650572,2507.31923100462,2507.06931148865,2508.96869078738
"ALDH1L2",744.625636937787,745.144459316573,740.843222614691,741.939142922515,738.442850794175,744.655288259729
"ALX4",1097.62994578745,1097.41295853923,1097.70435735349,1095.79999659723,1093.60334452066,1096.26699040556
"COL1A1",11483.5607875761,11468.015875029,11474.7751845691,11468.76857829,11471.0991315149,11469.7970718806
"FAM20A",1232.45278051273,1218.61145822257,1213.49496049793,1208.45105995531,1215.05610708682,1213.29441079358
"ST6GALNAC6",1391.87710592711,1386.66965982676,1391.82244414533,1386.77889727355,1392.867146037,1391.96609898373
"NME1-NME2",4445.09288964339,4402.8300706068,4380.92516924534,4364.48868447019,4359.38980989894,4368.76970901857
"B2M",6395.84056382857,6380.88571398004,6368.62337405096,6376.35762790634,6366.53920402045,6359.44970544597
"SLC35F1",3776.98771595653,3777.26370244783,3779.64162553692,3778.81473862013,3778.19478861636,3774.68100536014
"HIST1H4C",2462.40559888448,2461.64098844823,2463.55365499994,2456.08107165112,2457.63515684896,2461.53769142603
"SULF2",2081.03416803677,2079.69257827076,2074.40750601307,2076.2901068524,2079.91125038519,2079.87384241267
"SRA1",1407.04748973907,1393.75090970548,1388.4596472125,1389.1406154975,1392.6788143216,1387.14507765014
"YKT6",1495.86929475815,1485.10478261415,1476.6591399794,1467.20583221521,1477.11794621244,1475.9745919374
"POMP",2073.12665765248,2070.27496866647,2057.68237040265,2066.7206432544,2065.65194217564,2065.25637407467
"CXXC5",1744.447003396,1738.39505154846,1745.23992770043,1743.09840608948,1743.03316142828,1744.5563779139
"MAP7D1",1494.02408747589,1494.77483028566,1496.91596074698,1496.77377351835,1496.71991260302,1491.11881987595
"C9orf16",2406.26840065917,2391.32761221655,2393.65474865144,2390.87772165185,2392.00163404052,2390.30228345013
"GORASP2",1190.23735648301,1189.69719706074,1189.45907309769,1188.91830881381,1190.50094769642,1189.68051087909
"CRELD2",1369.04671223968,1370.75055662787,1364.32429311274,1362.11465539451,1355.669307093,1363.69235514651
"IGFBP7",5392.65468520717,5295.96871048417,5281.00382715861,5275.94132586895,5283.77120126672,5279.63430419281
"AP1S1",762.069738974313,763.428413300736,754.834614383982,755.682063970953,754.787073816416,762.510219785216
"TMEM45A",1959.60641837749,1958.13471610952,1960.6357525923,1958.67423746928,1957.36197282051,1959.22428519187
"PREX2",1084.52418366764,1082.73902826481,1079.4025854703,1082.03352804744,1080.83016367953,1073.03501937059
"MAST2",948.790595359109,954.26943000103,953.529230319268,955.91051417182,954.396838384322,955.043891713598
"NFE2L1",1635.9090153079,1633.42776234161,1635.50644273748,1630.70115869836,1619.49899703366,1629.67007351228
"CLEC11A",3302.55556962886,3291.44981381361,3291.83177683083,3282.1872672572,3291.02753510709,3289.32408588202
"PKM",3093.90539540482,3073.62743701959,3080.12022249508,3075.41997405949,3075.43145040482,3078.61132024668
"MFSD12",862.126319557481,861.231845900378,861.749205733706,862.168201221519,861.578971930101,859.621022684561
"COL6A2",6928.39308372446,6929.94018891546,6926.46246586586,6922.77958888247,6924.34978820198,6927.35263435296
"FAAP100",770.325182545068,765.585182271258,770.278935162987,770.395075499956,769.96544684211,770.01804515505
"HES4",1309.13796630102,1308.33563682639,1306.44554746499,1303.52159126278,1307.95740232073,1309.88440999376
"TACSTD2",1405.15791135344,1405.015975168,1403.98584469959,1402.07439571886,1404.89781459094,1403.48115517053
"SEPT11",2737.64497979905,2738.26289191717,2740.29346125567,2736.09666468708,2738.64897478747,2736.4042320064
"RPS6",6298.83789326754,6294.27325221709,6289.6814305613,6296.02649102189,6291.82001774358,6294.83192756858
"GPR78",2115.94814494493,2086.67897836828,2088.14840154356,2088.63328109801,2085.2141447891,2087.55563064226
"AP3D1",1284.17849238608,1287.79734801717,1285.26074335792,1286.28711467467,1285.13177036655,1286.81865565607
"RPL6",5356.07132349168,5346.33936947967,5348.70991627752,5348.56416077825,5346.22032216226,5347.69647916161
"CD151",2048.07397415681,2043.3177361793,2031.06289500181,2027.38275851417,2026.6990004308,2030.84062607422
"CLEC2B",1907.78888473794,1909.68656626906,1908.65530031038,1900.61055907417,1906.07236158731,1907.23598608786
"CHRD",1138.66689608889,1141.39403111887,1140.65231241838,1138.77786762919,1141.23796025494,1138.98350213998
"MYO18A",1046.83867705831,1044.48849415616,1045.61085957464,1045.03474869637,1045.52327677028,1043.87470690223
"IFI27",2870.23683525047,2871.23518773507,2869.79268400878,2870.03141682181,2870.58939172692,2870.75215748441
"SERP1",2251.89241885988,2250.15860202767,2233.90991998005,2235.31265621498,2222.02806624001,2229.11814892435
"SHISA4",946.535524121647,940.455117719455,942.893194052181,931.258910987243,932.531004560745,940.049325463045
"CREB3",1061.9245795278,1061.27147560212,1061.22063781525,1062.05776591575,1060.90226913102,1045.70339829375
"DPT",3385.8241599894,3356.47850612731,3326.31173821198,3321.53204482189,3319.21823611148,3319.47637656262
"UROD",1744.80177244773,1742.00982527113,1746.06117931221,1748.66565726474,1749.04280517285,1748.49678404063
"ASNA1",1164.01584582039,1166.06619697339,1165.0269518898,1164.75639220678,1166.51607993446,1165.45465248367
"CFH",2918.67618196731,2863.91364074256,2836.23534952864,2842.3791536103,2840.36170415497,2838.45329822785
"APRT",2624.88487455356,2621.13468056329,2624.03774311027,2622.03559952573,2622.61382610046,2625.78719052206
"PTPN14",1812.73988671473,1809.06461626377,1806.41789324356,1805.70203881572,1804.91795618114,1804.98875843338
"LOX",1788.46419592065,1778.19342440001,1777.76771611335,1782.61645767209,1780.81316804772,1777.7424979443
"PRDM1",845.238300369516,840.63923313031,839.834999439783,840.490045168199,841.399487123905,839.452853672597
"BTF3",4219.68315816674,4218.27433722464,4220.17633026972,4219.11120658398,4220.55135636608,4222.15739202642
"CIRBP",3636.5193663166,3636.90821270613,3636.23154807063,3633.38101653476,3636.86103971028,3636.6002338775
"R3HDM4",1227.12082625178,1226.63724615574,1226.04252781711,1227.07040921865,1226.67203521402,1223.71693859823
"TENM4",1675.51746704374,1666.35368262176,1665.35352429187,1663.84952940446,1664.12385001809,1667.01744638976
"FAM195B",1759.3258685127,1757.68075482244,1750.41174647354,1760.12361828246,1752.64672398512,1757.22517848397
"ARHGAP28",791.356121530925,792.64961341463,789.455558260837,791.437939875514,788.954177488986,787.381241555721
"CD99",5075.87160414884,5031.67394748875,5019.74214940355,5013.48106172658,5015.15472435099,5008.31051192078
"PFDN5",4585.74978207975,4564.12122725633,4569.4285748979,4571.58744864947,4566.69546785354,4571.50574975615
"PTPRD",866.042814460822,868.260177743416,869.266061369517,867.772712243651,868.280475139309,869.539469875695
"JUNB",4638.9185407589,4639.06420122152,4637.71656853283,4637.46065518253,4634.08522588868,4636.47708813256
"RPL38",5548.69950468093,5546.37825987915,5533.31772375237,5542.59261518074,5539.87485365371,5513.32976944066
"LOXL2",1835.6661710744,1832.91000893531,1827.38975267563,1832.73229291763,1829.05922949402,1831.22784479048
"RPL24",5904.26699191775,5888.51936513608,5893.7515778424,5883.76720808237,5887.57537722081,5894.42809659423
"PRDX4",2575.8947074727,2546.30719113244,2548.16550909636,2549.76140601847,2544.4507493457,2549.09048035502
"KRT16",1411.5523993994,1408.43841221597,1413.82301627029,1412.89435079306,1412.71009851012,1412.96221462942
"RPL9",5725.67019681709,5710.26029981326,5709.61325295016,5708.82676409083,5710.44913830542,5713.30947733242
"RPL35A",6189.74796099284,6178.00040278066,6164.8423517814,6177.57691821599,6160.94236925977,6148.11718735583
"SCO2",1529.70255733431,1533.55857054136,1533.00572297036,1533.01213925701,1533.5023229191,1530.99060120751
"ILF2",1434.10230393157,1430.75170576884,1434.06021444001,1432.26191334453,1432.56136027566,1433.38121983372
"LRP1",3843.2399847933,3825.4713387194,3800.74670420466,3807.27171963337,3800.8622421238,3798.75154457458
"INAFM1",2173.21040948027,2181.17742539012,2179.56707276178,2179.9835759429,2180.32643955448,2180.42424079289
"PDGFD",1135.75957259989,1110.69250158161,1105.77876675757,1109.95383806058,1104.2078740606,1110.56426433723
"PKN1",1153.59085302775,1153.12007130136,1153.74552270273,1152.31718919543,1151.41416536333,1151.06578738657
"HTRA1",4123.3373292323,4117.68939062155,4109.80038455486,4109.10515225368,4107.22011382536,4098.66162665467
"BRE",1894.37810853367,1880.64426309781,1883.9626062209,1883.23797559938,1884.22147436795,1885.70293057478
"FAM210B",1075.36288616086,1075.55819046918,1076.0431990155,1075.34245110527,1075.91183936705,1075.01727604044
"SEC23A",1135.18719260924,1139.17365543356,1137.81911905336,1137.77686590391,1136.9833328773,1138.21910655057
"FGFR1",3265.8724375163,3266.54833003011,3267.02947328752,3266.04885368349,3267.05145691749,3264.22492784517
"COX5A",2028.17059814313,2026.49517528402,2022.1742981709,2025.86276015178,2022.33162198433,2019.83543712894
"DNM3OS",873.498300041621,873.203488689348,871.929598878689,873.354948336388,872.690787509883,873.283363353457
"TMEM160",1388.35600345386,1381.61406630789,1390.09232497555,1382.88263452879,1387.45250990905,1384.97030195721
"C11orf98",1414.28471789685,1414.45235146153,1407.1443618595,1403.36479326715,1415.77285593541,1415.0588573116
"MICAL2",941.068452974469,941.467704796559,942.741812139773,943.707395029609,940.71088015983,941.671063102405
"GPC6",1328.48102431291,1293.79090594653,1278.11006984927,1275.48638664255,1276.52907426883,1280.37916648416
"TMEM54",1160.16777982422,1157.45684193019,1157.25215968921,1160.26907280273,1161.29941682762,1160.10429428805
"LAMTOR1",2227.68478323959,2223.38923674663,2228.05790143655,2226.76120426154,2226.37382550333,2225.34373350353
"RPS13",5901.81912714518,5890.57080434914,5887.82829909091,5890.50407565048,5888.32030834046,5889.74315394175
"SSC5D",1966.0425433518,1965.53967328665,1967.11288732218,1959.49027038321,1961.92277901285,1957.36108687877
"AHR",1966.74497449042,1968.36669016449,1967.82081624903,1968.00301388965,1960.21850133858,1964.97153333467
"MDFI",1509.00889430722,1505.51774555193,1506.94600293993,1506.21208050662,1506.42809092702,1505.33425423196
"MINOS1",2709.94616906244,2709.86870456956,2707.92372595847,2707.33345036057,2710.9937759364,2711.15964021677
"LTBR",1527.1647387737,1528.71315684014,1527.4914806863,1529.25414860848,1527.35299899991,1525.25422891536
"RP11-25H12.1",2691.90349980139,2692.20343269448,2692.28905044336,2690.45833763595,2694.42492370005,2690.97720451093
"PTPMT1",1375.4516812895,1375.23010894665,1376.29380057256,1376.75167006198,1375.98649788681,1376.89737738988
"RPS3",5986.61578129558,5974.03644951176,5973.71389847095,5962.49706454977,5969.55540921974,5965.71045219486
"POP7",1006.94524218664,1006.08891114855,1006.56543098685,1005.91870583961,1007.54650214416,1006.9394919971
"HMGB1",4243.6976136324,4232.3865147134,4238.52729464667,4238.32283848871,4225.51913324033,4235.6326233922
"FSTL1",3281.07106079234,3268.06038776198,3260.13776472733,3260.55089454932,3259.30134560723,3251.62022012896
"ELN",2966.8347183143,2958.73618846299,2961.80336489745,2956.21965666532,2959.29553667024,2958.11340037425
"NUCB1",2360.05364033232,2351.36642442528,2353.20486083477,2353.28886817133,2354.2452528274,2349.70087582707
"POLR2G",1706.44871174303,1704.48333688914,1706.72177762298,1705.80990035022,1705.11461051865,1704.14895058733
"ISLR",3485.64777773488,3478.36817773001,3475.31364553061,3471.37424498542,3476.07124650774,3472.09627168713
"THBS1",1216.86815245008,1210.40683132244,1213.40189638153,1206.07166500476,1213.63513958111,1213.06050917283
"LZTS1",792.584278611622,788.187547456918,781.346189108018,779.293650724817,786.130567895069,786.13142931099
"DAPK3",1326.95529635581,1316.0738918934,1319.51805715311,1315.7496338068,1318.2719019215,1315.52519775584
"CLEC2A",855.852839196408,856.272025801058,850.33300862719,854.76877563046,853.07679843191,852.457309491689
"DNAJC1",1957.86157213771,1958.96333595693,1956.39364310117,1958.2052934475,1957.22156448921,1955.28453094705
"EFEMP2",2613.79597627429,2599.15867360223,2600.03140091557,2601.27439414806,2604.99259022128,2602.23513576181
"METRN",1679.04595299197,1678.31405540423,1672.47135359419,1674.24794026941,1676.58609918254,1674.2015727563
"UFC1",1892.16367077638,1884.74652805892,1879.60012755431,1876.14336790918,1876.98245364755,1879.5771596923
"RYR2",987.969483438453,988.319411350906,984.247840500937,986.833160137056,986.553087609265,987.946290102615
"EMILIN1",3470.83619623436,3466.30261267454,3463.9007266128,3467.88445219801,3462.22681017323,3465.3948673549
"SLC52A2",982.213277482065,982.518797642878,979.941488171559,982.149093543061,982.826354992168,982.049914312136
"PHLDA3",2345.91876937807,2346.8243962658,2346.7135994854,2345.98541615926,2346.44949692698,2347.22517892173
"A1BG",2155.92351099876,2129.69629378116,2140.50014768441,2138.88483705337,2131.89717982037,2139.63761591554
"ARPC1A",1425.52678944838,1426.1472763854,1424.87347570458,1423.75048731789,1424.94334016559,1422.04110153722
"CKAP4",3028.21768445067,3014.54713964036,3012.8822122252,2999.44073214401,3009.38237987084,3007.6668645047
"LTBP3",2472.00511937934,2467.93174492357,2471.1505363507,2469.97406683658,2468.76601925,2471.79392627483
"LGMN",1499.08042445104,1497.49340880194,1499.3187513732,1495.84877848654,1499.66658247771,1498.3269602025
"PIGP",887.928414586927,887.614839695149,885.920253406084,878.757677704371,885.765166568061,889.263801190764
"GALNT5",719.202941880628,717.035762352653,717.42832817952,715.764933795135,718.563407016939,719.368324799801
"FRZB",1066.31544725109,1067.79957543206,1063.84526193786,1063.17254537002,1069.27373654876,1065.77940788038
"HSP90AB1",3708.0087032789,3708.91868983773,3707.8837908479,3709.13650560198,3709.65436699777,3708.31031490783
"PTN",4090.32353688133,4074.62307670811,4067.12262301621,4073.52835072256,4069.21593695964,4072.78641417086
"ROR2",2040.86844889152,2034.90125319373,2035.06597392915,2035.83259282685,2031.48308841728,2034.23813484737
"CNN2",1926.86284480423,1926.16975736854,1921.62363425458,1925.62270166195,1925.71779664307,1926.35139594162
"GRN",2641.38487384573,2640.66639112062,2640.18821743648,2627.08100910861,2636.29480626571,2635.86518268119
"JDP2",1194.84685827955,1192.397583087,1196.07816272146,1191.4768550119,1195.95088503019,1193.80161570926
"LMO4",3245.57316657906,3234.79941645916,3233.97992411104,3237.5905882316,3236.53387137679,3229.63197281135
"IFT20",1425.14713925735,1423.20403288529,1423.62295410704,1421.85812262048,1422.43732797773,1416.05528829727
"HOMER3",1159.62727207896,1159.39066510125,1160.87998139283,1159.01112570878,1159.41482756653,1160.62435749538
"MDK",4383.83468527323,4325.73039222955,4312.87685484179,4302.11455644827,4314.31704594616,4302.43139710848
"DAP",1543.5552027105,1543.37018599488,1536.10370116747,1535.45277956855,1535.26460476535,1533.81044453462
"HAS2",1629.10464325015,1628.4264222065,1626.90928231864,1622.83807862985,1621.08527866773,1624.83454035834
"UBA1",1599.4522904744,1600.20521137552,1599.87128827798,1597.14555632526,1595.13577235905,1599.40691862617
"NDST1",1164.53107894287,1165.24979453802,1165.55892229842,1165.14836665499,1161.49941341581,1165.45091277818
"CGREF1",1042.36083647059,1043.36171009665,1042.79166045229,1044.20937717469,1043.12360844349,1043.33142627156
"MRC2",3923.5346445406,3925.19335555656,3907.7046835058,3892.74735789203,3910.29560137298,3901.78220477506
"HIC1",1738.98191755966,1737.80560419067,1729.18049434163,1723.73729815377,1730.93686038901,1733.92122138902
"CLTB",2407.13817272187,2400.69951475326,2403.30210042654,2388.47022242488,2396.15063406078,2401.15956251455
"IFITM1",1528.61148578862,1530.04742331752,1531.60081037387,1528.47487439462,1530.30911831709,1525.4151480009
"KLHL22",988.094164579081,987.68256307181,983.806191886653,985.691837801768,979.120200039693,988.544775255826
"TMEM263",1111.8086071125,1108.69235209475,1108.99474456451,1109.62514669098,1110.55909403756,1110.53109683032
"PGAM1",1825.41192461066,1826.17005069514,1825.09755920698,1822.44124901247,1821.67341283418,1823.26767119928
"SMOC2",2056.39573717761,2054.0101288371,2052.16661792164,2049.8959069072,2052.03674679811,2053.7574679179
"TIMM13",2033.90588522665,2029.93264428042,2022.26101485092,2025.33222227384,2022.06093371862,2025.04824623009
"C11orf68",1450.56486605248,1451.08231826775,1443.8452298739,1451.51022195041,1449.48360173933,1449.83551423233
"RPS5",5261.65112176612,5255.77235012301,5251.8271202073,5252.27398374823,5250.96204790415,5245.99858937904
"PRKCDBP",2810.73821570628,2798.80079757364,2803.07972367607,2806.57130175788,2804.49985056593,2807.70057258355
"RP11-492E3.51",1445.07249636603,1442.78016622572,1444.11614861378,1438.28774208365,1442.91021265714,1444.36211222071
"PKIG",1424.56005208544,1424.01298324475,1422.35929215684,1424.1698395771,1423.69861386874,1424.66138628151
"PLAU",1715.67907734124,1720.57910149184,1716.89246636475,1705.73884365048,1714.34335629953,1717.54827967537
"ATOX1",2578.49953144282,2566.84492175964,2554.95617841321,2549.09045760494,2555.8374150039,2552.76014011941
"BUD31",1588.49098333913,1585.12587887599,1579.90617929364,1579.24239578745,1580.94637620569,1578.40020847311
"SUB1",2096.96209613111,2093.65409209152,2098.11959535133,2099.52381819915,2099.20178654158,2098.67996964496
"CDC42EP5",1637.97780249748,1637.0642431687,1638.35536870577,1637.4129439111,1638.79573564012,1634.00103302641
"SCP2",1605.42528260417,1605.22389883443,1603.94243240105,1601.60040200477,1605.43565691622,1598.18539761634
"CDIPT",1590.13094556351,1589.32089853595,1590.0868870466,1589.53583202935,1587.26317335685,1590.08195729665
"VIM",7320.93208843824,7294.68517379536,7275.17529990759,7265.29780135951,7265.15859136588,7252.02549886426
"SAC3D1",865.819634228877,866.126477519032,866.200052798389,862.973602222539,865.779220984226,865.519824963798
"TBC1D1",1029.38363992648,1029.26045014911,1030.55450035139,1027.74687881424,1030.28630546752,1025.11609759827
"HNRNPA1",4240.16458229028,4238.26817853955,4238.77800347479,4240.76787498489,4240.91296765208,4241.33137178415
"ARPC1B",2357.4489697379,2359.5441343416,2357.40056885209,2355.81317298494,2361.56502393339,2360.21085105452
"MXRA5",3267.91391875985,3263.7123256592,3248.61878983744,3234.82810256942,3246.74916722683,3249.62530566091
"CTHRC1",3553.48107999344,3532.02413303242,3522.07408316048,3518.48087955916,3518.59465364641,3521.07378530063
"C12orf75",1390.87795618677,1393.40279668845,1394.47075637722,1395.16891910422,1394.09220397203,1394.61816068251
"TMEM258",3263.44023628452,3258.12978666336,3254.63531573529,3255.35008291473,3254.68126594701,3259.50414446589
"DNPH1",1520.96414828041,1521.36785051801,1519.50995496121,1522.16304016662,1519.54591213925,1520.88436399824
"EHD2",1954.94750155546,1957.7452589732,1961.07959739836,1958.27607903516,1963.54774001639,1958.32311001487
"TXNDC5",1692.67855656512,1661.74802060806,1660.91152670525,1654.16296632791,1654.04886988405,1660.66038691683
"ARL4C",2085.75452123901,2080.78749012439,2079.8658448355,2077.9959001071,2081.52800547664,2082.26177660945
"PTGDS",4905.09166779486,4887.50783496985,4874.38565520717,4874.83416967882,4869.47664366552,4859.04249677362
"CHPF2",1161.70703123627,1166.69159735418,1163.33464207707,1162.94695427405,1166.47491421773,1165.90730179248
"GRIN2D",734.74530856591,735.559753457819,734.963057504151,735.370566234508,735.707960384109,734.001146373932
"PSMB3",2436.38703480302,2432.04585532482,2438.33531044742,2438.11972657748,2438.34561610143,2438.16179769273
"UROS",1109.61137666111,1112.36722648834,1112.17753377963,1111.54922474172,1109.46389898014,1112.30376967422
"ARFGAP1",1405.51809043386,1409.54493121576,1402.75015959572,1408.11663399006,1406.48873133419,1409.84836058454
"ATP5G3",2637.31048657172,2624.28240769867,2610.82524331347,2602.22301471184,2603.62161667376,2607.57896910643
"RPL26",6279.83804024582,6278.58194624293,6279.82486334693,6274.87421363554,6280.52412936262,6277.71023633307
"FUCA2",1274.00251935989,1277.11622487591,1276.30497764144,1268.37959836836,1276.82169532641,1274.47917985642
"MYO1C",2189.39598134876,2187.17559193388,2188.78667822255,2187.88401296251,2190.01352493705,2187.51512655456
"HEXA",1766.31633687515,1758.25604301021,1763.21909429511,1762.28208480996,1760.37620677002,1758.09952884345
"KHDRBS3",1803.73786896293,1803.49788470782,1800.05122005412,1801.94409416,1802.42397307878,1802.46494374462
"NDUFB11",2770.17807772658,2761.69155231722,2754.1502237675,2750.96139408815,2750.23300580981,2750.32522979373
"GALNT10",1186.2625111735,1175.81068996255,1181.33141018117,1180.96238473536,1179.63142641184,1178.03564537879
"DUSP23",1182.68910642786,1184.04235711119,1186.66291675388,1186.42833221045,1184.54760609353,1186.28299971437
"SFRP4",2464.71698225754,2457.56749799011,2455.9651650501,2455.63792691135,2458.70205521041,2453.59976357961
"C4orf48",1776.63789105415,1766.87575891222,1759.7513470184,1762.39529134022,1749.60817409862,1755.68411653118
"PRLR",687.173299440945,689.570812879792,690.718334236667,687.734699525292,691.415375042398,688.965409758788
"MRPL3",981.636250682648,976.022500793614,976.311269796575,976.939743511096,979.869266513175,978.524178276192
"IFI16",2234.82471400321,2231.27723562509,2235.0678694725,2233.15592721007,2219.5659337797,2232.09189974156
"AGTRAP",1218.63019990361,1218.88434760804,1219.49731882957,1216.25967190446,1219.78912786175,1218.79830839202
"PRAF2",1559.6240602905,1554.75295107226,1553.46226633702,1556.17311594412,1557.59739487218,1552.20547946488
"USP11",1405.71291663847,1406.36568355611,1406.65304794951,1405.7481772008,1406.21265004166,1406.34978823541
"FAM109B",784.825161371235,788.10901437306,782.314131240918,780.056099508726,787.604269150094,788.110436671661
"ILK",1716.24928813602,1699.73614749194,1694.07061198997,1707.30932167031,1706.05377212325,1702.88326623323
"BCL7C",2390.13799362722,2388.35249670874,2386.92097315714,2384.32203212671,2385.28446997956,2385.62727140073
"SRPRB",1457.14834942563,1438.9305828168,1436.86671863166,1440.87113020896,1434.62889654254,1436.77485400132
"ALDOA",3298.73811207278,3282.74058189889,3277.43202815807,3267.56395527884,3274.90294596179,3275.95641302776
"ATP6V0D1",1438.07592043294,1437.41023932116,1437.52260478453,1437.72793411491,1436.92663716926,1437.07866785543
"ZNF106",1611.5532689442,1615.69939152087,1616.34837324428,1608.46757947629,1614.7578087598,1612.81584425827
"AC005943.2",1732.70499872298,1718.59496400544,1710.98492992811,1703.10280349111,1704.59096125176,1699.87984093273
"CCDC8",1454.32540401472,1454.63810038529,1453.21530305573,1453.57814809857,1454.19169246644,1454.62021085116
"PDLIM2",2514.57034742359,2516.77557922462,2499.63120114387,2499.10691499522,2504.38034226231,2503.44485349911
"YIF1B",1011.95599008946,1009.56853367293,1002.1317056694,1010.58686118478,1006.47642361422,1011.20731808032
"GSTK1",1633.18801729079,1629.42692550911,1631.27544589302,1631.83960352659,1634.9317356268,1631.67458319996
"PLXNA3",875.338881140878,876.225005514642,874.811941638132,875.643953531331,875.98208990586,869.421595060356
"FBLN1",5230.60009429927,5231.34008183454,5203.00105300343,5207.38369508197,5212.37494090078,5213.97396218177
"TMEM261",1570.20142094795,1562.29464295432,1550.52114535493,1556.96541873615,1555.90899813348,1552.69950692765
"F2R",2258.03423379605,2258.08211848141,2256.64999856332,2260.07042756118,2240.37288128245,2258.29686635286
"HSPG2",2935.77747384879,2923.24455757359,2920.42196725619,2919.92466935963,2921.95520008655,2917.92391238059
"TPM4",2784.45945566454,2783.03770375313,2781.2063136123,2780.28641552716,2778.799965212,2774.77207134278
"RRBP1",3965.86694060581,3936.36493948102,3933.58755744842,3932.09127315824,3932.14765268349,3930.49579207949
"SH3GL1",1376.88412450515,1376.40469973975,1375.68823240141,1377.35384881708,1376.09739645658,1371.0862998336
"CYSTM1",1566.14069742978,1561.16926607198,1565.61905376266,1565.93681439409,1559.46323670523,1565.56156627867
"TOMM5",1911.69327830838,1907.75273363094,1911.43608032571,1907.3286998069,1910.44609110224,1911.28159560174
"SLC27A4",3947.95615862531,3932.49328433967,3920.98435563867,3929.38257209319,3915.57310601248,3924.70279958515
"FOXP1",2426.73795265446,2423.55185999759,2423.05929569051,2424.61961951174,2423.80337602473,2422.74177922812
"OSTC",2197.87010200568,2192.19479182269,2188.68929846322,2188.16310599946,2188.90871265053,2188.12922029209
"COL3A1",8742.088982807,8716.30753224476,8705.20151124219,8696.51802792686,8691.09890264336,8703.45524372702
"COL15A1",2304.14685607353,2297.32975404705,2295.89685055428,2295.43674949598,2292.87360856243,2293.98562303396
"GRINA",1575.92740610061,1585.81988591487,1586.6064426984,1576.99363510037,1583.76486137996,1586.6172392417
"XG",1478.49020270902,1480.01440033075,1476.92737944673,1478.07665500779,1479.65906542343,1478.8053908256
"ICAM3",732.953795536828,730.23501543428,733.159694537574,732.247404071257,731.992939763322,732.833564672831
"LUM",4753.45144455725,4724.06363359001,4693.45699628012,4685.29350524773,4691.79913150055,4688.51257190271
"SEMA3G",1199.70010060044,1202.28445701277,1197.26387586756,1206.68690878705,1201.57121458816,1206.2703585954
"GSTO1",1922.75501969926,1921.7934839366,1921.2513650779,1920.51982499479,1920.94711345974,1923.09658461526
"CDC42EP1",1535.71741737462,1533.67195483894,1534.79237969404,1534.99716212986,1536.71427407449,1534.95898130942
"RPL11",6660.70244502432,6647.14355509457,6624.22452670245,6612.68145867931,6625.45936290277,6607.1114317784
"FAM177A1",1332.01832287717,1332.1774558751,1332.33104785909,1332.48521188164,1331.37309955563,1331.30769761207
"ENAH",1933.27675150088,1932.90010649269,1935.26140094597,1935.35628271072,1935.40025955761,1934.31160549656
"NRP2",1372.89177366715,1360.07047817289,1353.05481155085,1351.25788483595,1354.80874674739,1353.05021369883
"GUK1",2743.94110152812,2726.69019328756,2720.56976121201,2725.01174179845,2723.52868725662,2722.27274586343
"NANS",1186.77944074698,1189.51846359963,1189.19162777678,1181.30324612983,1188.14099255359,1189.76816826448
"RPL12",6615.53910434937,6610.06306606991,6599.33769306067,6573.91552091204,6591.92380759559,6581.46848307368
"BEST1",750.100886049142,753.231339897152,753.414216814353,746.056815121256,752.541098593741,753.190294144756
"P3H3",2143.86548698256,2146.02234718781,2148.41910204813,2135.9896683766,2147.58988760735,2141.80619316177
"PCED1A",911.282635593714,913.07969771791,907.413973719164,908.704921843452,910.485399183214,909.400787448549
"SEMA3C",1092.35988224794,1094.45942836366,1088.98952675004,1091.63710994087,1091.97744509287,1092.99558678828
"NDUFA6",2270.59780463638,2262.39720533585,2266.50987797022,2267.16588091232,2266.20268499837,2266.63145007816
"MIF",1861.63352722578,1855.00335103278,1850.34255251475,1840.93393975257,1835.31684210909,1848.30180349764
"ATP5J2",2645.64863245861,2635.18819080615,2613.30774081657,2628.95962133969,2624.51125485538,2626.78906756415
"PDGFRL",1982.24879523019,1979.97172253718,1969.79913394612,1972.28818781443,1981.15209463676,1975.02647048737
"LINC01615",951.108648453732,952.898674494957,953.33978577728,952.923743393223,953.665255282496,953.795093249098
"MYOF",1638.5243756365,1639.49923476853,1640.74298857299,1640.26374554357,1640.98174850665,1641.12192310001
"RPS27A",6257.97879845109,6247.45798958035,6242.56999852197,6246.88897623481,6242.26305180402,6242.08994974504
"SEPW1",3495.12578434248,3482.17991573679,3458.93506850294,3447.07199045505,3459.44927993963,3457.0022664128
"TMEM219",2250.21143538624,2246.72183557409,2242.24188920722,2241.93342452761,2245.44435760349,2236.46755582328
"MSRB3",1509.87082424518,1508.66319563018,1511.29241284562,1510.75782560432,1508.44988540676,1510.02320697788
"RPL7",5047.94374594311,5040.43439967337,5042.43749990917,5044.47793949531,5044.13439510758,5043.92292777999
"ADIRF",3949.95426469936,3943.08372872299,3940.81045761648,3946.92969572017,3945.40656228291,3943.730811263
"SSNA1",1512.34386101126,1513.01261190948,1512.5525258207,1512.64970494844,1514.12427257202,1513.3071796159
"CCL27",1937.87062896152,1937.31708851938,1936.43128367806,1937.73561583587,1938.32664440238,1936.05599936023
"TES",809.981979445494,812.402453485151,810.464713263695,812.265912074083,811.560073960517,812.126207641901
"NEK10",1180.60668951348,1181.48581519645,1178.88490101719,1181.94556969711,1179.52835990685,1177.31749735412
"SEC24D",1143.18731523982,1137.91074384546,1136.86158372411,1131.47613372769,1136.00024901374,1135.45062094648
"FBXW5",1249.76815867212,1249.57814118754,1253.25498360945,1251.8073386397,1251.42650488498,1249.7922540632
"PGM1",1023.8044866179,1021.63052325245,1018.66325822517,1015.61481495988,1014.65484824237,1016.21900994487
"COL5A2",4440.56754040643,4433.51324621707,4430.87098165549,4435.96676477366,4428.89457907958,4420.44032907795
"CD68",821.030841399741,820.102587635476,816.646113389453,820.346234206852,816.078407071431,820.041442827907
"SERPINE2",2379.71742161697,2340.67496297508,2335.75033397112,2335.15466063792,2334.9612236915,2332.27651837495
"STARD10",1053.76051625175,1053.88178497731,1056.59516786407,1055.85871989155,1055.79066735714,1054.30202908672
"LAMB2",2340.40813058185,2336.42552556188,2337.82223863753,2337.56703153017,2336.48852580172,2338.49720563904
"C19orf24",1407.78234889966,1407.9374483993,1408.90361814096,1409.28410850467,1407.6746015777,1408.62467639129
"CSRP2",1487.48964657244,1483.14459923234,1481.34530346883,1483.87932885456,1481.50936669122,1483.07802484484
"LGALS3BP",2518.39529558799,2514.42346776786,2511.4829871713,2513.85562311589,2509.192238255,2511.98929247707
"RPN1",2272.13897792044,2267.59071206323,2266.74304019909,2272.04244946387,2271.28579101217,2260.46634220187
"NCLN",966.938119754267,966.28193568294,963.510428664881,967.672000562266,967.450665235906,962.755806408636
"NEK6",977.717528527097,977.467723549986,975.936748872209,974.574964307335,978.168973908195,970.332632314408
"SEC61G",3048.03839493197,3029.36691544854,3032.41372318116,3028.39091642384,3029.97433912449,3030.22799525187
"TIAM2",1082.76383686972,1080.7127393522,1078.18393158121,1077.68833283424,1081.67806308215,1083.19085655674
"RPL22L1",1803.99392637347,1803.67279950359,1798.33808328041,1798.24465556181,1798.04174598629,1803.39019433193
"FAM57A",921.757970573394,926.13784418059,925.305784202896,925.563304913561,923.685508841877,925.68722134547
"TXNDC15",1227.2167556529,1227.06726502884,1222.68418315074,1219.34335588959,1221.07460090229,1209.51068888943
"IGF2",4480.50204263347,4461.58001142384,4462.87792601328,4449.1065503139,4457.55757741884,4458.5155113095
"MRPL41",2409.50922454386,2405.86341966565,2409.30277548354,2409.70449282523,2405.86922069066,2409.82513563324
"TCEB2",3908.88326928886,3884.79176898782,3877.35046576909,3875.16361680955,3870.3844326764,3879.9419568676
"CNN3",1999.77329233951,2000.44148173688,2002.02137072788,1995.43671949948,1997.81746327619,1997.18525933731
"CMTM3",1368.7746099596,1368.90263547054,1368.25004902783,1365.91552709657,1368.18582128007,1369.2294914141
"PSMB8",1432.3823608632,1432.71503735644,1431.38441667814,1431.21483255316,1430.79651636314,1431.43784863212
"CCDC85B",2265.02437746428,2260.97134757596,2263.0995859422,2263.55421586369,2261.19482864793,2260.07126508511
"SERPINB6",1396.59093894279,1396.90708156057,1395.65515937006,1396.26460630691,1395.67618909855,1394.6923264519
"IL32",1501.54695713019,1496.96773221259,1496.82514982894,1496.20490558819,1497.84803818288,1494.16449576938
"FUT11",1677.64440872974,1676.3601691384,1679.45189835785,1671.74253568975,1680.55819920118,1676.20582436807
"APOL2",1034.44444356893,1032.57878378332,1033.22193852468,1033.71003412106,1031.04493481721,1031.10743421222
"CRABP2",3682.29180056322,3663.7315444756,3641.40517174994,3611.86943102096,3617.96472628737,3619.79440993994
"THOC6",921.249334817034,919.496903091424,921.873598218469,917.663565646537,922.057942127391,921.920922174843
"SRPX2",945.058986877983,941.834522888192,941.836483859526,937.68201052211,943.026494765862,944.67924253804
"COPS7A",1031.38259032723,1027.92843355911,1024.91026364624,1026.77041478071,1024.13147954453,1023.99511229697
"RPS27",7309.96467708455,7280.15878613162,7282.99545865678,7285.94466578564,7277.92674080291,7272.51697335245
"COL14A1",3533.56058152484,3507.78852880118,3505.68970922854,3511.32645635301,3512.19810324617,3508.22359508202
"ELOVL1",1107.92699999033,1107.97767370124,1110.85870083699,1107.64432860218,1097.51402355961,1090.87151167738
"CAP1",1857.5496532067,1860.79500658708,1859.26678870205,1859.46490859659,1855.23160449879,1851.02607030077
"SLC25A5",1933.76644219061,1937.16010927992,1931.65604493145,1936.18348134606,1935.83563108473,1939.03112625735
"MGP",6604.10587517353,6591.39058465253,6593.24109392505,6590.92158157998,6594.41873838051,6590.75507494238
"HAPLN3",1083.07685478273,1085.24147458312,1081.22216058153,1082.27167870744,1083.59181976444,1082.98411385148
"NKIRAS2",903.588537963881,901.452790251986,902.898975272715,902.007873873903,902.701742695751,902.01522057483
"RPS9",6081.96772619531,6047.4097684978,6046.98059253849,6056.79235516635,6050.73386089157,6044.36977196118
"FAM89B",1616.54462824922,1600.53250489898,1598.65258595603,1603.13750665986,1589.88086863799,1592.29744492902
"MVP",1851.63138744458,1851.63202816875,1851.96902242366,1844.50395027792,1852.93679023419,1847.73901174404
"ALDH18A1",1115.96847173197,1115.88139351882,1116.14796938973,1116.55225916958,1116.2923768376,1116.19417465498
"MRPL55",1490.9279111818,1484.17703451943,1495.743607248,1490.73716988227,1489.9971488963,1490.69540077602
"GAS6",2776.98390336864,2774.86367118767,2779.27259645542,2779.03115608108,2776.73639558838,2780.39920477879
"ECH1",1606.67827881209,1603.17193707975,1605.76416286161,1606.17590727443,1603.99687328045,1605.99111722251
"INHBA",2251.13852396899,2235.15212274886,2239.10811753932,2233.15466110025,2236.43922669817,2234.70463945103
"PSMD8",2117.44263527576,2113.7264821088,2112.26302452287,2108.30784141283,2113.52170923486,2111.69960963084
"EPHB3",1193.79834860705,1192.42713748508,1192.35852497016,1191.78401603858,1192.62811238672,1194.13251522532
"AKR1B1",982.015934775688,983.118221361882,982.830124192124,980.107846696925,978.131120128751,980.030663772933
"PPP4C",1387.85504389569,1394.96807891458,1395.20141300423,1390.80358699208,1392.28435225465,1394.09260012959
"TAF10",1947.93198875463,1951.35676336395,1948.89670701819,1950.71428564612,1945.62705625415,1949.87152837739
"RPS19BP1",1911.42511156953,1907.05974255354,1915.27596901028,1896.39364357613,1910.7777550774,1908.9896398588
"DIO2",2495.29826198065,2489.68005364699,2494.72401707398,2493.4045450612,2484.5608680625,2492.92259897488
"GOLM1",1994.54296466831,1986.57287975042,1972.75465810056,1974.98864783979,1977.88407907856,1980.51865127488
"ANGPTL2",2603.85443861919,2596.1494478872,2596.11274255531,2595.34349625339,2597.35345688416,2591.58591551571
"CYBA",2756.48928856065,2747.948431747,2740.16736662051,2739.02588101452,2739.9386308387,2739.85002638106
"HSD3B7",723.96871246354,725.212086212784,724.254806464714,724.228905882006,723.434028837596,724.725104300753
"NDUFB3",1445.98399717498,1448.29339037989,1450.0816889,1443.99691541748,1444.11631137228,1449.34320246349
"TIMP3",3530.14713781877,3526.107744684,3530.9110989373,3523.73363674303,3530.45607649717,3521.50506424712
"ILVBL",1013.82075107361,1015.69986849566,1013.29172891481,1017.45794308401,1016.49936510992,1016.73675814573
"CSF1",912.655998966283,904.938640606189,908.199768475234,908.490027313673,908.200592595553,905.246959584278
"AEBP1",4848.42831492854,4826.66302548295,4828.01319877036,4829.44088183731,4828.15602677746,4828.05864992784
"ZFHX4",1165.13094432278,1161.62599589283,1162.52422166076,1164.0219685936,1165.11468462661,1162.17140505382
"CTSK",4332.78198200767,4322.91707088175,4298.47342435799,4317.95545825717,4303.14117731529,4297.11274547058
"CTSZ",1843.26239751736,1843.98640534476,1838.83171442823,1840.09275971602,1843.54154588516,1838.40488801309
"IMP4",1033.19480833795,1033.58533698126,1033.96046936385,1033.46330830969,1033.57216004701,1031.57323707755
"ITGB1BP1",1444.78435999608,1439.66238827407,1436.43886640844,1439.62064371964,1434.41806722193,1438.22152181812
"P4HB",3591.54975619598,3579.84432293252,3575.93446502696,3568.97462474824,3572.7501126295,3572.96031539115
"CTC-479C5.12",1464.78503134541,1465.26134721441,1465.01113828166,1465.55205546167,1465.44516405112,1464.96104183464
"UBE2L6",1451.04804795219,1454.28375782952,1452.88163188225,1450.91109212358,1453.53011975072,1453.9933890994
"OXLD1",819.738749977096,828.064773630106,825.142478163293,827.596589201974,826.266878136476,824.588363185659
"ITGA8",1288.23239055688,1292.31542549374,1289.98848686034,1289.58578399711,1285.94229661665,1289.7375096468
"SCAND1",2071.3010610547,2060.49035868207,2059.41883715032,2054.68922307373,2064.08610510236,2059.73033058726
"RUNX1",2588.8373347819,2585.65009694188,2578.96837243759,2581.99511155897,2580.85576206722,2584.41501749026
"MAP4",2495.37556202177,2490.95434447809,2491.36742441058,2492.05123687944,2486.90352905781,2489.22807428172
"COLGALT1",1822.69271568739,1822.34317979743,1824.5326820806,1824.45667974754,1815.88881469246,1816.27585911573
"TNFAIP6",1213.72569632211,1209.7234242785,1207.42240243557,1201.10171644801,1206.95025228468,1204.59308409055
"KIAA1462",948.436705587389,948.509283319232,949.11151336682,947.488798053441,949.669880729023,948.761305888252
"SAE1",1138.28537526556,1138.92878066229,1135.69085593611,1133.74746550729,1137.92817341278,1138.32795191651
"TSR3",1415.61162755327,1418.08859305669,1419.80644117213,1416.11857812599,1418.17249172149,1417.80445946776
"MYL9",3273.2768531519,3263.62599769672,3247.62237086145,3236.1173273962,3236.22594911599,3239.04849903887
"ZEB1",1628.13414273658,1592.04810113102,1567.56247500327,1573.17877368329,1564.37395101103,1566.5340742972
"AMPD2",847.335516167799,844.815152830168,847.055501356006,843.81981059214,846.38786476174,840.272781106033
"NUTF2",1643.25317607647,1634.70564020781,1639.15351486811,1640.62406009389,1640.16513454474,1636.7696792466
"TGFBI",2163.14746119741,2133.73767704417,2125.19776818383,2118.32610052507,2126.97884228383,2124.54123459344
"TIMP1",5978.42060886852,5956.04938229905,5945.48069700297,5956.66338310605,5938.99571814107,5945.74466007178
"MRPL14",1615.24401198901,1610.17953919378,1609.71701484059,1612.24887022203,1611.07115769187,1610.61378850446
"TRPS1",2697.62153523781,2693.71809477148,2693.39593197642,2697.54468856671,2697.50121914336,2698.35167025035
"SLC12A4",967.964993377672,965.496126847596,964.825892906598,965.620015431557,967.395457824092,965.252429223792
"CENPP",1612.63530675563,1601.17528341941,1602.69273702255,1601.92440022787,1600.65863194177,1604.67324557819
"CLDN4",1382.96453714746,1381.95657066622,1382.26100223239,1377.91319888922,1382.37042193324,1382.97224748332
"CD248",3319.23855540215,3303.49374354175,3307.49516261946,3296.19381725226,3307.91203664757,3306.32015046188
"PEA15",1418.74008347013,1418.4365299245,1418.12885717378,1416.27852002546,1417.17157516746,1418.70103954037
"CDKN2A",1146.98846852099,1145.97230660464,1144.49952512001,1141.93514684003,1143.42178505242,1144.6890131776
"IGFBP4",4215.86467329671,4216.04990175794,4204.21575347325,4206.28639426658,4198.79075534813,4199.06183092321
"GTF2H5",1552.94978857448,1553.64554898709,1554.70318988921,1550.65035662736,1553.99637073058,1551.73492731876
"GLMP",1264.22076685028,1260.75704510365,1264.53943382874,1265.17737756094,1264.68136796606,1264.43286888325
"AGPAT1",1210.09311058751,1211.42679999555,1210.68107002387,1208.75865998631,1206.77777159582,1208.94426054497
"BCL2",1399.56570305883,1397.8601948685,1397.79185406992,1398.82603827351,1390.81903237491,1399.12470669231
"TP53I3",1089.73028804371,1090.42021834289,1081.1378835429,1088.12630920391,1088.73125343536,1089.08374204671
"BNC2",2430.59717716907,2366.07634461862,2326.67991080457,2323.52182409901,2333.11231617054,2318.63695450683
"C11orf24",1541.47108017864,1544.19936093533,1533.42694833947,1541.33369598555,1541.78337966782,1540.94393423446
"MRPS12",1273.55910641219,1274.16156370482,1273.46004661262,1271.92580439885,1271.7362343498,1271.74937127205
"PLEKHA4",1239.01873439766,1230.1161031237,1233.26057012858,1231.67236833637,1226.94214101412,1230.13519000839
"POLDIP2",1149.70004362773,1149.9347356803,1150.11816268242,1152.14702948786,1151.06604497041,1151.38326343749
"MEA1",1720.65195735412,1718.88816448236,1717.5711785252,1713.39758760575,1719.44021334887,1719.39501714703
"CIB1",1523.9918915059,1522.88252489023,1525.06773604022,1524.30538754388,1523.04534419291,1522.80598354006
"ORAI2",1299.60681152095,1299.06962897862,1299.22374136421,1299.1817533086,1297.62644585731,1298.6028160355
"DAAM2",1438.46129332363,1430.31059405314,1427.41089652329,1432.26497957692,1428.70310848204,1431.39748197735
"FASTK",1124.68647234421,1125.53453538502,1124.15173618253,1125.53509651078,1124.84035353102,1125.2394412868
"PDE4DIP",933.945094823722,932.595150640558,931.181223570532,930.146394644964,931.293119696043,927.570332811848
"MRPS11",1052.0929965697,1049.85227058127,1049.41933531879,1050.78872640884,1051.30861225623,1049.30412838231
"HEG1",1682.13113941535,1680.73512389012,1684.43583485074,1683.52649200162,1679.91641230145,1684.50875851915
"MRPS6",2368.95882890139,2369.65860785905,2364.1221812709,2370.22012389047,2368.45836211352,2369.77261081082
"PDIA4",1834.21951665989,1833.63524947665,1830.86533781472,1829.44296052821,1833.22266078206,1832.66365354483
"WBP5",2158.05604243436,2148.37400119635,2136.27231816221,2143.62480667785,2136.46993537202,2137.81794428176
"ZNF469",1327.68263681953,1329.09319835317,1328.03728521793,1326.48911170797,1322.57199966083,1327.53024917087
"CAPZB",3161.47525146468,3157.90603671905,3158.66486875366,3160.57635847576,3159.91478630802,3158.76248536794
"TRAPPC1",1816.28582085367,1815.76596287215,1812.6498234069,1803.29137682914,1820.66908084355,1817.33503948297
"PDIA5",1287.65730528412,1291.48600226007,1289.68013927925,1290.16702872844,1290.93420618538,1289.07941923025
"PRSS23",3216.61641904468,3194.03051270004,3193.89758540921,3190.33420306572,3192.89609953957,3193.59677388842
"NGFR",1965.03143967865,1961.78930947535,1962.88324019957,1958.88064171892,1961.40846449568,1962.97569762363
"MYDGF",2396.89918635969,2382.19616210677,2368.99561025816,2355.40542803802,2359.82872335999,2363.8859167186
"RPL3",5929.80788192307,5913.53174746574,5909.06695888013,5918.36886303919,5913.86870506549,5918.05723050439
"SLC39A7",2169.58571871019,2150.0579636733,2149.83682066565,2146.66426175658,2148.45641954662,2144.31535398774
"LRRC75A",950.821049196041,950.323849589976,948.160175703721,942.878878860231,946.023884005499,949.68057472502
"CTD-3214H19.16",2266.91887903316,2263.83217887413,2260.29494782234,2261.26725686362,2263.89443750002,2263.13841947299
"RPL34",7105.17904052731,7087.73052358984,7077.01107124489,7088.6469806959,7081.91608483955,7070.2542420149
"CMBL",736.260235007743,736.018531183424,735.723941054246,737.11091952961,735.83730582623,737.718123778652
"DNLZ",1773.14101983146,1771.81722960654,1771.12244456431,1768.03581597327,1767.52957551395,1770.92544940392
"FKBP1A",2129.6004539647,2126.38808852261,2127.62182072835,2122.91301415617,2125.72032912285,2125.40930508013
"RAB31",2769.37863014285,2771.16673353772,2770.01685587278,2769.07453228188,2769.74119245052,2769.39170450633
"PPP2R1A",2132.9995019738,2132.40147176711,2133.04847408386,2128.26858071271,2132.6349002172,2132.51149630268
"ECM1",2569.77223172632,2560.52625392228,2561.24351734603,2557.57619398995,2557.21052782692,2558.67944828153
"WISP2",3744.27083526439,3741.44602369279,3737.74328708691,3742.12891586165,3738.15829079274,3744.69760418979
"CFL1",4159.35578935958,4124.63760117128,4109.5814008956,4093.32501909285,4090.33936714511,4094.54730460438
"ECM2",1421.01477807325,1417.88825048001,1419.35249971335,1420.754900676,1417.0699781045,1410.25214858734
"PHPT1",3184.25415665384,3158.08588161817,3148.16549490077,3143.79107751617,3141.43795059182,3146.60232849184
"C1S",4143.59386200467,4133.8558002313,4114.00897318341,4113.9493727296,4112.69401402536,4103.35712413982
"MARCKS",3957.63779941626,3942.93031792037,3908.31772528328,3907.23169949979,3903.32151297691,3899.96637154543
"PPDPF",2719.42482093551,2691.62780989001,2695.75951839975,2686.85798817685,2689.68235420653,2687.79316731911
"SLC38A10",1643.32467752441,1649.06836638663,1649.1747371818,1648.69577823831,1648.47908775703,1647.47033491727
"BCL3",1449.34831915372,1448.77602001616,1446.11547135119,1447.83015764167,1448.23337308068,1447.91265611579
"PPP1R9B",1153.1328487668,1153.74611323485,1154.28341860279,1153.76058144686,1152.10181461688,1153.46731246217
"NPC2",3106.04906047901,3106.99154768737,3098.25045320783,3105.48416952189,3101.32491144422,3106.35855906167
"MYL6B",1657.33076587606,1657.93023559661,1656.44341515567,1658.79730815563,1654.68117898986,1656.54635003974
"PRADC1",1031.48060244009,1024.0109945412,1025.69968745617,1016.16552008959,1022.1481102305,1009.20146893269
"ACTN1",2297.61519189093,2296.47409935318,2291.98682660802,2295.91356679705,2295.68297688063,2289.62196269425
"MPG",1771.68589485481,1774.9210825188,1774.56844236967,1774.05539769766,1771.42265321554,1774.64440566488
"ROBO2",1948.97604542339,1943.93317477911,1944.61147038554,1938.11782800723,1946.3431355573,1942.26100807402
"MYLIP",1843.9100496251,1847.64654319112,1843.11563960232,1846.96762861507,1845.14828765302,1845.56472297415
"UCHL1",1235.0149648358,1240.09297696519,1215.55503671405,1213.51295488402,1219.26026386145,1216.23446743999
"FAM234A",955.412288885592,951.643283258379,954.353818591636,955.285960261453,954.485131853255,956.325845218798
"SMPD1",1005.41523258579,1005.90472917844,1005.02789872658,1004.79129005317,1005.49518271503,1004.42977529186
"SIL1",1646.95280465449,1642.59671349634,1644.06875670439,1646.03177241524,1645.85707319577,1646.35883929336
