"waldStat","df","pvalue","meanLogFC","gene","fdr"
85.8021940732181,10,3.63042929052426e-14,2.17396611020866,"LAMC3",1.42702588562599e-13
130.822585620222,10,0,3.27460660449638,"SEMA3G",0
261.965893645569,10,0,3.74958252652588,"IGFBP3",0
84.4189685531629,10,6.79456491070596e-14,2.46210374082905,"ALX4",2.62530422932809e-13
96.3431062886725,10,3.33066907387547e-16,1.59915545764616,"COL23A1",1.48977710299455e-15
212.759326508682,10,0,3.20428987750294,"TFAP2A",0
159.310001812567,10,0,0.48079128954649,"TCF4",0
52.209718119449,10,1.04350316498802e-07,2.38089338456092,"BMP7",2.56775304555319e-07
167.296286511651,10,0,2.70580033224564,"BMP4",0
101.247727027977,10,0,2.86992793754066,"SLC5A3",0
173.44361638868,10,0,2.7348462460604,"GADD45G",0
96.2230117638532,10,3.33066907387547e-16,2.05219077448949,"SERPINE2",1.48977710299455e-15
100.244681233519,10,0,2.37340665363376,"INHBB",0
106.874963153805,10,0,4.27337971579259,"PRLR",0
120.813666626162,10,0,1.20341778448714,"TRPS1",0
NA,NA,NA,0.556444297296122,"TIMP3",NA
104.762660940536,10,0,2.88227296103864,"PRDM1",0
26.9431570526639,10,0.00265880859320877,1.18542989159739,"PTCH1",0.00408493773711263
53.3097381454132,10,6.52192925221229e-08,0.760466297875636,"APCDD1",1.63138065041564e-07
49.6403948632855,10,3.10779227130631e-07,1.00468468580463,"DAAM2",7.31055798535266e-07
109.864210151357,10,0,2.62909990140338,"INHBA",0
80.8367730375193,10,3.44058115331336e-13,0.917490918658627,"BCL2",1.23480145739468e-12
62.9339147235689,10,1.00507535627514e-09,3.08524460716822,"CENPW",2.8698378097416e-09
49.4088920782999,10,3.4273207683011e-07,1.88618751772193,"CEBPA",8.02063726190051e-07
64.748272809219,10,4.52844761689164e-10,2.98360515679944,"IGFBP2",1.33500988186286e-09
83.9593212760704,10,8.37108160567368e-14,1.90366330350778,"MRPS6",3.20714856453658e-13
13.7046190016166,10,0.186896154062802,1.10871440835418,"CRABP1",0.223291720906611
114.04150867895,10,0,0.708224123975034,"ROBO2",0
125.114395336184,10,0,2.10993324136579,"DKK2",0
NA,NA,NA,1.05380149333584,"PHLDA1",NA
23.4723328742486,10,0.00913118109736277,1.11321592210256,"DIO2",0.0132657798982486
NA,NA,NA,1.04558233017424,"MYLIP",NA
123.659840281605,10,0,3.77308711509625,"LUZP2",0
39.3845335562562,10,2.17384901848305e-05,1.06923864209469,"ZDHHC14",4.36693563889959e-05
81.7625361959795,10,2.26374474721069e-13,3.34709962252371,"PGM2L1",8.25494068460767e-13
51.5309077628234,10,1.39348462324662e-07,0.551464028688357,"PREX2",3.37409076775449e-07
50.3011073277462,10,2.34941792687238e-07,2.13025505097478,"TNN",5.58448030785371e-07
16.7794006279811,10,0.0793900394770393,0.717269490536331,"F2R",0.10053857161109
109.657760863015,10,0,0.933282741393801,"PLEKHH2",0
25.086171680563,10,0.00518454013002023,1.61901180289119,"HIST1H2BD",0.00780690288235219
62.0721050042709,10,1.46621859098417e-09,0.729386870849242,"TWIST1",4.13455428761996e-09
17.6190325197342,10,0.0617402734127894,1.20109883529779,"HIST2H2BE",0.0795179691614366
63.8523107977061,10,6.71578459510158e-10,1.04043014791754,"ITGA8",1.95446551677956e-09
81.9783682016732,10,2.05391259555654e-13,1.95034284124417,"CPE",7.58110827953389e-13
43.4748411932399,10,4.08911649996124e-06,2.42334229835853,"SOX18",8.67504154664675e-06
280.126999558137,10,0,1.16671476880338,"PTMA",0
162.641071549339,10,0,0.201304188914757,"RPL35A",0
111.620965232079,10,0,0.287318529927662,"RPL34",0
47.3945587949081,10,8.00345397067304e-07,0.231249193009582,"SLC35F1",1.80325960431045e-06
98.0773844364071,10,1.11022302462516e-16,0.752919630966798,"H3F3B",5.22322542155255e-16
251.07062765553,10,0,0.174602445078525,"RPL13",0
176.302984506309,10,0,0.227416491139951,"RPL11",0
160.158267050112,10,0,0.347443430669984,"RPS27A",0
172.854813029607,10,0,0.200055483465994,"RPS13",0
109.191879799594,10,0,0.183466185064413,"RPL26",0
250.821456234285,10,0,0.163392893703791,"RPL37A",0
83.2019533563735,10,1.18016707517654e-13,0.257206759323818,"RPL5",4.4280648936376e-13
282.911166086395,10,0,0.146263993774026,"RPL13A",0
159.227848204921,10,0,0.187085615999317,"FAU",0
214.893067520095,10,0,0.208692606504498,"RPL19",0
113.075400267389,10,0,0.266981881902399,"RPL6",0
247.316720566487,10,0,0.173011629860255,"RPS14",0
66.6410147109668,10,1.96510585581677e-10,0.11911744121287,"RPL4",6.0139351186974e-10
223.502321831177,10,0,0.242862087893883,"RPL30",0
238.841010003726,10,0,0.221406985891567,"RPS27",0
180.006750294331,10,0,0.196922847450513,"RPL24",0
47.0524035699914,10,9.23771442118415e-07,0.168410824505619,"GNB2L1",2.07107276405808e-06
191.073825375808,10,0,0.337775518662489,"RPL12",0
168.108586748512,10,0,0.180199495283236,"RPS23",0
109.931183683093,10,0,0.184972360282978,"RPL38",0
166.409233347114,10,0,0.162623512423385,"RPS9",0
184.998755626093,10,0,0.211515982762338,"RPL37",0
82.6308444863885,10,1.52877710490884e-13,0.142945042552953,"RPL3",5.66583514798868e-13
77.5018086078815,10,1.54731782942008e-12,0.130718215860247,"RPS6",5.32183556482361e-12
124.068458544777,10,0,0.121704109547989,"RPL18",0
109.565301024583,10,0,0.335836896482042,"RPL9",0
99.3908470627235,10,1.11022302462516e-16,0.130748163155748,"RPS21",5.22322542155255e-16
149.668290541864,10,0,0.148653635011301,"EEF1A1",0
225.351511187202,10,0,0.183712881895342,"RPL32",0
136.607652503754,10,0,0.187236707432485,"RPS4X",0
110.480066443799,10,0,0.264426474978288,"RPL23",0
87.3431035796908,10,1.79856129989275e-14,0.134706237782429,"RPL14",7.29059669777955e-14
115.425598259719,10,0,0.368711040356569,"RPS3A",0
85.248885565321,10,4.66293670342566e-14,0.133860491477824,"RPL21",1.81714443206459e-13
85.8770575353365,10,3.50830475781549e-14,0.440780254327581,"RPL7",1.39106581663601e-13
50.3852575563753,10,2.26708073758353e-07,0.326400776378324,"RPL22",5.40291157408357e-07
212.946773742422,10,0,0.265832536269273,"RPS8",0
20.5760494637783,10,0.0242516386750325,0.384559415189539,"HSP90AB1",0.0334150044262967
105.114134159012,10,0,0.313837990189567,"VIM",0
167.304066641918,10,0,0.174778864701762,"RPS16",0
58.4236514086914,10,7.19345016886308e-09,0.2580597197036,"NACA",1.93244164299635e-08
164.502178845333,10,0,0.257892107041492,"RPS20",0
24.5510774537084,10,0.00626459299589277,0.101086329982159,"GLTSCR2",0.0093556750662346
109.901031809063,10,0,0.237565345051182,"RPL36A",0
141.696623693477,10,0,0.191040483504332,"RPS3",0
79.1466881628711,10,7.37743199863417e-13,1.05967460071206,"JUNB",2.59639854835652e-12
174.335459398072,10,0,0.153416338539147,"RPL23A",0
107.970393672149,10,0,0.152689435762571,"RPS5",0
63.2090910660953,10,8.90777118733865e-10,0.300679041552917,"BTF3",2.55957475889351e-09
125.215268962939,10,0,0.12929803955816,"RPS17",0
126.824106133457,10,0,0.259076724758655,"RPL17-C18orf32",0
132.074175644288,10,0,0.28485014444719,"RPL10A",0
33.247430296689,10,0.000247492690673479,0.501456058222424,"HNRNPA1",0.00043635604491557
117.299338595063,10,0,0.225728301479573,"RPS25",0
42.8605643173068,10,5.26674637402191e-06,1.05318755930365,"LMO4",1.11214086223533e-05
90.565650870807,10,4.10782519111308e-15,0.230979422149633,"PFDN5",1.74294638950032e-14
NA,NA,NA,0.238912576764246,"CIRBP",NA
96.4158505700186,10,3.33066907387547e-16,0.150102643875629,"RPS15",1.48977710299455e-15
167.568409558583,10,0,0.279529514919824,"RPL31",0
95.6351522538823,10,4.44089209850063e-16,0.224036419437605,"RPS7",1.9669902563115e-15
37.9863480084053,10,3.81599395929966e-05,0.433251196595622,"ADIRF",7.43545604086714e-05
139.089890628834,10,0,0.2358485428661,"RPS10",0
3.19384686460864,10,0.9764869456584,0.0679373059273717,"NUCKS1",0.991778687536719
153.482485539658,10,0,0.211363446090855,"RPS15A",0
48.9393830508456,10,4.17875982261506e-07,0.464344210165565,"FGFR1",9.65474279627094e-07
63.9695190152418,10,6.37860209096175e-10,0.410289594790588,"CD81",1.86831312857847e-09
62.6162636543862,10,1.15526732624716e-09,0.243905836430951,"EIF1",3.28834712298563e-09
27.4199325014294,10,0.00223405071986016,0.251154694003612,"ZFP36L2",0.00345573774043105
109.160031056316,10,0,0.169712118291086,"RPS24",0
126.077599276354,10,0,0.129081059993544,"RPL7A",0
237.49181570499,10,0,0.300314537408266,"RPS18",0
10.3025261615904,10,0.414364598531108,0.216381241018294,"HMGB1",0.462215055855339
41.4903043617937,10,9.23762462856637e-06,0.821021901712695,"HIST1H4C",1.91065220107933e-05
136.980433456825,10,0,0.28205141731778,"RPL35",0
74.6290065208493,10,5.61817259381314e-12,0.746403412215725,"SNHG8",1.86178858218333e-11
190.595395148418,10,0,0.161147143223777,"RPS2",0
100.860451257949,10,0,0.82257761784453,"TMEM258",0
NA,NA,NA,0.278178362251728,"POLDIP2",NA
6.48563150037398,10,0.772947290299047,0.687336497966908,"PLXNA3",0.804857958247173
14.8342770286761,10,0.138221646059002,0.38283624256768,"MRPS12",0.169372813254485
NA,NA,NA,0.282718838047146,"RAB24",NA
NA,NA,NA,0.348164530265446,"MARVELD1",NA
NA,NA,NA,0.416751553040856,"CMKLR1",NA
14.4828965273756,10,0.152082398592225,0.465505998490614,"PTPMT1",0.184613392943503
NA,NA,NA,0.41755006234337,"RNF11",NA
0.778381475821294,10,0.99994611780018,0.145821550071592,"C6orf1",1
7.34225117421277,10,0.692787288924371,0.274701196645143,"SSNA1",0.730604945811067
NA,NA,NA,0.208391124910908,"PSMC4",NA
65.3278115194249,10,3.50816153904532e-10,1.08571890589383,"NPC2",1.04783245968854e-09
10.26600735123,10,0.417473793576388,0.360312324796196,"SAT2",0.464609166548271
78.2442459645943,10,1.10778053397098e-12,0.448670173390741,"NDUFB11",3.86871048017558e-12
26.7276048063997,10,0.00287552527194979,0.479461258430729,"DCHS1",0.00439180979790257
35.3792159774588,10,0.000107557657118562,3.91534863282551,"HAS2",0.000199310923803376
76.9102974861957,10,2.01871852567592e-12,0.485785471398609,"NDUFA4",6.86515513600651e-12
51.2479629798338,10,1.57172976855691e-07,0.367811295971196,"ACTN1",3.7955601857704e-07
NA,NA,NA,0.0499975583259948,"RAB1B",NA
22.9232403949129,10,0.0110334844043032,0.198041415947706,"HIGD2A",0.0158018987998538
15.7184984734449,10,0.107979258762113,0.342384491406979,"TMEM160",0.133758754373805
2.89418544004368,10,0.983805626035053,0.253469511434719,"ILVBL",0.995627110082283
12.1157481784475,10,0.277384616321704,0.805151628316196,"TMEM9",0.320847428815423
23.1850917156857,10,0.0100836113257938,0.831495563001772,"PMP22",0.0145332048949536
7.37221452932056,10,0.689900046552952,0.230971752197463,"RIC8A",0.728406095662884
45.1436031824432,10,2.04875714082675e-06,0.248958813907845,"COX7B",4.46108269513355e-06
27.5633940519958,10,0.00211963535077642,0.314450969400982,"YIPF3",0.00328434965615185
10.7802368885259,10,0.374894039062379,1.49764701308175,"TEN1",0.424443625272618
26.9079806504361,10,0.00269306481034304,0.604035322289412,"MRPS24",0.00412361357131784
NA,NA,NA,0.612461249271662,"FASTK",NA
20.8266967591674,10,0.0223349625652446,0.689801023172967,"FAM162A",0.0308208905915533
7.49580486728459,10,0.677954074544093,0.385841973976223,"TSR3",0.716626658540205
98.2444933402674,10,1.11022302462516e-16,4.80466996126305,"PRELP",5.22322542155255e-16
NA,NA,NA,0.23674085361849,"GORASP2",NA
NA,NA,NA,0.275170043132623,"ECH1",NA
29.4726780437623,10,0.00104429174118592,0.624764117310409,"GSTO1",0.00168123564006528
NA,NA,NA,0.137703658695963,"PRMT2",NA
NA,NA,NA,0.218451325934124,"SUB1",NA
115.708441595159,10,0,1.1725513282945,"HLA-A",0
106.044470736482,10,0,0.833426404889447,"ANXA2",0
8.76396170645692,10,0.554641520863982,0.346774658030806,"CREB3",0.600971958167656
30.7183923590305,10,0.000652950663222907,0.237158316974342,"PLP2",0.00107992568707905
89.3346107027126,10,7.21644966006352e-15,0.676938938300007,"ALDOA",3.03358161636003e-14
NA,NA,NA,1.10626022074648,"CCDC92",NA
NA,NA,NA,0.327591941228786,"IFITM1",NA
27.7480079155941,10,0.00198071775286812,0.26067708724773,"SCAND1",0.00307434481983633
21.3085760484292,10,0.0190416924409781,0.253640838851606,"RPS19BP1",0.0264370898110216
17.2393869846917,10,0.0692319584629298,0.72790671968727,"CD68",0.0883511016927641
5.05743427701639,10,0.887308450898548,0.21908651544131,"NKIRAS2",0.911398273094888
47.6474384906297,10,7.19763172285504e-07,0.638258436188474,"NRP2",1.63386240108809e-06
55.2039805054236,10,2.89273411890889e-08,1.88494887994588,"PLXNA2",7.3988805069557e-08
37.3763488450897,10,4.87061843679193e-05,0.337084166752147,"C4orf3",9.40962029916398e-05
20.0507132115482,10,0.0287766587338903,1.50748930682544,"RBCK1",0.0390571093129633
85.5891489114437,10,3.99680288865056e-14,0.62189830725927,"PKM",1.56426595814427e-13
14.1963934649439,10,0.164220506023062,1.22285114335195,"MAGOHB",0.199081734938505
7.94289382911459,10,0.634415070367089,0.111392614718285,"MAP2K2",0.674530309008568
11.2523980460375,10,0.338195020671562,1.21677036848886,"ORMDL3",0.386265507886513
NA,NA,NA,0.0444599020261243,"CDIPT",NA
9.40591254081985,10,0.494062217631519,0.153302159879803,"AGPAT1",0.539841749229145
177.015472210322,10,0,0.46177576340204,"CFL1",0
6.64258382408448,10,0.758701209761423,0.24778938633035,"PACS2",0.792751091442315
29.6212363543094,10,0.000987720225667066,0.486030226841994,"GJA1",0.0015958184428927
73.0230408903153,10,1.15242260179116e-11,0.446852996732741,"KDELR1",3.777616326449e-11
12.2389985014638,10,0.269379659763321,0.396944191570613,"ZNF593",0.31238407543435
12.1513818296483,10,0.275052862656751,0.17362078049868,"CORO1C",0.31855612154634
4.96023892080959,10,0.893818206598914,0.781506736736982,"RTN4RL2",0.917047380329733
24.2859790023378,10,0.00687644031905821,1.11414883100195,"PSME2",0.0102060139143082
13.3747543468454,10,0.20346692975235,0.678446554383968,"AKR1B1",0.240557255488456
5.52547312672567,10,0.853432637571394,0.33813173125678,"CYSTM1",0.882593206053332
17.231802953269,10,0.0693895678897872,0.413190103050895,"SNX3",0.0883670794444976
21.4565148928388,10,0.0181258238148684,0.304932468693443,"BCL7C",0.0252427116930989
8.1014384544369,10,0.618929136605216,0.940793375225632,"PODNL1",0.661161948279454
36.0082345125445,10,8.39022618853713e-05,1.00224026957611,"GALNT15",0.000156916177836656
95.8348201016293,10,3.33066907387547e-16,0.475567009492042,"PPP1R14B",1.48977710299455e-15
5.67637049453099,10,0.841680952918611,0.493754755905375,"HOXB7",0.871432503135803
38.7724577969965,10,2.78263045072613e-05,1.07417202994195,"ADGRA2",5.4926705418681e-05
41.6021149657865,10,8.824920366024e-06,1.18170499802163,"NUCB2",1.82945837724881e-05
72.1414764234738,10,1.70825575906974e-11,0.577923273956735,"ANXA5",5.53962939012617e-11
77.454653521319,10,1.58051349785637e-12,0.394074824954599,"ATP5J2",5.41549530586259e-12
62.5640247065311,10,1.18202136967227e-09,0.351794099290376,"CAPNS1",3.35398563644507e-09
83.1604619885464,10,1.20237153566904e-13,0.499178190949274,"ATP5G3",4.49281215797322e-13
2.85361445409601,10,0.984662053803844,0.305834054992507,"MBOAT7",0.995627110082283
0.0613071280158508,10,0.999999999780146,0.0468439606053781,"WDR45",1
NA,NA,NA,0.181533377838463,"SLC35A4",NA
18.3739597373079,10,0.0489737174011414,2.95267437898747,"CSF1",0.0634352858776554
NA,NA,NA,0.546017778564644,"TES",NA
3.23598700676131,10,0.975312294745942,0.241187361413214,"C11orf98",0.991694920077621
NA,NA,NA,0.151981028867132,"MRPS11",NA
NA,NA,NA,0.342586539097869,"PDIA6",NA
14.0330628927267,10,0.171488842341018,0.263754670977514,"NDUFS7",0.207063655379847
14.0633883295674,10,0.170119857179351,2.31450675022855,"CMBL",0.205958440425134
11.7080403707857,10,0.30507139456951,1.01757936758731,"POP7",0.351528967346593
9.53861152793463,10,0.48186015206142,0.323342857844366,"POLE4",0.529055644584969
7.96517385731772,10,0.632238828390672,0.485731978010279,"PREB",0.673004520725357
10.3534549816014,10,0.410049706789158,0.427906637921037,"MPC2",0.458589570833141
2.75597188781419,10,0.986597978588563,0.20484662703644,"MIEN1",0.996474932767981
1.17507507786858,10,0.999641163369471,0.176323426300897,"CA12",1
86.6479314151798,10,2.46469511466785e-14,3.6930897365233,"PDGFD",9.90240338105489e-14
1.53876500272632,10,0.998809460434138,0.191957040689851,"COX14",1
21.4092208262362,10,0.0184140159237889,0.460399474028756,"MINOS1",0.0256047878388979
13.443762677582,10,0.199907524346885,0.213540579744195,"NTMT1",0.236657147466716
29.2340946701335,10,0.00114179888162291,0.720814871102903,"MAPK6",0.00182848921430971
42.1013238312934,10,7.19368768842266e-06,3.60835536388216,"FAM20A",1.50503880670225e-05
201.817288761699,10,0,0.861358345491502,"GAPDH",0
28.2798106115833,10,0.00162804834824126,0.352196793590105,"GADD45GIP1",0.00255504236488858
88.6821521111155,10,9.76996261670138e-15,0.63309011339779,"FIS1",4.06932387888296e-14
NA,NA,NA,0.793937547232727,"ASNA1",NA
10.2623063501803,10,0.417789597674327,0.307163276977908,"MAPKAPK2",0.464609166548271
NA,NA,NA,1.01911669369085,"PCNXL3",NA
36.0128695597651,10,8.37485101249369e-05,0.324382914678374,"KLF7",0.000156916177836656
10.698762168147,10,0.381463699575166,0.260113388939026,"MEA1",0.430807262704292
11.1119276067243,10,0.348864591938715,0.521828229092268,"TMEM98",0.397451755935198
12.6104700477575,10,0.246273357627104,0.44343967510126,"DCTN1",0.287055466913235
7.06282587547435,10,0.719500794760376,1.21868065882999,"APOL1",0.756755500109723
NA,NA,NA,0.30988708922428,"SMPD1",NA
35.1604472193477,10,0.00011723191464319,0.504802523091031,"MRPL55",0.000216354834341497
23.9214585719116,10,0.00781161457883661,0.555696252357472,"RPN1",0.0114772589604913
5.14682207450636,10,0.88115669827509,0.461433766383569,"FRZB",0.906104509664532
57.0257985904773,10,1.31814188453205e-08,1.04595919103791,"CLIP1",3.4294350462897e-08
9.65647546002714,10,0.471130866693207,0.307413998187404,"TMEM263",0.518529487221129
13.6302842115948,10,0.190533074733125,0.517039945230172,"CYC1",0.227337755397736
20.9242565439373,10,0.0216279651012417,0.278878322049868,"DGCR6L",0.029936268768182
6.49841148822301,10,0.771796584714582,0.551966485442206,"R3HDM4",0.804582432744938
47.9448030815427,10,6.35239693957956e-07,0.190541155453576,"LSM7",1.44924030681865e-06
NA,NA,NA,0.657118201873721,"CARM1",NA
37.4993928774129,10,4.63702797648402e-05,2.74296719284562,"KCTD12",8.97744435532514e-05
NA,NA,NA,0.200129171666575,"SLC25A5",NA
11.5729515324478,10,0.314653058416005,1.58886594420796,"CHMP1A",0.360738607375925
NA,NA,NA,0.160861420142893,"ABHD17A",NA
81.7053162692436,10,2.32369679054045e-13,0.635060749396635,"COX7A1",8.43966674324292e-13
65.3903192612879,10,3.41282335725168e-10,0.493073335094084,"TIAM2",1.02272066283318e-09
19.6496397379898,10,0.0327461870048512,0.343712459762918,"AURKAIP1",0.04398452337338
NA,NA,NA,1.06401102002326,"SLC31A1",NA
34.9635801772808,10,0.000126664741033067,0.574880950307282,"ARFGAP3",0.000232346636076817
6.39164936525729,10,0.781355716171743,0.245689229649847,"NME3",0.812681546717002
31.3004750780762,10,0.000523291295170591,0.469877120547747,"MRPL41",0.000876214061520365
33.884913712696,10,0.000193173518424516,0.413769120867339,"UFC1",0.000346643388793401
15.8073319249567,10,0.105282175910834,0.496320751582882,"NDUFA2",0.130953720174023
43.4131521116445,10,4.19451476818544e-06,0.439642334739236,"FSCN1",8.87790072147408e-06
81.9402371130934,10,2.08943973234454e-13,0.609125086792472,"DLG1",7.68101731566335e-13
10.0381238758423,10,0.437154936853835,0.847953841002455,"PCED1A",0.483700669252496
30.4256293610493,10,0.000729515239563328,0.548957712947577,"BLOC1S1",0.00119566757675722
0,10,1,1.49532653195584,"COL8A2",1
13.603568293958,10,0.191853906550934,0.956357850219941,"LZTS1",0.228313692199539
27.8975742829389,10,0.00187467464203628,0.259752680245369,"LSP1",0.00291973340474947
NA,NA,NA,0.227030824578145,"KIF1C",NA
NA,NA,NA,0.556541133968068,"CMTM3",NA
NA,NA,NA,0.6318003447215,"WDR46",NA
NA,NA,NA,0.400873721347828,"EFHD2",NA
116.051919573988,10,0,1.05272847672908,"MGP",0
NA,NA,NA,1.0193466090993,"XPOT",NA
NA,NA,NA,0.233994781080088,"PKIG",NA
19.3033821948589,10,0.0365742357721348,1.42550311503361,"BCL3",0.0481994282744534
32.0217406482657,10,0.000397110836537817,0.201320173185824,"ARHGDIA",0.00067905205193284
19.9389188604452,10,0.0298357350081325,0.642758980253086,"ZNF428",0.0404341005781856
27.3295787222966,10,0.00230915266121878,0.327459899907635,"LOXL2",0.00356583438160996
54.6310720549379,10,3.70081323364246e-08,0.350740336918393,"UQCR10",9.38642015683619e-08
3.86260788841063,10,0.953332177963851,0.685449444586887,"RAB7B",0.970432306716566
181.957590461916,10,0,0.631077187933569,"RABAC1",0
35.8444375049794,10,8.95174400610266e-05,0.985591264263859,"DPM3",0.000166903153132263
29.9927055346056,10,0.000858997784011328,0.573275109222586,"CSTB",0.00139529514826885
NA,NA,NA,0.787179727630478,"TMUB1",NA
7.66741398892301,10,0.661286878973123,0.701642593726501,"PSMB9",0.700640007126716
12.7967029659767,10,0.235261570234141,0.674106294872849,"AP1S1",0.275635491319484
331.508533503279,10,0,0.555321250829963,"MYL6",0
NA,NA,NA,1.49467798853771,"LIMK1",NA
NA,NA,NA,1.06760801801697,"GBP2",NA
8.97333713004824,10,0.534635844516916,0.58607651163672,"AMPD2",0.58207355733976
NA,NA,NA,0.156185778574794,"BEST1",NA
NA,NA,NA,0.145269593802859,"CUEDC2",NA
9.13999545669301,10,0.518871120882182,0.400291892155388,"ILF2",0.566268002116612
176.521863249541,10,0,0.861845077017786,"TUBA1B",0
NA,NA,NA,1.06953870400143,"SAC3D1",NA
NA,NA,NA,0.530910629613689,"GDI2",NA
NA,NA,NA,0.45417479934884,"DCTD",NA
77.3294804486803,10,1.67199587508549e-12,0.412007756446893,"FAM127A",5.70741449089331e-12
12.4588932324546,10,0.255517279667091,0.554462247427397,"RPN2",0.297067464708986
192.150071569041,10,0,0.696620354778219,"ATP5E",0
NA,NA,NA,0.189903237625827,"CDC42EP1",NA
NA,NA,NA,0.257645707455829,"PUF60",NA
28.5557069887876,10,0.00146989547783649,0.678138535872174,"INPPL1",0.00232115668500093
9.4608092809117,10,0.488999068654646,0.340710900697047,"MYL6B",0.535598497392544
NA,NA,NA,0.441133402880679,"PKN1",NA
10.3627338280068,10,0.409266240046236,1.20131256952217,"LTBP2",0.458589570833141
43.9141253160243,10,3.41064856268503e-06,2.29843659372507,"COL15A1",7.32120306127188e-06
NA,NA,NA,0.309381977876854,"NOP10",NA
NA,NA,NA,1.44045950005154,"RAB11FIP5",NA
NA,NA,NA,0.832686193609208,"OXLD1",NA
6.87191257093174,10,0.737479340192923,0.614732929799212,"DNM3OS",0.773246236599508
13.5754176559448,10,0.193253556480326,1.14589763233901,"LRRC75A",0.22967831058133
NA,NA,NA,0.95249200066494,"XXYLT1",NA
NA,NA,NA,0.606247410743493,"GCN1",NA
NA,NA,NA,0.712159758133003,"FAAP100",NA
160.258013411485,10,0,4.59668621534558,"PTGDS",0
NA,NA,NA,0.0458946318416596,"CCL27",NA
NA,NA,NA,0.709187601784795,"CAPG",NA
NA,NA,NA,0.0878536847137494,"MYC",NA
23.4849899617291,10,0.00909124738922862,0.670722227934231,"MDFI",0.0132501647342208
14.7739965022396,10,0.140521355615134,0.711242724529481,"B4GALT7",0.1719384308272
33.0382906860372,10,0.000268379173105404,0.204752125734529,"PSMD8",0.000470700265277308
9.9439246813615,10,0.445426695035336,0.197006376517081,"IMP4",0.492028514710565
34.9160578288401,10,0.000129051122798152,0.36243759991063,"APRT",0.00023624681350952
NA,NA,NA,0.418368918891715,"PTGES2",NA
NA,NA,NA,0.388227297141624,"SLC35E1",NA
13.6222714897388,10,0.190928458826573,1.6901339974381,"ANO1",0.22751055198757
103.47827165158,10,0,0.506272726100555,"SEC61B",0
51.7008511200982,10,1.29622714784006e-07,0.68399186049247,"TTC3",3.14698997390046e-07
NA,NA,NA,0.281973847305076,"POLR2G",NA
36.4701104116114,10,6.98671803275319e-05,0.284094197743139,"TIMM13",0.000132441335568683
50.5701149755217,10,2.09612187496155e-07,0.378721887471345,"TMED2",5.02184343658335e-07
15.9687771457491,10,0.100529685560166,0.291230828244763,"MMP14",0.125213929339686
NA,NA,NA,0.180022459386471,"UBA1",NA
5.38150478705501,10,0.864280981614733,1.92260364607846,"APLNR",0.89279537122432
NA,NA,NA,1.45414062694312,"DGKZ",NA
36.0204570200074,10,8.34974196696203e-05,1.06397458625638,"ELN",0.000156916177836656
37.3311918387388,10,4.95921953853617e-05,0.283790344613585,"PRELID1",9.5401935190484e-05
NA,NA,NA,1.30600085351183,"SIRT2",NA
33.0368656803328,10,0.000268527243847627,3.38408265890455,"IL32",0.000470700265277308
13.891291263605,10,0.178008151303874,1.04389446560503,"CHRD",0.214081326336315
NA,NA,NA,0.916477376244645,"BAX",NA
10.215800744297,10,0.421768837281179,0.332162769114925,"PLEKHO1",0.467602080892931
31.7803070393885,10,0.000435621371209671,0.979601070114589,"TSPAN4",0.000742109202736175
168.641441240109,10,0,0.555166912150379,"TCEB2",0
15.5336303103438,10,0.11378381825084,0.750497790140258,"ATP8B2",0.139994182888568
32.4211349790081,10,0.000340588436824385,0.588048541786382,"ATP6V0E1",0.000587935932769091
11.955719255892,10,0.288030982591195,0.554980617191747,"SPOP",0.332738081670236
4.93849357900601,10,0.895248620026751,0.525396660128699,"DUSP23",0.917094829286357
16.9109488255308,10,0.0763578263977149,0.781409036541122,"CCND2",0.0968336681133033
15.7958006436664,10,0.105628953068064,0.447360245169075,"SLC3A2",0.131205320637212
32.4684155363594,10,0.000334442153095749,1.38436512741914,"TMEM205",0.000578425666687504
1.60256893100306,10,0.998578814538861,0.24652666861163,"COMMD7",1
NA,NA,NA,0.656747572346976,"UBTD1",NA
6.68241764739593,10,0.755047837711405,0.631433992667493,"SPNS1",0.789842668942346
13.5679030098727,10,0.193628555957425,1.63039967665074,"MRGPRF",0.229823174914172
NA,NA,NA,0.151502186776055,"PIGP",NA
24.7402442402048,10,0.00586022398942421,0.271829967674157,"DDT",0.00879517914445815
NA,NA,NA,0.611886667141409,"CPNE1",NA
NA,NA,NA,0.627162334228531,"TSPAN9",NA
144.23878950299,10,0,0.634880364666031,"NDUFA13",0
52.0416996895228,10,1.12101008697962e-07,0.28118096368383,"PTPN14",2.74360420209568e-07
7.27665197050415,10,0.699094590867495,0.378765821739374,"MXD4",0.736401262769936
NA,NA,NA,0.329273623947895,"PPP2R1A",NA
45.3169704658159,10,1.90626780638414e-06,1.22754419787461,"ACAN",4.16079607739616e-06
5.80244764495907,10,0.831578582982681,0.843885328495667,"STARD10",0.862940975255171
12.9534289178692,10,0.226287329749776,0.319561110880396,"TCEAL8",0.265807109201548
NA,NA,NA,0.436640670697596,"NUDT22",NA
NA,NA,NA,0.423969899255379,"TACSTD2",NA
52.5065866397282,10,9.1933917811815e-08,0.856567170657001,"CD248",2.27964271399266e-07
57.7227515287615,10,9.74852021329298e-09,0.2796219098204,"GOLGA2",2.57315591676454e-08
6.60854598085614,10,0.761811261692529,1.79581368652962,"HSD3B7",0.795085776571053
36.0056481995205,10,8.39881744808535e-05,0.352098854490291,"TAX1BP3",0.000156916177836656
8.99458885888271,10,0.532617191358181,1.00042451534292,"GLRX",0.580571920472063
10.7889835999572,10,0.374192821132837,0.345387287824699,"FAM96B",0.424178628699896
34.3930125360665,10,0.000158413897924037,2.8368415904747,"CYP1B1",0.000285963855497068
8.44499495812954,10,0.585455404790853,0.8301238243718,"LTBR",0.631346208491799
NA,NA,NA,0.485829680843016,"SERPINB6",NA
5.18392102944544,10,0.878557983105351,0.785631583038298,"MFSD12",0.904456517754715
28.6429253292493,10,0.00142307630063399,0.727950912461134,"FKBP1A",0.00225113812016665
NA,NA,NA,0.672098092102373,"NCLN",NA
NA,NA,NA,2.00819224996264,"NTM",NA
21.8719309467262,10,0.0157704915740943,0.584958651469197,"FAM173A",0.0223046827870368
7.05666809391077,10,0.720084528738767,0.144935365192028,"TMEM141",0.756755500109723
44.9059305149217,10,2.2613706167629e-06,0.415998045384186,"RNF181",4.90053584730481e-06
95.9097660367194,10,3.33066907387547e-16,1.64235973251093,"FBLN2",1.48977710299455e-15
29.1317341043696,10,0.00118629486847266,0.675524659906839,"CTD-3214H19.16",0.00188974691328627
23.9743266986889,10,0.00766882768214261,2.58678784531424,"ARHGAP22",0.0113040511938076
10.3412890523316,10,0.411078198914575,0.297458935415476,"MRPL3",0.459113166807422
NA,NA,NA,0.498280356803618,"YIPF5",NA
10.9057586703537,10,0.364907304676327,0.685906239566836,"APOBEC3C",0.414169790807631
16.323435477844,10,0.090740475810634,0.287470667548999,"PSMB3",0.113644623498008
13.7758687083989,10,0.183462586149099,0.983526348644928,"C1orf54",0.220058161457572
NA,NA,NA,0.789446714706347,"FAM57A",NA
NA,NA,NA,0.335882455431276,"NUDT2",NA
57.9404225725885,10,8.87093676293915e-09,0.41257811533885,"AP2M1",2.35520777214876e-08
37.3570095085006,10,4.90837114436316e-05,0.959604250907565,"MYO18A",9.46242250335827e-05
10.7606892941778,10,0.376464015509176,0.286459786322314,"TOMM5",0.425690318907013
14.7695016717724,10,0.14069411245001,0.258045551072181,"C1orf216",0.1719384308272
30.5373719679206,10,0.000699311623479471,0.54800377822669,"ELOVL1",0.0011503169458684
NA,NA,NA,0.377364764115138,"MMP24-AS1",NA
20.4530660537391,10,0.0252472210326227,0.289230430716419,"CCDC85B",0.0346815078632699
55.8934764824415,10,2.14941147103076e-08,1.18202642670867,"COX5A",5.54450459004526e-08
7.6032047986721,10,0.667532147090851,0.806063040367267,"GTF2H5",0.706432621863045
19.7652117869224,10,0.0315532516931619,0.374539574841867,"RALA",0.0425711033245038
30.75187076314,10,0.000644711226879258,1.09318282663277,"CTSD",0.00106824414964665
NA,NA,NA,0.40770144622257,"FAM210B",NA
52.0720280053973,10,1.10660892005399e-07,0.56104733899421,"YKT6",2.71567810651086e-07
12.6545921445452,10,0.243630112413926,0.965672579229647,"RP11-492E3.51",0.284705459551924
106.561262163661,10,0,0.618555821172327,"SEPW1",0
57.3612304747016,10,1.14007203677602e-08,1.40551978518538,"PTPRD",2.99186534506539e-08
9.68672595650859,10,0.468394320858872,0.635818953486467,"USP11",0.516770405030202
NA,NA,NA,0.60664931050522,"IFNGR2",NA
NA,NA,NA,0.913213550585035,"SLC52A2",NA
134.194963473456,10,0,2.43068971890478,"CFH",0
31.2829330329905,10,0.000526803092206096,0.577868643817536,"PRKAR2A",0.000879296337726352
18.4711588511466,10,0.0475172368813075,0.649756854828236,"SNRPC",0.0616366444117531
11.9360166815243,10,0.28936149926548,0.382616248824122,"CHID1",0.333850370181774
18.9489815750747,10,0.0409154993148612,3.83967698265019,"MSC",0.0536868112397311
26.5283195226684,10,0.00309098250856221,0.926763198927993,"DNLZ",0.00470119282709295
32.3350714979163,10,0.000352061146421723,1.31433145940243,"REXO2",0.000605438486649478
12.9381992885682,10,0.227147724628562,1.04424184104835,"IFI35",0.266473041295522
30.0468739809371,10,0.000841647438364679,0.280955713700701,"RAB31",0.00136956249827084
122.856291269455,10,0,0.441954253015984,"PRDX5",0
5.26874342154432,10,0.872517887290774,0.172424558266431,"UFD1L",0.899257936049969
NA,NA,NA,1.3132366321193,"ICAM3",NA
10.4894895227303,10,0.398647142695591,0.908088646183947,"SNHG18",0.449096284823321
17.3384819811558,10,0.067201802307759,0.738352951203652,"PSENEN",0.0861853622817022
61.3074960784566,10,2.04852546037415e-09,0.511433818145457,"SEC31A",5.72326497852224e-09
NA,NA,NA,0.177029022378488,"EPN1",NA
89.1300598824552,10,7.99360577730113e-15,0.35583510975014,"SH3BGRL3",3.34478988285227e-14
NA,NA,NA,1.03941825372931,"SAE1",NA
13.9384827554339,10,0.175816139498225,1.25041132093074,"HSPA12B",0.21172553669017
43.7703271229841,10,3.61948481109042e-06,0.55053822776409,"NAA38",7.75116086903326e-06
NA,NA,NA,0.631459541428299,"CLEC2A",NA
49.5792060197767,10,3.18925547082571e-07,0.768156321190622,"SEC23A",7.48280094963759e-07
31.2969685353042,10,0.000523991448684535,1.32573122172163,"TENM4",0.000876214061520365
11.2384370687222,10,0.339245882244411,2.48348611389936,"CILP",0.386978971203423
17.9138004304243,10,0.0564352310060715,2.95175564780034,"CCL2",0.0728921618115404
19.3497670136841,10,0.0360385319209366,0.281466177749643,"LAMTOR1",0.0477732075878965
NA,NA,NA,0.33320844260434,"TP53TG1",NA
4.92877989286561,10,0.89588448631828,0.369441326480782,"SEPN1",0.917094829286357
102.566871354361,10,0,1.29566607907546,"BRE",0
8.11729557857535,10,0.617380733330042,0.337081373517119,"SIGMAR1",0.661063332386413
6.76904517332872,10,0.747053767421369,0.786343598986936,"DEF8",0.78238156957163
88.3809796734771,10,1.12132525487141e-14,3.3326005508411,"CXCL12",4.6280151428329e-14
NA,NA,NA,0.640062674332296,"CCDC8",NA
17.0886715203238,10,0.0724247877269499,0.746200916048878,"MRPL27",0.0921032314510792
20.4081437971566,10,0.0256202811187305,0.767857221828237,"GSTK1",0.0351408085435155
NA,NA,NA,0.38771558657181,"NFE2L1",NA
20.1053224773094,10,0.0282721059245838,0.500582431954323,"PDIA4",0.0384297487717397
20.1841896157361,10,0.0275579158082245,0.323799271354159,"CAP1",0.0375151237689174
12.5963582564702,10,0.247123275915724,1.10062082103927,"ABHD14A",0.287676839142919
NA,NA,NA,1.02856463091247,"PLGRKT",NA
48.1596135866297,10,5.80375776881858e-07,0.703113879773486,"SERP1",1.32740857785574e-06
8.03921078681225,10,0.625006753109363,0.271364961750441,"FAAP20",0.666869720121388
NA,NA,NA,0.621009874989213,"PPP4C",NA
NA,NA,NA,0.213871350527442,"NRN1",NA
NA,NA,NA,1.00904790659766,"ITGB5",NA
4.34267354269865,10,0.930567241513058,0.410009583102826,"PDZD11",0.950455630251808
13.7412802830344,10,0.185123041986631,0.602750172305606,"CLTB",0.221756889345464
NA,NA,NA,0.642933832163664,"TADA3",NA
NA,NA,NA,0.31277084436959,"MZT2A",NA
35.1200663286444,10,0.000119108761755582,2.59659075620745,"PTGIS",0.000219372729562005
NA,NA,NA,1.83695747475121,"FGGY",NA
28.1244636656458,10,0.00172423330060312,1.37340059240647,"HSPB6",0.00269004095695469
68.6212282560401,10,8.17834688859875e-11,0.58244118772531,"C19orf70",2.55186906352154e-10
19.6756011012563,10,0.0324746374919243,0.381030701392947,"PPP1CA",0.0436844012483959
NA,NA,NA,0.480329540496884,"TMEM54",NA
89.3535330201035,10,7.21644966006352e-15,0.449005476512808,"SSR2",3.03358161636003e-14
NA,NA,NA,0.440714319578277,"SPHK1",NA
62.0176395002384,10,1.50159562561925e-09,0.672618253811589,"LY6E",4.22120380205039e-09
46.6925953842477,10,1.0739288639483e-06,0.474385261544164,"TMEM120B",2.3900181580026e-06
68.7960622908074,10,7.56806839419255e-11,1.04929530921232,"PRSS23",2.36958831100925e-10
268.804259376928,10,0,1.78181326165094,"DCN",0
19.9306730988946,10,0.0299152649902596,0.473172017384735,"C17orf89",0.0404814614175198
8.92841885848588,10,0.538910136498097,1.08142614016123,"GSDMD",0.586024435856614
18.2580361694113,10,0.0507638319777086,1.05926666931891,"NFATC2",0.0656603410765804
11.6018245132277,10,0.312588138676548,0.757019190162993,"PRKCSH",0.359097417026148
40.5344435675082,10,1.36391627361121e-05,1.12607843900657,"CENPP",2.79556653823697e-05
NA,NA,NA,0.765077061433542,"FBXW5",NA
8.19409499952479,10,0.609884423079657,0.562829123267369,"DDRGK1",0.65458044462923
16.634502146438,10,0.0828529670132125,0.560694105857065,"CTC-479C5.12",0.104341878013865
81.6345597161896,10,2.39919195621496e-13,0.435437896161079,"ANAPC11",8.67914859061030e-13
NA,NA,NA,0.451926563976253,"MAN1B1",NA
52.0028140183015,10,1.13974710336251e-07,0.923059760592142,"NDUFA6",2.78196335982032e-07
93.5522253998121,10,1.11022302462516e-15,0.831411297799578,"GPX1",4.82336127444805e-15
40.3127884238037,10,1.4924808604766e-05,0.767017186076215,"MICAL2",3.05219058854223e-05
5.82674173359176,10,0.829603464739716,0.433301904300629,"TAPBP",0.861876368402359
53.8469663611497,10,5.18132434734753e-08,0.574533477317537,"TMED9",1.29962500204187e-07
6.87217922222506,10,0.73745441256959,0.132453683683345,"MRPL36",0.773246236599508
19.7894864194027,10,0.0313078555080147,1.83529633765249,"FUCA2",0.0423028761923771
NA,NA,NA,0.454897949732936,"TP53I13",NA
20.5659704966143,10,0.0243318322110166,1.21513921333634,"IFI16",0.0334747024963684
68.9295672104402,10,7.13279435515801e-11,0.513586081387008,"SEC61G",2.2488115536401e-10
68.1380433908074,10,1.01319175271897e-10,0.370477286223661,"ARPC2",3.13985703572977e-10
31.9222971891581,10,0.000412552141531908,0.706818923102903,"NCS1",0.000704130346825136
NA,NA,NA,1.77957080438654,"GMPPB",NA
NA,NA,NA,0.629525576672888,"TMEM45A",NA
15.6505516240851,10,0.110082290889279,0.954638758870712,"FAM109B",0.13617809281671
17.5062100468606,10,0.0638867742832204,0.786553000251552,"G6PC3",0.0821659929874846
22.54630975963,10,0.0125509512976381,0.505484483489611,"ARF5",0.0178905239847023
17.7157623616981,10,0.059951837143474,0.84877491206277,"MGAT1",0.0773242444975488
42.8285942923551,10,5.33647098799328e-06,0.49512091480586,"ATP5G1",1.12424957241251e-05
NA,NA,NA,0.479776365312519,"PPP1R9B",NA
16.4302024534007,10,0.0879618934458015,1.03839048087997,"SH3GLB1",0.110469431879375
21.6282258611273,10,0.0171147273509793,1.30947880721868,"SHISA4",0.024055994480943
NA,NA,NA,1.20315380532913,"PALM",NA
NA,NA,NA,0.730026148010514,"COLGALT1",NA
46.5463320619691,10,1.14166510389868e-06,0.791822509020539,"IGF2",2.52837052278049e-06
NA,NA,NA,0.100078140013283,"CLDN4",NA
54.0698696640701,10,4.70900870519486e-08,0.300393202692597,"EIF5A",1.18442656629278e-07
36.3965158232015,10,7.19378009321758e-05,0.778087975070615,"TGFB1I1",0.000136082340096699
2.96835862441144,10,0.982158902698957,0.338911168341725,"ORAI2",0.995312816574389
34.7088476299395,10,0.00013998245240765,0.815719749666051,"WIPI1",0.000254208133572292
28.1899239722927,10,0.00168304945574793,1.3178779860393,"CLEC2B",0.00263030792739952
13.721638384175,10,0.18607133091068,0.823370418174918,"SNRNP25",0.222599167940576
193.962439641386,10,0,0.520114841327953,"UQCR11",0
19.4471516544624,10,0.0349372734366922,0.604621254681495,"DDB2",0.0465147276840418
NA,NA,NA,2.08278573882199,"GALNT5",NA
NA,NA,NA,0.342059785314072,"NAGLU",NA
11.5984912471439,10,0.312826053819034,0.920164290398741,"UBXN6",0.359097417026148
14.930757259383,10,0.134606789182015,0.996529353402982,"SCP2",0.165389667898876
21.7366543388198,10,0.0165038527258117,1.05352556589371,"IKBIP",0.0232694072593742
36.7061111339814,10,6.36146536944215e-05,2.93932173005208,"MAN1C1",0.000121094560910974
NA,NA,NA,0.942887732100848,"COPS7A",NA
40.9963631838852,10,1.13009103330786e-05,0.4928705090832,"WBP5",2.32680874885155e-05
16.2291742196737,10,0.0932572749012549,0.497751411038591,"VAT1",0.116635820399917
NA,NA,NA,0.504860122626672,"PEA15",NA
32.604089852313,10,0.000317401150427776,0.703757299617583,"TXN2",0.000550000466771796
NA,NA,NA,0.757262584434713,"ECM2",NA
22.4218078243124,10,0.0130941882191679,0.656580681154365,"TBC1D1",0.0186356158354301
8.86584432753444,10,0.54488111435968,0.714082930823013,"NDUFB3",0.591808674448073
162.354607712091,10,0,2.27958804166287,"APOE",0
13.3479863316457,10,0.204860967338419,0.934491080190313,"FAM129A",0.241890452982164
58.8272939908874,10,6.03689165323829e-09,0.573799036758797,"SLC39A7",1.63139810152987e-08
NA,NA,NA,0.78222638677818,"KIAA2013",NA
21.5291206224094,10,0.0176916280380361,1.16380632737792,"TNC",0.0247519233567594
29.2146756700706,10,0.00115011371279028,0.555475960841505,"CLPP",0.00183856206199573
NA,NA,NA,0.456109957065143,"HMOX2",NA
NA,NA,NA,1.26188340731253,"MAST2",NA
NA,NA,NA,0.258376798503568,"GPC1",NA
18.6198604989433,10,0.0453652922826697,0.553954047605232,"PRADC1",0.0591834560239427
33.5146759282948,10,0.000223107392003152,0.368490393473107,"KLHL22",0.000397218650860514
8.39945639483255,10,0.589879866503288,0.520151880484756,"ARAP1",0.634610093347139
68.5055153721051,10,8.60895799092987e-11,0.424945817401001,"GUK1",2.67703214238504e-10
34.9946560974827,10,0.000125127713136552,1.66705591820546,"IGDCC4",0.000229991829004028
19.4795017997998,10,0.0345783704665512,0.782343652484536,"CHD3",0.0461468469973177
46.7875276645464,10,1.03211097368661e-06,0.903264870860286,"NDUFA3",2.30259647200845e-06
8.5037953242708,10,0.57975036481375,0.769153528500595,"PSMB8",0.625937373663359
4.49972876102633,10,0.922001156136631,0.441511489556081,"KLHDC3",0.94276694794151
59.5201267519285,10,4.46657455466237e-09,0.376804653376395,"MIF",1.22158123362453e-08
50.5486665561777,10,2.11528254356885e-07,0.406547718728988,"GOLGA3",5.05441197252768e-07
8.71791427012212,10,0.559067444184828,0.892819713021591,"ST6GALNAC6",0.605045577258431
NA,NA,NA,0.858214210478646,"THOC6",NA
23.6222750731698,10,0.00866865448094278,0.236411936952031,"MRPL14",0.0126749408513624
23.671032774894,10,0.00852312213457884,0.605377139184693,"GTF3C1",0.0124822498358026
25.4295634670577,10,0.00458808911521535,0.41548901148231,"GNG5",0.00694330819435924
14.7058557780875,10,0.143159480227632,0.24838581173702,"BAD",0.174481621539181
34.5695529769804,10,0.000147836411269586,0.66211545862497,"DPYSL3",0.000267935052760049
23.2863683022051,10,0.00973749902613685,0.334766196589331,"TIMM8B",0.0140790591014845
23.6968713852466,10,0.00844694563419535,0.792966889768542,"MYO1C",0.0123906730789166
19.1548901062381,10,0.0383388794804884,0.518344360535846,"CRELD2",0.0503787302001208
120.55776076723,10,0,0.630686700181056,"CALR",0
NA,NA,NA,0.395889390453217,"C11orf68",NA
145.234632334016,10,0,1.02123251174821,"B2M",0
8.52714992414339,10,0.577487105489519,0.314134961384156,"C19orf24",0.624236061648194
NA,NA,NA,0.769851170120866,"FAM102A",NA
12.986440847546,10,0.224430912677209,0.21158221378809,"NUTF2",0.263967964651432
16.1802940862072,10,0.0945862829345938,1.63962761804906,"UROS",0.118135274971955
33.3283277287615,10,0.000239847935409765,0.631841876558985,"CALM3",0.000424526170276933
105.230471760758,10,0,1.20481332864625,"PRICKLE1",0
14.9105891441972,10,0.135355777443573,0.582428572994567,"TXNDC15",0.16608519718752
32.1841508375305,10,0.000373098694299578,1.60474247965092,"EFEMP1",0.00064040380798491
33.8043175939339,10,0.000199334686679986,0.541354807543222,"CCDC124",0.000356993876736543
129.141973931216,10,0,0.581934903692016,"NDUFB2",0
21.7398496826536,10,0.0164861657564485,1.1349903564775,"GRINA",0.0232694072593742
NA,NA,NA,0.781975497603565,"FAM177A1",NA
NA,NA,NA,0.705964677964696,"GIPC1",NA
NA,NA,NA,1.15689890414584,"ZNF106",NA
23.4787625860197,10,0.00911087423256518,1.52769010914185,"SLC12A4",0.0132574900691814
22.9140857950668,10,0.0110681829249668,0.336752511824286,"SRPX2",0.015826630072236
8.85001489996833,10,0.546394528171722,0.328991256491721,"ECHS1",0.592743406905524
39.2828293687277,10,2.26502171611909e-05,1.18486619788115,"ANXA1",4.53004343223817e-05
10.3528084282107,10,0.410104329863998,0.307980209283528,"FAM234A",0.458589570833141
18.7357312872452,10,0.0437505602464319,0.798107135778619,"TWF2",0.0571590053291513
NA,NA,NA,1.17286523977663,"ITGA5",NA
30.0841878338841,10,0.000829894659054031,2.30297699945385,"RARRES3",0.00135286238854768
30.6565815564254,10,0.000668433641022093,2.97077054988787,"AKR1C3",0.00110352317463284
63.6300265692919,10,7.40472017035643e-10,0.597737177815745,"TMEM208",2.13443997291544e-09
24.925824269337,10,0.00548789072442246,0.538930973072257,"BUD31",0.00825000791022449
NA,NA,NA,0.311767702470444,"CCDC167",NA
13.0896775564473,10,0.218700989440728,0.542625758509269,"SCARF2",0.25756225474991
11.6460275587706,10,0.309444745769616,2.20881237362888,"RNPEPL1",0.356116386766554
NA,NA,NA,0.546265094307875,"OLFM2",NA
NA,NA,NA,0.565958287261933,"SPINT2",NA
58.5038183113265,10,6.94743440554646e-09,0.478173000196925,"BRI3",1.87189033834902e-08
26.9283108496801,10,0.0026732147981785,0.430111442875122,"RP11-196G11.1",0.00410013350801703
27.0723231982453,10,0.00253659487977775,1.50217737664492,"KCNK6",0.00390377652684441
20.8577349515656,10,0.0221077237144333,0.325613138368727,"LRPAP1",0.0305537490604344
11.0707867261522,10,0.352029733348723,0.990892165586023,"FBLIM1",0.400555135188773
2.30330234642996,10,0.993442750571654,0.34233212721681,"ARSA",1
19.2584009884739,10,0.0371007239906282,0.559171806375265,"RNASEH2C",0.0488224020050586
91.8224601360281,10,2.33146835171283e-15,0.519660748941629,"TXNL4A",1.00808250635964e-14
24.2819484633225,10,0.00688616968456279,0.27553216472872,"GTF3C6",0.0102060139143082
NA,NA,NA,0.348100455033281,"AKT1S1",NA
NA,NA,NA,0.758137386220928,"SH3GL1",NA
30.2085524198419,10,0.000791865996953356,0.468406137462073,"AP3D1",0.00129319123243462
9.52027642571593,10,0.483538568267081,0.720272264565483,"QSOX1",0.530257270515108
NA,NA,NA,0.68462637188789,"TXLNA",NA
105.768146273572,10,0,3.35272955447535,"GPC6",0
NA,NA,NA,0.61976056157185,"LTBP3",NA
21.5574098802087,10,0.0175251154220359,1.28553687008645,"FAM229B",0.0245567975358158
9.67995617716922,10,0.469006112281037,0.182018188543769,"C12orf75",0.516817414989298
76.6621787336181,10,2.25675034215556e-12,0.339859693344827,"SRM",7.61758108058455e-12
78.5935110272799,10,9.46576150795408e-13,0.293251706459557,"PPDPF",3.31849862904336e-12
52.5013484047534,10,9.21397440567517e-08,0.517563769662017,"PRKCDBP",2.27964271399266e-07
32.6665145268905,10,0.000309848670614121,1.69820175693375,"GTF3A",0.000537939948217251
NA,NA,NA,1.34055013296536,"JDP2",NA
55.0273927967641,10,3.12107474309542e-08,0.385183603086405,"RP11-282O18.3",7.93819570512785e-08
28.8239946735938,10,0.00133045343810134,0.756995975569223,"TRAPPC1",0.0021082927081955
NA,NA,NA,1.72611037637515,"GSR",NA
NA,NA,NA,0.977689874512041,"PDIA5",NA
143.704561685801,10,0,0.375429919974575,"RHOC",0
29.6921151185138,10,0.000961790902203385,1.47794669819555,"UROD",0.00155947524857263
19.5847342044977,10,0.0334342929251805,0.490180748429682,"IMPDH1",0.0447763096992093
33.5013991571633,10,0.000224261243109702,1.60745040920382,"YIF1B",0.000398491602237984
13.8858177040111,10,0.178263818815444,0.359054060202329,"MED8",0.214105221540242
12.6393751486399,10,0.244539309349109,0.183418789555805,"UQCC2",0.285400633533407
NA,NA,NA,0.657161629530148,"CD276",NA
NA,NA,NA,0.675257512628228,"GLMP",NA
11.4763175713443,10,0.321631098809904,1.90903824415271,"BTN3A2",0.367809871183114
130.395221086746,10,0,0.530260731551243,"TANC2",0
84.076391284343,10,7.93809462606987e-14,0.609999640322958,"ZNHIT1",3.0541482713862e-13
20.2852741458412,10,0.0266670502131534,0.675930743258888,"EIF4G1",0.0364115512684862
101.343151949585,10,0,0.541175883830006,"UQCRQ",0
NA,NA,NA,1.40989799542162,"GRIN2D",NA
29.3236553840354,10,0.00110420082228324,0.883884611991644,"COPA",0.00177140343928124
19.4784713734316,10,0.0345897496994267,2.20849871154768,"FMO1",0.0461468469973177
331.806436428489,10,0,0.69374675771073,"CD63",0
38.3218598312008,10,3.33541397530279e-05,0.773377337004689,"ARPC4",6.55531577830073e-05
27.8391196882932,10,0.00191544787520626,1.41360793339264,"ITGB1BP1",0.00297812786076589
NA,NA,NA,0.67248948578391,"NDST1",NA
NA,NA,NA,0.802009250683504,"CHPF2",NA
4.21364758304205,10,0.937194663116245,0.378769771810897,"GLT8D2",0.956149161920843
15.560710814079,10,0.112917103194998,1.04678385847143,"ATP6V0D1",0.139116322525181
37.8216547898091,10,4.07623777363142e-05,2.06466574520945,"SEMA3C",7.92553297314203e-05
15.5783162344405,10,0.112356689569984,1.93469792834125,"PLEKHA4",0.138613959415144
11.5281787904827,10,0.317873324983121,0.855882376017815,"ARPC1A",0.36397096984196
NA,NA,NA,0.200753305984116,"A2M",NA
39.0219969555612,10,2.51643464310725e-05,0.313619486533722,"CDK2AP1",4.98891409594188e-05
14.0340194140883,10,0.171445525397805,1.2562561981533,"MINOS1-NBL1",0.207063655379847
7.91613073126982,10,0.637028967713764,1.07141754761126,"HAPLN3",0.676517313080816
96.8187150759014,10,2.22044604925031e-16,0.375861422761985,"TPM2",1.01826515793903e-15
139.900592915986,10,0,1.1832849763407,"ZEB1",0
NA,NA,NA,0.668477986995875,"ERCC1",NA
22.2125259626837,10,0.0140577744287901,0.854271561333636,"MEIS3",0.0199444674708459
235.965149639611,10,0,0.648773497537952,"ACTB",0
33.1085932568162,10,0.000261172523362219,1.77622123317815,"MYLK",0.00045958265738933
10.9407241823099,10,0.362154770511696,1.16409499576314,"CD82",0.411560114674117
NA,NA,NA,0.412038425958296,"PLXNB2",NA
30.6090329816866,10,0.000680587083373707,1.01150039120013,"PLOD2",0.00112154822450694
NA,NA,NA,1.87201589049924,"LINC01615",NA
31.3504677720098,10,0.000513407990689441,0.542691829760641,"MRPL17",0.000863286028788911
28.9038080286514,10,0.00129151016630447,0.379099403807498,"SLC39A13",0.00205374996673285
34.0117341461837,10,0.000183854761483637,1.31622082899117,"ARHGAP28",0.000330574501835926
41.0242605103825,10,1.11731194617493e-05,1.08738107302048,"RAD51B",2.30572556165189e-05
31.7082869216157,10,0.000447799532215742,1.59061461644795,"CTSC",0.000760003692059615
NA,NA,NA,0.550029557413029,"NANS",NA
NA,NA,NA,0.942828714586183,"GAA",NA
17.0537482891725,10,0.0731830955431647,0.831049617571173,"TNFRSF1A",0.0929374136408301
13.9700385476053,10,0.174362634797249,0.338696381783752,"GALNT2",0.210254013805979
26.0860152050694,10,0.00362620644743317,0.36136787625509,"PLAUR",0.00549682045787866
24.5838198733673,10,0.00619274111159218,1.13622318559519,"PAPSS2",0.00926360614386442
21.4981493507997,10,0.0178756323846571,0.342472270054265,"DAPK3",0.0249708833927209
NA,NA,NA,0.567410794776759,"GPI",NA
9.57602414004107,10,0.478443074887047,1.1595271956105,"AGTRAP",0.525939845033219
19.4766261779067,10,0.0346101352479883,1.60995084052052,"HOMER3",0.0461468469973177
5.77135774215503,10,0.834092966147681,0.179216176274285,"NAA10",0.864562115595998
NA,NA,NA,0.303614791849412,"COPZ1",NA
NA,NA,NA,0.51143243650385,"NRBP1",NA
NA,NA,NA,1.30441811996755,"NPTX2",NA
12.3819875347126,10,0.26030447918875,0.9263966852229,"CXXC5",0.302246121615581
NA,NA,NA,0.630670696356063,"TMEM147",NA
NA,NA,NA,0.462308287896385,"CTTN",NA
41.7194717580655,10,8.41132951812096e-06,1.31387810089323,"METRNL",1.74770874198028e-05
33.2952474377903,10,0.000242945639126968,0.990219892863561,"XBP1",0.000429172451998613
8.23554587581734,10,0.605841110050374,0.436433390168481,"FUT11",0.651010328906201
16.7214734136637,10,0.0807587704232686,1.24330578104007,"DNPH1",0.101993998625264
17.3283995912955,10,0.0674058974448882,0.432338234044651,"MRPL52",0.0863251831875296
37.7790554842563,10,4.14634890980592e-05,0.46055607649942,"ST3GAL2",8.0446256626149e-05
19.3103833180365,10,0.036492911744292,0.712042437495354,"FIBP",0.0481994282744534
NA,NA,NA,0.263721265027767,"ETHE1",NA
31.7377870838156,10,0.000442771542342624,0.392815713663877,"TMEM219",0.000752877454020791
9.42629239927953,10,0.492180113365338,0.432636705650832,"CDC42EP5",0.538433184259911
NA,NA,NA,0.719554976886242,"C7orf73",NA
136.163479308257,10,0,1.11570997711384,"S100A13",0
39.6880557389267,10,1.92273171243373e-05,0.778023205757133,"ZYX",3.88828595743837e-05
71.8684378330486,10,1.92951210564729e-11,4.44973998009768,"PDZRN4",6.2127552905239e-11
10.2369031708625,10,0.419960706686175,0.47901851095145,"MRPL12",0.466166652409592
NA,NA,NA,0.679438086903121,"MAP7D1",NA
26.0918679197235,10,0.00361857370931329,1.05388583964556,"FHL3",0.00549442295661616
NA,NA,NA,0.294309256143746,"PGLS",NA
49.7607096899507,10,2.95358293711523e-07,0.742338359436082,"CAPZB",6.96585274519644e-07
NA,NA,NA,1.04488477159774,"ERI3",NA
15.6187789678327,10,0.111077749059681,1.94800298712402,"PDE4DIP",0.137222579790735
40.9565281961582,10,1.14858896036463e-05,1.53931798779621,"GALNT10",2.35954474210652e-05
NA,NA,NA,0.673389080663737,"B4GALT1",NA
63.8721845291764,10,6.65738797422932e-10,1.10090801371163,"NME1",1.94370041176856e-09
19.4376906884885,10,0.0350428840722147,0.336453634480238,"LMF2",0.0465870259700892
16.1670036963682,10,0.0949504875675049,0.886739928267003,"DPM2",0.118427256471558
NA,NA,NA,0.590681700644908,"VTI1B",NA
18.6131200020917,10,0.0454608800862142,0.261085132754606,"TRAPPC2L",0.0592230690362733
NA,NA,NA,0.744847207110636,"THBS3",NA
NA,NA,NA,0.868179457888156,"CNN2",NA
22.0972950628469,10,0.0146165438155127,0.466408325823943,"DYNLT1",0.0207048701786046
56.4274580052938,10,1.70708902569316e-08,2.94482155038207,"VGLL3",4.4286766723697e-08
8.10944924984064,10,0.618146884416633,0.666561714565117,"TRIOBP",0.661104088398472
28.8822048322112,10,0.00130194035501385,2.15348463127733,"THBS1",0.0020667165076094
8.13586528230436,10,0.615567681537868,0.610476138886967,"EPHB3",0.659900182805648
43.5062421645803,10,4.03647685764952e-06,0.443017458937406,"POMP",8.58342151462708e-06
46.4164507801344,10,1.20535164516156e-06,0.378979042819966,"MFAP2",2.65645459661819e-06
15.7637192800672,10,0.106598932808661,0.227732991625429,"FAM195B",0.132229277309105
23.1423101609386,10,0.0102333026715058,1.87383253081785,"C11orf96",0.0147255765859386
29.1971561141013,10,0.0011576657104394,0.296488647764987,"PXDN",0.00184738218818801
NA,NA,NA,1.44008238041197,"COMMD5",NA
57.5931158515686,10,1.03116317706764e-08,1.77764975429017,"P4HA3",2.71390192689106e-08
32.3929044321342,10,0.000344310823780059,1.24481789329278,"VOPP1",0.000593233829207387
39.5494394212767,10,2.03365145620138e-05,2.38832844284879,"ALDH1L2",4.09435814241874e-05
38.8877098901539,10,2.65640335643802e-05,2.27355147111009,"TNFSF10",5.2549330014068e-05
16.6807778097579,10,0.0817327895917501,0.743382276154484,"HEXA",0.103074129096263
NA,NA,NA,1.82086130346099,"SEMA3B",NA
19.717410427905,10,0.0320416959271799,0.794773521237272,"UBE2L6",0.0431659642461118
52.5120753303985,10,9.17187401583419e-08,1.07493102760381,"SURF4",2.27964271399266e-07
39.2130734163962,10,2.32972366930317e-05,1.26865085136739,"SPARCL1",4.6390111660686e-05
NA,NA,NA,0.549082063090729,"LASP1",NA
NA,NA,NA,0.354446019830669,"TP53I3",NA
50.0351143514382,10,2.62968828046439e-07,1.33226425077179,"SRPRB",6.2181170798481e-07
13.1019281716376,10,0.218028620299323,0.549029724848332,"SHISA5",0.2571038795218
32.9094823905727,10,0.000282091672935247,1.10681671891686,"CTGF",0.00049163001732285
21.2664613371899,10,0.0193102575985739,0.798753160626448,"AC024592.12",0.0267690288542062
155.094893616678,10,0,0.474592485095089,"TENM3",0
46.4269040879801,10,1.2000982871907e-06,0.325114615566622,"TMEM261",2.6513120310685e-06
68.0645576311479,10,1.04672492895475e-10,0.78429998790733,"JTB",3.23274229758812e-10
19.3496076186743,10,0.0360403603498999,1.00141651006969,"NSMCE1",0.0477732075878965
21.4671211044912,10,0.0180617780055152,2.29429357176133,"CCDC28B",0.0251921573410258
44.3384946102694,10,2.86135317539848e-06,1.25446629233273,"GRN",6.17127953268842e-06
94.1301453198567,10,7.7715611723761e-16,0.809829181174829,"FLNA",3.4089746591872e-15
NA,NA,NA,0.948606931555681,"COPG1",NA
20.1965201296499,10,0.0274477831463444,1.03561535290699,"EIF4E2",0.0374213019472684
25.3845775994198,10,0.004662299051304,1.15058095689231,"LAMB2",0.00704387277634614
NA,NA,NA,0.542818037277664,"SHC1",NA
104.373883016665,10,0,0.295703595280618,"LUM",0
36.9288459267906,10,5.82199950663886e-05,0.905162695365467,"ISLR",0.000111058309916556
143.855157671355,10,0,1.40034917554328,"MYO1D",0
31.5958630500205,10,0.000467477322197762,1.58673205316046,"NEK6",0.000790445825988023
20.3760619522363,10,0.0258898432197255,1.42696498544579,"PGM1",0.0354569798544657
239.025508157476,10,0,0.522316569726502,"PFN1",0
45.9019041915492,10,1.49413151984135e-06,1.32062373945343,"TMEM176B",3.28491869253255e-06
26.7008454064713,10,0.00290359037984611,1.2027034140013,"MLEC",0.00442359071291991
20.3466944876965,10,0.0261389113167871,0.283774179175747,"HN1",0.0357441739091005
86.280027900697,10,2.91988655476416e-14,0.694820629044751,"EDIL3",1.16283201391485e-13
18.6037541383826,10,0.04559400383793,0.846843272434015,"SNF8",0.0593113975427513
NA,NA,NA,0.387408894365291,"MPG",NA
17.2797898905498,10,0.0683976957306698,0.624012097634737,"LINC01116",0.0874719827090819
10.2593036243495,10,0.418045913072618,0.889400035257456,"SWI5",0.464609166548271
157.021178983364,10,0,0.319658881914565,"NXN",0
52.49217857983,10,9.25011562902256e-08,0.809984950781088,"PTN",2.28236548672622e-07
NA,NA,NA,0.0550308191737471,"KRT6A",NA
31.2017274806395,10,0.000543361874086545,0.380467084473198,"TPM4",0.000905270792056116
42.3253791718253,10,6.5621086059453e-06,0.501386959341259,"FAM89B",1.37607265916821e-05
NA,NA,NA,2.61766603313316,"SMCO4",NA
330.563024776428,10,0,1.85202361218962,"APBB2",0
63.6976724413514,10,7.18793025100695e-10,0.708777615623394,"A1BG",2.08518871179371e-09
10.3798043706504,10,0.407827040143318,0.442384103138852,"HES4",0.457734181026122
215.535050377176,10,0,0.72022584030803,"SSR4",0
37.0503129890393,10,5.54703921762378e-05,0.902921988330701,"VAMP5",0.0001062535975033
0.993549577122331,10,0.999832921399744,0.0439397213695322,"KRT16",1
16.3598300746432,10,0.089784783234371,0.890044074261193,"CTSZ",0.112603015437581
25.1608010633899,10,0.00504890144482284,3.42193909455692,"FIBIN",0.00761528656461651
NA,NA,NA,0.652288999640844,"DNAJC1",NA
62.9936875448827,10,9.79067604767181e-10,0.721795488364075,"ZFHX4",2.80439553668328e-09
NA,NA,NA,0.670397230295302,"NEK10",NA
87.9046965109785,10,1.38777878078145e-14,0.636294016784026,"SGCD",5.6761402385115e-14
14.7604877668462,10,0.141041094589978,0.811777458677895,"MSRB3",0.172130798236157
29.4951021697283,10,0.0010355550051131,0.941202358398426,"PGAM1",0.00167013134039555
37.0451687283424,10,5.5584205742365e-05,0.431898831552381,"LRRC59",0.0001062535975033
28.3982982038178,10,0.00155820307064325,0.977993554932378,"TAF10",0.0024520769291925
10.4709861049443,10,0.400187496269526,0.474328828958104,"GPAA1",0.44999397991566
38.596360463038,10,2.98699684453396e-05,1.93886404106769,"DBN1",5.88328228814932e-05
10.6672934415402,10,0.384019371052273,1.99426377131283,"APOL2",0.433154768839086
83.745749136541,10,9.22595333463505e-14,0.567851712918553,"MAP4",3.50509022085717e-13
36.0069056462712,10,8.39463936025409e-05,0.707683728676519,"NDUFS8",0.000156916177836656
153.575051110597,10,0,0.815816169272573,"CAMK1D",0
NA,NA,NA,0.990196311746712,"SH3PXD2A",NA
33.6468396898441,10,0.000211933898882521,0.864672650316407,"LAMC1",0.00037881098461679
NA,NA,NA,0.842116663065262,"MYH9",NA
NA,NA,NA,3.28587856056893,"PLPP4",NA
51.1613056666256,10,1.63071726899666e-07,1.44269978578941,"SEC24D",3.92756307758347e-07
19.5848335697094,10,0.0334332293541717,0.421780275854851,"RPL22L1",0.0447763096992093
32.7060959202684,10,0.000305151285943661,1.22504267005093,"EIF4EBP1",0.000530799554859855
39.1086801174251,10,2.42997159292102e-05,0.541118253030942,"OSTC",4.82803983888903e-05
39.3347902797877,10,2.2179800018951e-05,0.864187130841782,"ILK",4.44575240997959e-05
52.5776594088962,10,8.91859495144587e-08,0.789392977013093,"COPE",2.22474841096507e-07
23.0569088160248,10,0.0105384564017378,1.58006744994014,"AHR",0.0151406936911043
10.4680146907729,10,0.400435171554904,0.550034399336411,"FAM50A",0.44999397991566
64.7869628866179,10,4.45196435272521e-10,2.19160619524823,"RYR2",1.31673733950309e-09
14.6814266610502,10,0.144115310949205,0.15972222187193,"CNN3",0.175411129144609
3.95419448731236,10,0.949389688283518,0.284934492720265,"NGFR",0.967503745186795
8.42577761257918,10,0.587321917067348,0.604062796818149,"CCDC107",0.632607711384522
18.4913692430184,10,0.0472193953796261,1.19526386143434,"AQP1",0.0613379270453511
35.6759782470486,10,9.56774169429409e-05,2.37159747662525,"CYR61",0.000177658680131268
NA,NA,NA,0.967364678389337,"SMTN",NA
21.6038609867145,10,0.0172548939569878,0.761319660306216,"DAP",0.0242155235130524
17.2370871841802,10,0.0692797185079824,0.865973476160003,"PHLDA3",0.0883511016927641
60.3895137221812,10,3.05834357838819e-09,0.922109542784264,"GARS",8.41507869447417e-09
12.717582704708,10,0.239893510497572,2.81761825039431,"CGREF1",0.280700138571901
21.6314648322122,10,0.017096175028447,0.253312624995981,"IDH2",0.024055994480943
14.6744794730512,10,0.144388103701758,0.72881358798177,"ERLEC1",0.175507895798121
72.9383651844294,10,1.19685372723666e-11,0.670968530260771,"C9orf16",3.90914814507513e-11
NA,NA,NA,3.50642360337707,"C1QTNF3",NA
36.3724251231725,10,7.26286236710783e-05,1.03572291177293,"SDF4",0.000137103514123366
19.3376478069782,10,0.0361777960722962,0.546855104921527,"ZCCHC24",0.0478854793493367
31.1575732304842,10,0.000552577523348363,2.69782850598703,"GMPPA",0.00091893844542182
NA,NA,NA,1.41867079324251,"ALDH18A1",NA
30.3394494124484,10,0.000753673982913816,1.21939127218846,"CIB1",0.00123303779546981
95.3236189902416,10,4.44089209850063e-16,1.72780213248101,"IGFBP6",1.9669902563115e-15
99.1900814488555,10,1.11022302462516e-16,0.934760246798035,"SLC27A4",5.22322542155255e-16
7.71828100798953,10,0.656333063733662,0.38964753922832,"JOSD2",0.696203763867015
85.7985740199019,10,3.63042929052426e-14,0.608362160694744,"ENAH",1.42702588562599e-13
195.178785141649,10,0,0.802644281919867,"CD99",0
47.4940637555189,10,7.67622673203405e-07,0.746765584531526,"UCHL1",1.73815807298926e-06
NA,NA,NA,0.848965688724423,"CALU",NA
58.2656990639552,10,7.70380004233573e-09,1.42456295624127,"TMEM176A",2.06343670750467e-08
38.2846786381665,10,3.3855858219245e-05,1.30419033571861,"CKLF",6.63955059677634e-05
75.4862986016106,10,3.82582854285829e-12,0.840463109041559,"CYBA",1.28186432358499e-11
24.2668170742735,10,0.00692281306692066,1.55569460377831,"CSRP2",0.0102376453823517
31.3223733239567,10,0.000518939472530899,1.15239488184854,"VEGFB",0.000870974197889199
36.6789211512204,10,6.43059767637677e-05,1.18564577212942,"LAMTOR2",0.00012215444958473
44.5022370821425,10,2.67365964112809e-06,0.753877464083615,"TUBA1C",5.78019750986739e-06
NA,NA,NA,1.11018821887543,"KIAA1462",NA
5.31610600238767,10,0.869086621747559,0.549643758032587,"ACKR1",0.896739377894072
69.9297087951986,10,4.57451854174451e-11,1.00823451099858,"PACS1",1.46255733658592e-10
123.439078898646,10,0,0.403694785108951,"RRBP1",0
24.6398025145205,10,0.00607171316864363,3.64018502486316,"FBLN7",0.00909755042430432
29.3294720266729,10,0.00110180103052204,2.84243983438492,"RTEL1-TNFRSF6B",0.0017706820101133
48.793701269845,10,4.44356236806165e-07,0.605894294480322,"NUCB1",1.02404939852791e-06
39.5930034677957,10,1.99812853798331e-05,0.634755353664141,"FKBP7",4.03177936108633e-05
3.02182857897818,10,0.980905683823711,0.165785545463895,"S100A7",0.995153475879251
NA,NA,NA,2.14610614500624,"COTL1",NA
NA,NA,NA,0.306537249213482,"HLA-DRB1",NA
34.120574380842,10,0.000176209718827369,0.886705228924589,"SIL1",0.000317457191855657
62.2647030977312,10,1.3476419979952e-09,0.487427467028619,"SSR3",3.81202160180573e-09
38.0948377174635,10,3.65357404994437e-05,1.30999346994511,"IL1R1",7.14966645980494e-05
26.7253375369118,10,0.00287789298430841,0.750867712119506,"S100A16",0.00439180979790257
NA,NA,NA,1.50532709494152,"LMCD1",NA
NA,NA,NA,0.767784523465306,"KHDRBS3",NA
23.4868550282991,10,0.00908537708855006,1.0486670002402,"GALNS",0.0132501647342208
72.8219927791531,10,1.2607137556131e-11,2.62841311967804,"ADAMTS12",4.10296806486269e-11
13.4697517082648,10,0.198579845417887,0.741641177180963,"SAR1A",0.235392297179427
69.8163312642329,10,4.81095163706868e-11,0.643392187715364,"ARF4",1.53275231103802e-10
219.434540262539,10,0,0.914022568438349,"TMSB4X",0
84.8346205000534,10,5.62883073484954e-14,0.421321734789036,"YIF1A",2.18417876377922e-13
57.2130008132751,10,1.21560486121552e-08,0.998244995268513,"ARFGAP1",3.17175061489568e-08
64.4241891962407,10,5.22266674352068e-10,1.47070432917705,"GPR78",1.53468653822549e-09
82.8134297390843,10,1.40665257220007e-13,2.77301236231199,"ITGBL1",5.2345923588429e-13
48.748986115372,10,4.52812839779604e-07,2.76719991976325,"XG",1.04089635068324e-06
NA,NA,NA,1.29878641372129,"CDKN2A",NA
87.7809655719997,10,1.47659662275146e-14,2.9496673885239,"LAMA4",6.01233064331087e-14
NA,NA,NA,0.964114437334179,"LGMN",NA
23.367279217235,10,0.00946913467768518,1.22016587793581,"CTSA",0.013712877651257
28.2039335768521,10,0.001674360110822,1.75605662012677,"SCO2",0.00262123962176962
NA,NA,NA,0.257328984408257,"CCL14",NA
38.0763702454102,10,3.6807326100452e-05,0.643220273127084,"SEC61A1",7.18732303208826e-05
41.7481190907675,10,8.31331320472195e-06,1.97999266967539,"FMOD",1.73130467657971e-05
29.6579016475655,10,0.000974223327262935,1.53288969095021,"AKR1A1",0.00157681779171969
39.2379516398403,10,2.30644154646242e-05,0.884643444315759,"IFI6",4.60274488832501e-05
22.2650169617185,10,0.0138099845135214,1.22511504078894,"ANXA6",0.0196235773681964
48.5839832647091,10,4.85422210982911e-07,0.435843989003987,"C7orf50",1.11303880700122e-06
291.730446854231,10,0,1.09931107306971,"IFITM3",0
470.809426108455,10,0,0.603601165864611,"FTL",0
95.1671823652491,10,5.55111512312578e-16,0.313374744772543,"FARP1",2.44680219990204e-15
103.284460354574,10,0,2.03559847018652,"HMCN1",0
NA,NA,NA,0.977660561373163,"PARVB",NA
50.6448271691548,10,2.03071342852468e-07,0.915906313663131,"RP11-25H12.1",4.87801003465716e-07
55.0596344700185,10,3.07808772914697e-08,1.17215149018505,"SRA1",7.85085297209396e-08
35.7768988710999,10,9.19388322904169e-05,1.69462179534359,"LOX",0.000171066515819054
58.9711883251905,10,5.6709742457528e-09,1.56838461812849,"TUBB2A",1.54631970424731e-08
66.1014187805729,10,2.49393283802135e-10,2.88045079168805,"PLTP",7.54830338974462e-10
24.2802873046797,10,0.00689018340250103,2.6289151757282,"RP11-417E7.2",0.0102060139143082
193.438415423921,10,0,2.839640668445,"C1S",0
508.67499289,10,0,0.738640722295157,"LGALS1",0
24.3506245136013,10,0.00672217581862111,0.430456055234314,"TGFB3",0.0100061240054229
172.639209249362,10,0,1.08924564274664,"CRABP2",0
NA,NA,NA,1.68083799653958,"NID2",NA
44.1597912855539,10,3.08109226898612e-06,0.647831107686614,"C4orf48",6.62945919488008e-06
86.277851489398,10,2.91988655476416e-14,1.16061414049329,"HTRA1",1.16283201391485e-13
33.019951784184,10,0.00027029086758823,2.73829546018317,"FLNC",0.000472878820366306
10.0358361600125,10,0.437354900282268,0.60869152769356,"MXRA7",0.483700669252496
88.0127189197185,10,1.32116539930394e-14,0.957035240634671,"CLEC11A",5.42813657270577e-14
23.2688973637699,10,0.00979638841891384,0.69956171932845,"IFT20",0.014141686302661
151.593287340316,10,0,0.759203304149473,"ROR2",0
293.168321578855,10,0,0.796463843783067,"NME1-NME2",0
37.3049763178423,10,5.01138193248485e-05,1.73046850593922,"TNFAIP6",9.62015812832187e-05
31.1343068794247,10,0.000557494738289588,2.70623069611111,"RP11-14N7.2",0.000925420881840851
1.43365687007038,10,0.999127490247119,0.171644158565545,"S100A9",1
NA,NA,NA,1.35628013538607,"SNX8",NA
51.8273810954086,10,1.22821856018973e-07,0.96588686237285,"ECM1",2.9898725272179e-07
47.8034432508022,10,6.74117025423193e-07,0.869683907104205,"GPX7",1.53408084983524e-06
18.8095464960235,10,0.0427494862178802,1.96750157052729,"HIC1",0.0560123138323741
27.0820624238859,10,0.00252760321205336,1.74588329704772,"EPHB2",0.00389654281246936
33.4672637628273,10,0.000227254769010421,2.49463789819011,"GLIPR2",0.000403022129416918
NA,NA,NA,0.920987212480368,"EVL",NA
22.6305827008562,10,0.0121954297049909,0.245274836195568,"PRAF2",0.0174110851763077
NA,NA,NA,1.2698540222674,"TMEM214",NA
34.4189694652855,10,0.000156813366834152,0.635400513909183,"CYB561",0.000283638520090458
61.0988243280875,10,2.24407126214743e-09,1.16648689081939,"MAGED1",6.2122460549691e-09
66.6562534656078,10,1.95191751650725e-10,0.8115021089825,"HM13",6.00793594911384e-10
28.5405753154726,10,0.00147816894426323,2.34075163163453,"FNDC1",0.00233016909963717
34.7892326393574,10,0.000135637911998443,1.30834722610064,"C11orf24",0.000247307678904792
34.7245735004138,10,0.000139121913555806,2.26692122882217,"HTRA3",0.000253151698414173
NA,NA,NA,1.70834865029741,"NT5DC2",NA
16.467919205997,10,0.0869983514644164,0.364017611358684,"PLAU",0.109410669154695
17.479730037372,10,0.0644001811978454,0.462119971630162,"NAGK",0.0827091436034563
72.117637469275,10,1.72651892782483e-11,0.809574278889486,"SPATS2L",5.57892948919909e-11
NA,NA,NA,0.963709770344867,"FKBP9",NA
28.2777962808565,10,0.00162926159611287,0.804017769977404,"PLOD1",0.00255504236488858
7.98421326200912,10,0.630379033531333,5.15641046344356,"SEMA6B",0.671812397237617
74.8340839992788,10,5.12501152627465e-12,1.04876698257267,"TXNDC5",1.70458258822615e-11
99.1335821160939,10,1.11022302462516e-16,0.933229268912673,"P4HB",5.22322542155255e-16
54.3296560169151,10,4.21226102886862e-08,0.785110992788753,"CUEDC1",1.06538524072777e-07
32.9926864334607,10,0.000273157744173802,1.06179879945779,"SLC38A10",0.000476975445595793
24.1046732357403,10,0.00732735104662918,0.621149049921669,"POLD4",0.0108182678867306
24.3576029791295,10,0.0067057222720267,1.58115536360558,"CISD1",0.00999802269786576
NA,NA,NA,1.02789001928754,"TTYH3",NA
64.9983098616622,10,4.0563119529935e-10,2.90863241376322,"DAB2",1.20758401748134e-09
83.4597118911572,10,1.0502709812954e-13,1.54781846270969,"OLFML3",3.97352521256759e-13
175.671195203866,10,0,0.30446996502418,"RPS26",0
81.8109447271917,10,2.21489493412719e-13,0.821835666796786,"HDLBP",8.10937338785277e-13
164.339622090024,10,0,0.995524254272213,"KDELR2",0
19.3046734460759,10,0.0365592242446835,0.455611337779109,"PLIN3",0.0481994282744534
31.6063864033126,10,0.000465600140475364,0.81547371081445,"METRN",0.000788740536476923
NA,NA,NA,0.463343744087761,"IFI27",NA
41.9500000349456,10,7.65385385725903e-06,2.15783001537284,"BACE2",1.59763202353821e-05
55.7759050753731,10,2.26116300128254e-08,0.971257989221856,"ANGPTL2",5.80964888237288e-08
80.7153653983474,10,3.63487018262276e-13,1.19997658490201,"TMED3",1.29429887287116e-12
59.6167026230045,10,4.2827150714686e-09,1.28911185675972,"TGFBI",1.17483543350256e-08
100.252839061564,10,0,3.4048198376656,"ABI3BP",0
96.7909716493893,10,2.22044604925031e-16,1.18679372128004,"SORCS2",1.01826515793903e-15
75.334869514618,10,4.09461353712004e-12,1.85942854164927,"TPM1",1.3668783425386e-11
NA,NA,NA,2.6373484000457,"HMCN2",NA
83.3570698131825,10,1.10023101740353e-13,1.27650458044239,"MYOF",4.14526872947056e-13
57.7267002120101,10,9.73185643182717e-09,1.04437379352155,"AP2S1",2.57315591676454e-08
64.9433085824789,10,4.15577572354664e-10,3.56929550115402,"PDGFRL",1.23315175064717e-09
80.7377452636472,10,3.59823282281013e-13,0.798242170728473,"SEC13",1.28629740279984e-12
130.206958537682,10,0,1.32944409160171,"RUNX1",0
236.446817716072,10,0,1.50034818389673,"PLXDC2",0
160.772329973891,10,0,2.06348518773396,"LRP1",0
250.529441878908,10,0,0.719003476664235,"BGN",0
58.092768779441,10,8.30389734751691e-09,2.57763948571727,"ADAMTS14",2.21112574532122e-08
46.6682216353719,10,1.08493359962658e-06,1.14867740465933,"FKBP14",2.40860564415877e-06
91.0801132965795,10,3.21964677141295e-15,0.669519448406233,"ATOX1",1.3789807870014e-14
65.57466978646,10,3.14640868914751e-10,0.745034350498114,"NME4",9.46006321107926e-10
57.2722866925294,10,1.18481566779849e-08,0.582106873114802,"ISOC2",3.10032457164561e-08
56.3144837090608,10,1.79241512743289e-08,1.28383952292716,"CD151",4.63678899062411e-08
40.1067749797696,10,1.62265938417061e-05,1.03258319522141,"CTSB",3.30353076418591e-05
16.7212550081342,10,0.0807639702770541,1.28125263186643,"MVP",0.101993998625264
69.666920605938,10,5.14122078243417e-11,0.82795091050483,"MAP4K4",1.63224771694064e-10
291.413852832653,10,0,2.76712259265995,"C1R",0
18.7436888457081,10,0.0436416186258772,1.64939031087093,"FAM20C",0.0570988324384676
43.5957239876257,10,3.89011986723364e-06,0.835275614743841,"GPX8",8.29161699400974e-06
225.012646281106,10,0,0.667199820630439,"OST4",0
77.7948634516792,10,1.35613742457963e-12,1.7650837270295,"RCN1",4.69989611266528e-12
23.3769595003311,10,0.00943750256803633,0.817015194487064,"INAFM1",0.0136889014884616
123.502847484123,10,0,1.19347996984417,"PRDX4",0
60.8005591304891,10,2.55622745193307e-09,1.24084140128179,"AC005943.2",7.05487697980312e-09
NA,NA,NA,0.0746279938963531,"S100A8",NA
193.204897815634,10,0,2.17979973866824,"FBLN1",0
32.0724209642876,10,0.000389460101180794,1.4556142729054,"TMEM119",0.000667225984664455
224.226312207214,10,0,2.50982284369511,"MIR99AHG",0
NA,NA,NA,0.772853990644614,"EHD2",NA
23.937756308969,10,0.0077673291708974,3.93659565859842,"LRRC32",0.0114306886339949
NA,NA,NA,0.683345979793597,"ISG15",NA
NA,NA,NA,1.91111254535372,"CADM1",NA
NA,NA,NA,1.04546939127092,"FAM114A1",NA
47.3484644399099,10,8.15968562051239e-07,1.25621633088903,"PDXK",1.8339095404518e-06
177.994556456842,10,0,2.38878091482191,"CTSK",0
141.974740692921,10,0,1.08230485931807,"PHPT1",0
66.3715435661309,10,2.213533800699e-10,0.729617707633855,"KDELR3",6.7445929229352e-10
NA,NA,NA,1.28929982188815,"SSC5D",NA
NA,NA,NA,1.60024993161166,"ARHGAP1",NA
33.5755020341193,10,0.000217895078436725,1.10071141494897,"HEG1",0.000388700847191643
66.3619223157104,10,2.22295959417806e-10,3.7234640340604,"TNFRSF12A",6.75065990472804e-10
147.522314361361,10,0,3.90517227656228,"DPT",0
68.8193567639855,10,7.49026396462682e-11,2.22420272169274,"ITGA11",2.35334244978587e-10
75.7407258253725,10,3.41315864460512e-12,1.05243413634392,"PIEZO2",1.14783261085239e-11
45.5402207168595,10,1.7371438687519e-06,1.20381152414017,"B4GALT2",3.80996771214185e-06
39.9316842029227,10,1.7420579324301e-05,1.83162971525071,"TYMP",3.53077813090743e-05
49.1587221044925,10,3.80930462728912e-07,1.52723182293537,"CD74",8.83067410432387e-07
NA,NA,NA,0.53215772598766,"HLA-DRA",NA
80.3078601692498,10,4.36872760189999e-13,1.54279427731392,"EFEMP2",1.5495330712989e-12
166.852200118877,10,0,0.828648549179578,"PALLD",0
464.85576177861,10,0,2.81710457839564,"CST3",0
78.0678516745631,10,1.19937393350256e-12,0.910118766304935,"C1orf122",4.17253460390928e-12
43.664479411273,10,3.78123976507716e-06,1.72494533377816,"GAS6",8.07850754515308e-06
22.9934414968081,10,0.0107708128114091,1.52223431366704,"ZMAT3",0.0154500758811366
61.1980527176181,10,2.14887163618727e-09,1.6205618827514,"LIMA1",5.98520075355226e-09
69.1659817116085,10,6.4222738238584e-11,1.2070880230871,"PDLIM7",2.03185527249597e-10
105.595391825371,10,0,1.86233173290406,"PDLIM2",0
97.4779798753893,10,2.22044604925031e-16,1.20348461958513,"MYDGF",1.01826515793903e-15
NA,NA,NA,3.96120958240019,"CILP2",NA
30.5306935023247,10,0.000701082023000121,1.68066848455112,"GUCY1A3",0.0011511437195011
178.714296668914,10,0,2.46865290168392,"BNC2",0
54.2519227144359,10,4.35517514274508e-08,2.19185731747965,"COL18A1",1.09847195267015e-07
49.1685840707415,10,3.79347657175622e-07,2.15910094831368,"LGALS3BP",8.83067410432387e-07
579.95311169783,10,0,0.847627351554836,"TMSB10",0
275.395637262037,10,0,0.663317505469682,"S100A11",0
47.4551521360486,10,7.80258049837279e-07,1.01530623661898,"C1QTNF5",1.76237390361256e-06
101.513368619734,10,0,1.76195839951521,"FSTL1",0
49.1568221400812,10,3.81236150759356e-07,2.75477038947737,"OGN",8.83067410432387e-07
42.4461378476631,10,6.24476535016072e-06,2.70584324511167,"THBS4",1.31255716156156e-05
47.0176188658271,10,9.37329357464378e-07,1.27227264918179,"GOLM1",2.09629324280211e-06
58.1662987056521,10,8.04325772651993e-09,1.32477907337378,"P3H3",2.14802294578826e-08
153.014017428581,10,0,1.88478446283195,"HCFC1R1",0
35.3703539699825,10,0.000107933848965236,0.516685691302079,"ARPC1B",0.000199600681996811
50.0406721364091,10,2.62350603463801e-07,2.80772996188542,"FKBP11",6.2181170798481e-07
200.555146050193,10,0,2.71125017203258,"CCDC80",0
58.9531549120711,10,5.71559521933551e-09,1.04707494931158,"AK1",1.55382049675349e-08
34.8560547940402,10,0.000132127347750144,1.80049658933936,"C1QTNF6",0.000241391613193422
70.6215816220702,10,3.36276562151738e-11,2.65166077361206,"PODN",1.07893681425363e-10
45.4147065174376,10,1.83031013223367e-06,1.59164044827587,"ACTA2",4.00463036161005e-06
91.2895642372452,10,2.99760216648792e-15,0.950896857573106,"CKAP4",1.28996339676352e-14
81.1917999524594,10,2.93098878501041e-13,1.07535943545924,"SULF1",1.05608643523391e-12
31.3983582765868,10,0.000504111286847131,7.72314871159836,"ZNF469",0.000849226434985519
49.2246670711544,10,3.70469769306325e-07,1.41229344410392,"P3H1",8.64746916529931e-07
40.0031220387368,10,1.69233073132879e-05,3.54296539580153,"MIR4435-2HG",3.43766510972382e-05
58.91709984109,10,5.80585746146056e-09,4.13291435336168,"FAP",1.57364733582274e-08
122.026411320033,10,0,1.9835880092045,"TSHZ2",0
79.3521921889424,10,6.72462086015457e-13,0.95948295554041,"COL11A1",2.37585826498846e-12
225.428119170296,10,0,1.379354348641,"VKORC1",0
40.1971395374725,10,1.56423416216578e-05,2.83918021770505,"SMOC2",3.19174071740793e-05
63.6318311445756,10,7.39885375189431e-10,0.85815667052684,"CHPF",2.13443997291544e-09
74.576242154284,10,5.75250957979279e-12,1.42791304344217,"NBL1",1.89937407216431e-11
168.630283429491,10,0,2.102540110847,"COL12A1",0
88.4846221935431,10,1.06581410364015e-14,1.00864258419118,"FKBP10",4.4189918086998e-14
NA,NA,NA,1.12740449985638,"SULF2",NA
118.362082995409,10,0,1.14923948909365,"COL16A1",0
105.588865687642,10,0,1.3087319695809,"MMP2",0
637.733041984919,10,0,0.808204105257467,"SERF2",0
86.9237885829324,10,2.17603712826531e-14,1.56936974237796,"MXRA5",8.78151872206622e-14
61.7703554617607,10,1.67319935684418e-09,2.48902374670041,"P4HA2",4.68908955560035e-09
61.1598186144282,10,2.18506801541452e-09,1.43852074617535,"NREP",6.06740598775651e-09
105.515381328545,10,0,1.88216194601893,"PYCR1",0
83.7619053673154,10,9.15933995315754e-14,1.27499450791521,"EMILIN1",3.49440364599456e-13
153.213588644703,10,0,1.4508835264795,"MYL9",0
219.683257586041,10,0,2.86605560883752,"RARRES2",0
NA,NA,NA,3.22450561314366,"LINC00152",NA
77.6462736993318,10,1.44995127016045e-12,2.41588273158684,"P3H4",5.00591541180872e-12
414.341192540641,10,0,0.975912515428248,"PPIB",0
NA,NA,NA,0.96640655087743,"VCAN",NA
44.9579393488016,10,2.21305374026315e-06,1.22259419123326,"CPXM1",4.80730334009316e-06
202.731420310717,10,0,2.8033683972983,"IGFBP4",0
NA,NA,NA,0.483819079974521,"ARMC9",NA
216.347979519986,10,0,3.048889601373,"SERPINF1",0
182.793290951329,10,0,1.50135965191786,"COPZ2",0
154.286537313632,10,0,1.31530296044699,"PPIC",0
137.853260499803,10,0,0.960206695494835,"FOXP1",0
31.5184737575464,10,0.000481511092938702,3.49066151682027,"OLFML2B",0.000812661844587996
90.8291555720281,10,3.66373598126302e-15,2.83294024940814,"LRRC15",1.56181796759945e-14
96.4921671906247,10,2.22044604925031e-16,3.12394377666301,"ASPN",1.01826515793903e-15
NA,NA,NA,1.31126028775899,"COL5A3",NA
76.8312917268745,10,2.0916601783938e-12,2.85247332205892,"SFRP4",7.08666955963271e-12
132.164450867993,10,0,1.31042719661179,"SEPT11",0
66.0360480776022,10,2.56694221434373e-10,2.00645716728509,"BASP1",7.74346687914985e-10
145.566392119397,10,0,2.67221117847246,"NNMT",0
167.085851882587,10,0,1.83585790589277,"MARCKS",0
66.6387045292936,10,1.9671131390453e-10,1.84632965549671,"HSPG2",6.0139351186974e-10
335.334298687063,10,0,2.29149745266981,"TIMP1",0
55.7719763754062,10,2.26499526911894e-08,2.61996605149114,"ARL4C",5.80964888237288e-08
235.84828281553,10,0,1.73940140948612,"AEBP1",0
148.260232523119,10,0,4.96054227283891,"WISP2",0
147.986024832642,10,0,1.75490362799239,"TAGLN",0
73.4296447689043,10,9.60920232273565e-12,1.54818300717809,"BMP1",3.16128830037825e-11
125.651897423059,10,0,1.74255405045461,"COL8A1",0
101.349435098313,10,0,3.17762520486273,"THBS2",0
93.4288809563122,10,1.11022302462516e-15,2.01903522474722,"FBN1",4.82336127444805e-15
198.872957661406,10,0,1.62259547548646,"MRC2",0
201.385402499088,10,0,1.08773939222864,"COL6A1",0
136.320378600874,10,0,1.65939960661826,"CTHRC1",0
266.404205680034,10,0,1.51619244823557,"PCOLCE",0
130.850251464077,10,0,1.55243199834401,"COL14A1",0
NA,NA,NA,1.8713097589951,"ADAMTS2",NA
106.331862588054,10,0,4.84893592372218,"COMP",0
221.568633565686,10,0,4.06581863223827,"IGFBP7",0
179.917655723872,10,0,1.48464522796803,"COL6A3",0
177.904953053442,10,0,1.60890043677673,"RCN3",0
143.555587961996,10,0,3.55284419182889,"POSTN",0
NA,NA,NA,2.02090357134179,"ADAM12",NA
269.056874411304,10,0,1.31318340758469,"COL6A2",0
302.813345690649,10,0,1.21845400345286,"MDK",0
97.1116787168593,10,2.22044604925031e-16,2.7015524297707,"CREB3L1",1.01826515793903e-15
135.344998359798,10,0,1.52608063367556,"CERCAM",0
155.25959356679,10,0,4.2920072345036,"GXYLT2",0
305.993860647248,10,0,1.34428821649181,"SERPINH1",0
203.460195896947,10,0,4.08799242442003,"THY1",0
173.665755715496,10,0,2.08138387767367,"FN1",0
224.016893149228,10,0,3.77625087270363,"SFRP2",0
NA,NA,NA,1.23318439658513,"COL5A2",NA
397.711343941141,10,0,1.97978306975006,"COL3A1",0
244.992663107252,10,0,1.60229770844346,"COL5A1",0
395.279935805856,10,0,1.88163874972113,"COL1A2",0
464.950038276991,10,0,2.21968622228409,"SPARC",0
733.865554408619,10,0,3.36910432412002,"COL1A1",0
