"metacell","sample","condition","program","bin","n_cells","mean_pseudotime","clean_D1","clean_D2"
"K183156__ECM-producing fibroblasts__1","K183156","Keloid","ECM-producing fibroblasts",1,25,12.1333801205315,0.04619940037338,0.293997970543849
"K183156__ECM-producing fibroblasts__10","K183156","Keloid","ECM-producing fibroblasts",10,25,20.6663164882213,0.0862854203121271,0.446343820459977
"K183156__ECM-producing fibroblasts__11","K183156","Keloid","ECM-producing fibroblasts",11,25,21.5407973420198,0.103886262566892,0.327587294474568
"K183156__ECM-producing fibroblasts__12","K183156","Keloid","ECM-producing fibroblasts",12,25,22.3213673961987,0.142154632125506,0.260746779527044
"K183156__ECM-producing fibroblasts__2","K183156","Keloid","ECM-producing fibroblasts",2,25,15.7887950491842,0.0550910368750667,0.36405725842281
"K183156__ECM-producing fibroblasts__3","K183156","Keloid","ECM-producing fibroblasts",3,25,17.3356767000626,0.0764592629749693,0.388073662762328
"K183156__ECM-producing fibroblasts__4","K183156","Keloid","ECM-producing fibroblasts",4,25,19.0351968772377,0.0645631088961089,0.39129716696493
"K183156__ECM-producing fibroblasts__5","K183156","Keloid","ECM-producing fibroblasts",5,25,19.8897351437599,0.0612146975976719,0.414052589304406
"K183156__ECM-producing fibroblasts__6","K183156","Keloid","ECM-producing fibroblasts",6,25,19.9963059492612,0.0534845515271684,0.420852117634488
"K183156__ECM-producing fibroblasts__7","K183156","Keloid","ECM-producing fibroblasts",7,25,20.0966777297788,0.0607022936524991,0.438268573600616
"K183156__ECM-producing fibroblasts__8","K183156","Keloid","ECM-producing fibroblasts",8,25,20.2106850538218,0.061878554820241,0.459249995874354
"K183156__ECM-producing fibroblasts__9","K183156","Keloid","ECM-producing fibroblasts",9,25,20.3593977927398,0.0659855311128007,0.479585766621496
"K183156__Homeostatic/regulatory fibroblasts__1","K183156","Keloid","Homeostatic/regulatory fibroblasts",1,25,2.6895449122137,0.515340918786548,0.171262257013761
"K183156__Homeostatic/regulatory fibroblasts__2","K183156","Keloid","Homeostatic/regulatory fibroblasts",2,25,13.2019595806206,0.144266051200833,0.334674456984323
"K183156__Homeostatic/regulatory fibroblasts__3","K183156","Keloid","Homeostatic/regulatory fibroblasts",3,25,17.9592975653115,0.129171781406093,0.389866907961
"K183156__Homeostatic/regulatory fibroblasts__4","K183156","Keloid","Homeostatic/regulatory fibroblasts",4,25,20.124633891343,0.14075574665423,0.398648672418936
"K183156__Matrix-remodeling fibroblasts__1","K183156","Keloid","Matrix-remodeling fibroblasts",1,25,12.7671013427808,0.124587412906244,0.323668504165501
"K183156__Matrix-remodeling fibroblasts__2","K183156","Keloid","Matrix-remodeling fibroblasts",2,25,17.4003596560764,0.110126281413286,0.371736168025922
"K183156__Matrix-remodeling fibroblasts__3","K183156","Keloid","Matrix-remodeling fibroblasts",3,25,19.5713806491372,0.0762056073492252,0.396626881073937
"K183156__Matrix-remodeling fibroblasts__4","K183156","Keloid","Matrix-remodeling fibroblasts",4,25,19.9759602709611,0.0805371404273421,0.420901212901238
"K183156__Matrix-remodeling fibroblasts__5","K183156","Keloid","Matrix-remodeling fibroblasts",5,25,20.1193915979382,0.0807020180695098,0.429446879890014
"K183156__Matrix-remodeling fibroblasts__6","K183156","Keloid","Matrix-remodeling fibroblasts",6,25,20.2217465301075,0.0903744937685707,0.425652967953991
"K183156__Matrix-remodeling fibroblasts__7","K183156","Keloid","Matrix-remodeling fibroblasts",7,13,20.3708675496266,0.0678562303905929,0.434920422744765
"K183261__ECM-producing fibroblasts__1","K183261","Keloid","ECM-producing fibroblasts",1,18,18.2750210526411,0.103661534063186,0.317012586807083
"K183261__Homeostatic/regulatory fibroblasts__1","K183261","Keloid","Homeostatic/regulatory fibroblasts",1,24,10.9362704659356,0.193228107251004,0.249979146670802
"K712771__ECM-producing fibroblasts__1","K712771","Keloid","ECM-producing fibroblasts",1,25,17.0223074804864,0.104082416132299,0.379085862281465
"K712771__Homeostatic/regulatory fibroblasts__1","K712771","Keloid","Homeostatic/regulatory fibroblasts",1,20,11.0424370574285,0.255051509523611,0.299777227895401
"K712771__Matrix-remodeling fibroblasts__1","K712771","Keloid","Matrix-remodeling fibroblasts",1,25,11.4672717550828,0.217605715180883,0.314858174501493
"K712771__Matrix-remodeling fibroblasts__2","K712771","Keloid","Matrix-remodeling fibroblasts",2,18,19.3291656434654,0.204379780354399,0.38357142375177
"N177536__Homeostatic/regulatory fibroblasts__1","N177536","Normal","Homeostatic/regulatory fibroblasts",1,25,3.95895910448534,0.475901195095746,0.195996230836445
"N387690__ECM-producing fibroblasts__1","N387690","Normal","ECM-producing fibroblasts",1,25,0.70282410680973,0.524669647161183,0.144288648421773
"N387690__Homeostatic/regulatory fibroblasts__1","N387690","Normal","Homeostatic/regulatory fibroblasts",1,25,0.115758549908135,0.671421802526699,0.154416717325701
"N387690__Homeostatic/regulatory fibroblasts__10","N387690","Normal","Homeostatic/regulatory fibroblasts",10,25,1.19754373282461,0.616777109630861,0.150871769101468
"N387690__Homeostatic/regulatory fibroblasts__11","N387690","Normal","Homeostatic/regulatory fibroblasts",11,22,6.32734710278122,0.267852032180301,0.219549570214032
"N387690__Homeostatic/regulatory fibroblasts__2","N387690","Normal","Homeostatic/regulatory fibroblasts",2,25,0.217448617815727,0.72566983680844,0.152854281765644
"N387690__Homeostatic/regulatory fibroblasts__3","N387690","Normal","Homeostatic/regulatory fibroblasts",3,25,0.265116883639943,0.660389851129559,0.136785993421561
"N387690__Homeostatic/regulatory fibroblasts__4","N387690","Normal","Homeostatic/regulatory fibroblasts",4,25,0.303432606388027,0.689109034703967,0.135127854584865
"N387690__Homeostatic/regulatory fibroblasts__5","N387690","Normal","Homeostatic/regulatory fibroblasts",5,25,0.338943697413972,0.647194737496673,0.135007656535763
"N387690__Homeostatic/regulatory fibroblasts__6","N387690","Normal","Homeostatic/regulatory fibroblasts",6,25,0.382012240000084,0.775909326062747,0.133592112714304
"N387690__Homeostatic/regulatory fibroblasts__7","N387690","Normal","Homeostatic/regulatory fibroblasts",7,25,0.425488411832065,0.678260296386901,0.126292275470664
"N387690__Homeostatic/regulatory fibroblasts__8","N387690","Normal","Homeostatic/regulatory fibroblasts",8,25,0.475496947652151,0.712805280611363,0.120209668540844
"N387690__Homeostatic/regulatory fibroblasts__9","N387690","Normal","Homeostatic/regulatory fibroblasts",9,25,0.559930481239538,0.751974498442962,0.116223399492676
