"gene","module"
"COL1A1","green"
"COL3A1","turquoise"
"SPARC","green"
"COL1A2","green"
"CST3","turquoise"
"TIMP1","turquoise"
"PTGDS","black"
"SFRP2","green"
"IGFBP7","turquoise"
"IGFBP3","brown"
"APOE","turquoise"
"MDK","turquoise"
"CXCL14","black"
"C1R","turquoise"
"IFITM3","turquoise"
"LGALS1","turquoise"
"SERPINF1","turquoise"
"THY1","turquoise"
"COL6A2","turquoise"
"PCOLCE","turquoise"
"COL6A1","turquoise"
"COMP","green"
"MALAT1","blue"
"COL5A1","green"
"CCDC80","turquoise"
"TMSB10","turquoise"
"COL5A2","green"
"SERF2","turquoise"
"FTL","turquoise"
"APOD","black"
"DCN","turquoise"
"CFD","black"
"IGFBP4","turquoise"
"COL6A3","turquoise"
"SERPINH1","green"
"RPS26","turquoise"
"BGN","turquoise"
"IFITM2","turquoise"
"PPIB","turquoise"
"FN1","green"
"RARRES2","turquoise"
"PTMA","brown"
"CCL19","black"
"AEBP1","green"
"NEAT1","blue"
"NNMT","turquoise"
"C1S","turquoise"
"WISP2","turquoise"
"IGF2","green"
"POSTN","green"
"MMP2","green"
"CTHRC1","green"
"MGP","turquoise"
"TCF4","brown"
"SLC35F1","brown"
"S100A11","turquoise"
"FBLN1","turquoise"
"TMSB4X","turquoise"
"CTSK","turquoise"
"RCN3","green"
"TAGLN","green"
"CD63","turquoise"
"B2M","turquoise"
"MARCKS","green"
"HLA-A","turquoise"
"CTSC","turquoise"
"RPL34","yellow"
"RPS27A","yellow"
"TIMP3","brown"
"RPS27","yellow"
"C3","black"
"ACTB","turquoise"
"RPL35A","yellow"
"NME1-NME2","turquoise"
"TRPS1","brown"
"RPL26","yellow"
"VCAN","turquoise"
"H3F3B","brown"
"CERCAM","green"
"MRC2","green"
"LUM","turquoise"
"FTH1","turquoise"
"PRKG1","blue"
"SERPING1","black"
"DPT","green"
"CD99","turquoise"
"HLA-B","black"
"VIM","yellow"
"OST4","turquoise"
"MYL6","turquoise"
"S100A13","turquoise"
"COL14A1","green"
"SSR4","turquoise"
"BNC2","blue"
"EMILIN1","turquoise"
"SLC27A4","turquoise"
"HTRA1","green"
"SERPINE2","brown"
"S100A6","turquoise"
"RPL41","yellow"
"TFAP2A","brown"
"NBL1","green"
"RPL21","yellow"
"ADAM12","pink"
"COPZ2","green"
"APCDD1","brown"
"HSPA1A","brown"
"PFN1","turquoise"
"FBN1","turquoise"
"GXYLT2","green"
"RPL37A","yellow"
"SPON2","green"
"HCFC1R1","turquoise"
"GAPDH","turquoise"
"MYL9","turquoise"
"RPL13A","yellow"
"JUNB","brown"
"RPS23","yellow"
"VKORC1","turquoise"
"CRABP2","green"
"RPL30","yellow"
"ATP5E","turquoise"
"INHBA","brown"
"MIR99AHG","blue"
"RPS9","yellow"
"PLAC9","turquoise"
"LMO4","brown"
"RPL6","yellow"
"RPL10","yellow"
"ASPN","green"
"RPL9","yellow"
"PPIC","turquoise"
"PHPT1","turquoise"
"HSPA1B","brown"
"TPT1","turquoise"
"LGALS3","turquoise"
"SH3BGRL3","turquoise"
"PLXDC2","blue"
"TCEB2","turquoise"
"PTN","green"
"SEMA3G","brown"
"FAU","yellow"
"LRP1","turquoise"
"RPL13","yellow"
"COL23A1","brown"
"JMJD1C","blue"
"RPS3A","yellow"
"IER2","brown"
"JUN","brown"
"ZFP36L2","yellow"
"RPL11","yellow"
"CFL1","turquoise"
"COL12A1","pink"
"RPL31","yellow"
"RPS13","yellow"
"RPL19","yellow"
"S100A4","yellow"
"RPL24","yellow"
"RORA","blue"
"RPL37","yellow"
"CREB3L1","green"
"RPL7","yellow"
"UQCR11","turquoise"
"CD81","yellow"
"ISLR","green"
"RPL17-C18orf32","yellow"
"GGT5","turquoise"
"RPS11","yellow"
"RPL38","yellow"
"RPL32","yellow"
"RPL23A","yellow"
"CFH","black"
"RPL29","turquoise"
"RPS15A","yellow"
"MT-CO3","brown"
"RPL4","yellow"
"RPL36A","yellow"
"RPL12","yellow"
"SOD3","black"
"RPLP0","turquoise"
"IGFBP5","black"
"RPL28","turquoise"
"LY6E","turquoise"
"P4HB","green"
"RPL18A","yellow"
"RPL5","yellow"
"RPS12","yellow"
"RPS25","yellow"
"RPL27A","yellow"
"GSN","magenta"
"MT2A","turquoise"
"GADD45G","brown"
"PMEPA1","brown"
"SPRY1","black"
"RPS20","yellow"
"AUTS2","blue"
"MRPS6","brown"
"RPS10","yellow"
"RPS14","yellow"
"CLEC11A","turquoise"
"FGFR1","brown"
"BMP4","brown"
"TSHZ2","blue"
"RP11-25H12.1","turquoise"
"ZBTB20","red"
"RPL23","yellow"
"UQCRQ","turquoise"
"AP000350.10","turquoise"
"COL8A1","green"
"RPL14","yellow"
"FTX","blue"
"RPL10A","yellow"
"PLPP3","black"
"CRIP1","black"
"RPS18","yellow"
"RPL22","yellow"
"FNDC3B","blue"
"CTSB","turquoise"
"HDLBP","green"
"ALX4","brown"
"KIF26B","blue"
"LGALS3BP","turquoise"
"MXRA5","green"
"ADIRF","brown"
"COL16A1","pink"
"LAMC3","brown"
"RPS21","yellow"
"SFRP4","green"
"RPL39","yellow"
"FOXP1","pink"
"APBB2","blue"
"COL18A1","turquoise"
"RPS6","yellow"
"ROR2","blue"
"UBA52","turquoise"
"THBS4","turquoise"
"CKAP4","green"
"S100A10","turquoise"
"GABARAP","turquoise"
"RPS28","yellow"
"RPS19","turquoise"
"FSTL1","turquoise"
"EBF1","magenta"
"RPL18","yellow"
"RPS10-NUDT3","yellow"
"RPS17","yellow"
"RPS29","turquoise"
"DIO2","brown"
"MT-ATP6","brown"
"POLR2L","turquoise"
"RPL36","yellow"
"NDUFA13","turquoise"
"NUCKS1","brown"
"RPS16","yellow"
"NGFR","turquoise"
"RPLP2","yellow"
"RRBP1","green"
"SNED1","black"
"HSPG2","green"
"BICC1","blue"
"RPL8","yellow"
"RPS4X","yellow"
"THBS2","green"
"IGFBP6","turquoise"
"RPS3","yellow"
"KDELR2","turquoise"
"SELM","turquoise"
"MT1X","turquoise"
"S100A8","turquoise"
"RABAC1","turquoise"
"GNB2L1","yellow"
"CEBPD","magenta"
"GPX1","turquoise"
"FBXL7","blue"
"RPS2","yellow"
"PTPRG","red"
"RHOC","turquoise"
"CPXM1","turquoise"
"RPS24","yellow"
"RPS8","yellow"
"FBLN2","turquoise"
"SOX4","brown"
"RUNX1T1","brown"
"STAG1","blue"
"STEAP1B","yellow"
"ANXA2","turquoise"
"LRRC15","green"
"RPS15","yellow"
"LAMA2","magenta"
"SLIT3","blue"
"TUBA1B","turquoise"
"DCLK1","blue"
"PFDN5","yellow"
"OOEP","yellow"
"RPL15","yellow"
"OLFML3","green"
"GSTP1","turquoise"
"DKK2","brown"
"MT-ND1","brown"
"RPS7","yellow"
"RPS5","yellow"
"SEPT11","pink"
"RPL35","yellow"
"RPL3","yellow"
"COL15A1","black"
"PPP1R14B","green"
"CYBA","turquoise"
"HLA-C","turquoise"
"RUNX1","blue"
"ADAMTS2","pink"
"SEPW1","turquoise"
"COL5A3","turquoise"
"PRDX5","turquoise"
"MAP4K4","pink"
"ITM2B","turquoise"
"TUBB","turquoise"
"BMP7","brown"
"C12orf57","yellow"
"GLTSCR2","brown"
"EFEMP2","turquoise"
"EIF1","yellow"
"HNRNPA1","yellow"
"PALLD","pink"
"RPL27","yellow"
"RPLP1","turquoise"
"EEF1A1","yellow"
"TMEM176B","turquoise"
"MT-CO2","brown"
"SLC5A3","brown"
"IER3","brown"
"BASP1","green"
"NACA","yellow"
"KRTCAP2","turquoise"
"TNN","brown"
"TMEM176A","turquoise"
"GAS6","turquoise"
"RPL7A","yellow"
"MT-ND4","brown"
"PDLIM2","turquoise"
"SNHG8","brown"
"CD248","turquoise"
"RBMS3","blue"
"PDZRN3","blue"
"PLA2G2A","black"
"SSR2","turquoise"
"NPC2","turquoise"
"TMEM258","turquoise"
"ROBO2","brown"
"TWIST1","brown"
"CD74","turquoise"
"ELN","green"
"TCF7L2","red"
"F2R","brown"
"NDUFB2","turquoise"
"HSP90AB1","brown"
"CDH11","blue"
"BTF3","yellow"
"FLNA","green"
"UBB","turquoise"
"MT-ND2","brown"
"PODN","turquoise"
"PRDX4","turquoise"
"NXN","blue"
"COX7C","turquoise"
"PTCH1","brown"
"EXOSC7","black"
"LTBP4","magenta"
"BRI3","turquoise"
"DYNLL1","turquoise"
"CAMK1D","blue"
"ARL4C","green"
"CALD1","turquoise"
"KRTDAP","grey"
"CHPF","green"
"CENPW","brown"
"C1orf122","turquoise"
"CALR","turquoise"
"TUBA1A","green"
"DAAM2","brown"
"CLU","black"
"CXCL12","black"
"PLEKHH2","red"
"FOXO3","brown"
"IFI27","turquoise"
"TPM2","green"
"BTG1","brown"
"TMA7","turquoise"
"DLC1","blue"
"ARPC1B","turquoise"
"TTC28","blue"
"OGN","green"
"DAB2","turquoise"
"PTMS","turquoise"
"ACTG1","yellow"
"CPE","brown"
"FKBP10","green"
"IFI27L2","turquoise"
"LUZP2","brown"
"ALDOA","turquoise"
"PSAP","turquoise"
"EEF1B2","turquoise"
"PRSS23","turquoise"
"GAS7","blue"
"ZFAND3","blue"
"FOSB","red"
"HIST1H4C","brown"
"EEF1G","yellow"
"ATOX1","green"
"RHOB","brown"
"CASC15","blue"
"RNASEK","turquoise"
"ECM1","turquoise"
"ABI3BP","black"
"CIRBP","brown"
"JUND","brown"
"RAB13","turquoise"
"LSP1","turquoise"
"C11orf96","turquoise"
"ANGPTL2","green"
"PPIA","turquoise"
"MYLIP","brown"
"MT-CYB","brown"
"MT-ND3","brown"
"ARID5B","brown"
"MACF1","blue"
"SPATS2L","pink"
"MED13L","blue"
"AC090498.1","turquoise"
"KIZ-AS1","turquoise"
"TXNIP","magenta"
"NAP1L1","brown"
"SEC61G","turquoise"
"AKAP13","red"
"PRRX1","brown"
"UBL5","turquoise"
"TOMM7","yellow"
"CACNA1C","blue"
"WWOX","blue"
"SEC61B","turquoise"
"TENM3","blue"
"ATP5I","turquoise"
"MYCBP2","brown"
"C9orf16","turquoise"
"EEF1D","yellow"
"MYDGF","turquoise"
"NEGR1","magenta"
"RPSA","turquoise"
"UBE2E2","blue"
"PARK7","turquoise"
"GPC6","blue"
"ARMC9","turquoise"
"RTEL1-TNFRSF6B","turquoise"
"COX6A1","turquoise"
"TAGLN2","turquoise"
"HMGB1","brown"
"PRKCDBP","turquoise"
"TSC22D1","brown"
"TPI1","turquoise"
"COX5B","turquoise"
"FOS","grey"
"IGFBP2","brown"
"PPDPF","turquoise"
"LAPTM4A","yellow"
"KRT2","brown"
"BCL2","brown"
"COX4I1","turquoise"
"HIST1H2BD","brown"
"ZFP36L1","turquoise"
"OLFML2B","turquoise"
"C1QTNF5","turquoise"
"COL4A2","turquoise"
"CHCHD2","turquoise"
"MYO1D","blue"
"COX8A","turquoise"
"SLC25A6","yellow"
"EMP3","turquoise"
"EEF2","yellow"
"TRIO","blue"
"COX6C","turquoise"
"ARPC2","turquoise"
"PKM","turquoise"
"HLA-E","yellow"
"LDB2","blue"
"COL11A1","pink"
"TNC","turquoise"
"PSMA7","turquoise"
"PARD3B","blue"
"RERE","red"
"GPR78","green"
"NREP","green"
"SH3PXD2B","blue"
"NDUFA11","turquoise"
"ARID1B","blue"
"IFI6","turquoise"
"RYR2","blue"
"LHFP","blue"
"MEG3","blue"
"AP2S1","turquoise"
"SPTBN1","black"
"SOX18","brown"
"ZFP36","grey"
"SRP14","yellow"
"RP11-849F2.7","yellow"
"GRIK1","brown"
"STMN2","black"
"NENF","turquoise"
"ZNHIT1","turquoise"
"MT-CO1","grey"
"NME4","turquoise"
"ATXN1","blue"
"TXNRD1","turquoise"
"MZT2B","turquoise"
"NDUFA4","turquoise"
"FOXN3","blue"
"CSTB","turquoise"
"KRT10","brown"
"EXT1","blue"
"HSPB1","turquoise"
"GRN","turquoise"
"LPP","blue"
"FMOD","turquoise"
"CAPZB","green"
"NUCB1","turquoise"
"SASH1","black"
"EDNRA","brown"
"ZFAS1","yellow"
"TSPO","turquoise"
"RBFOX2","yellow"
"MFAP4","turquoise"
"GPX4","turquoise"
"RASAL2","blue"
"BMP1","green"
"UQCR10","turquoise"
"INHBB","brown"
"AGAP1","blue"
"GNAS","yellow"
"NR2F2","turquoise"
"PLEKHA7","yellow"
"GUK1","turquoise"
"C19orf53","turquoise"
"PARD3","blue"
"ENO1","turquoise"
"SMOC2","turquoise"
"TCF12","blue"
"H3F3A","yellow"
"APRT","turquoise"
"COX7A1","turquoise"
"MAML2","blue"
"UQCRH","turquoise"
"HSP90B1","turquoise"
"EID1","yellow"
"CNTN4","blue"
"HAS2","turquoise"
"PGM2L1","brown"
"DDIT4","magenta"
"P3H3","green"
"NDUFA1","turquoise"
"NAALADL2","blue"
"COX6B1","turquoise"
"ATP5J2","turquoise"
"INAFM1","turquoise"
"CILP2","green"
"ATP6V0E1","turquoise"
"HTRA3","turquoise"
"MUSTN1","brown"
"CALM1","turquoise"
"CBLB","red"
"VAMP5","turquoise"
"ZDHHC14","brown"
"P4HA2","green"
"TPM4","green"
"FAM127A","turquoise"
"EGFR","magenta"
"SUMO2","yellow"
"ITGA8","brown"
"KRT14","grey"
"PRICKLE1","blue"
"ANAPC11","turquoise"
"RCN1","green"
"MFAP2","green"
"ATP5D","turquoise"
"COL4A1","turquoise"
"TMEM119","turquoise"
"C6orf48","yellow"
"RABGAP1L","blue"
"PEAK1","blue"
"IGF1","grey"
"SMYD3","blue"
"JTB","turquoise"
"MGST3","turquoise"
"H1FX","yellow"
"LSAMP","black"
"SNX29","blue"
"ROR1","blue"
"HMGN2","turquoise"
"TYMP","turquoise"
"NDUFB11","turquoise"
"LY6D","turquoise"
"SLIT2","blue"
"MYL12A","turquoise"
"P3H4","green"
"FAM101B","brown"
"CD9","brown"
"PEBP1","yellow"
"NTRK3","brown"
"TNRC6B","red"
"TXN","yellow"
"ANXA5","turquoise"
"KLF6","blue"
"EFEMP1","turquoise"
"TSC22D3","brown"
"ST13","brown"
"PRLR","brown"
"DAD1","turquoise"
"NUPR1","turquoise"
"C1QTNF6","green"
"KRT15","brown"
"CLMP","blue"
"LOXL1","turquoise"
"RPL36AL","yellow"
"SPON1","red"
"SON","brown"
"RPS27L","turquoise"
"EDIL3","blue"
"LAMA4","turquoise"
"SIK3","blue"
"MT1E","turquoise"
"ID1","brown"
"CEBPA","brown"
"KCTD7","blue"
"CD59","turquoise"
"ITGB1","turquoise"
"ACTA2","green"
"ITGB5","green"
"SEC61A1","green"
"VPS13B","blue"
"SNRPD2","turquoise"
"PABPC1","yellow"
"PRKD1","red"
"PDGFRB","turquoise"
"ARL15","blue"
"ID2","brown"
"NOTCH3","turquoise"
"PRDM1","brown"
"XYLT1","red"
"PYCR1","green"
"MKLN1","red"
"PHLDA3","turquoise"
"NPM1","yellow"
"APLP2","brown"
"SSC5D","green"
"SULF2","pink"
"ROBO1","blue"
"ROMO1","turquoise"
"FIS1","turquoise"
"SMG6","blue"
"HMCN1","blue"
"RASD1","brown"
"NAV1","blue"
"CLIC1","turquoise"
"CAPNS1","turquoise"
"GLG1","blue"
"DLEU2","blue"
"DKK3","brown"
"DLG2","blue"
"RAC1","yellow"
"TGFBI","turquoise"
"TPM1","green"
"RPL17","yellow"
"CYP7B1","black"
"PIEZO2","pink"
"COX7A2","turquoise"
"CYGB","turquoise"
"SETBP1","red"
"AC004448.5","turquoise"
"ATP5G3","turquoise"
"SULF1","pink"
"P3H1","green"
"EDF1","turquoise"
"NAA38","turquoise"
"PRELP","turquoise"
"A1BG","turquoise"
"BANF1","turquoise"
"BST2","turquoise"
"TIMP2","brown"
"ZFPM2","blue"
"TMED9","turquoise"
"MBNL1","blue"
"YBX1","turquoise"
"TWIST2","black"
"PHLDB1","blue"
"XIST","blue"
"ZEB2","brown"
"PDE4D","blue"
"ENAH","blue"
"BSG","turquoise"
"ATRAID","turquoise"
"MYEOV2","turquoise"
"ASH1L","blue"
"PLIN3","turquoise"
"CCDC3","brown"
"TUBA1C","green"
"DBI","turquoise"
"LGR4","blue"
"USP34","blue"
"PSD3","blue"
"WDR83OS","turquoise"
"HIST2H2BE","brown"
"AK1","turquoise"
"ADAMTS14","blue"
"YBX3","turquoise"
"ISOC2","turquoise"
"PTK2","blue"
"C19orf43","yellow"
"LAMA3","brown"
"ABCA8","magenta"
"RARRES3","turquoise"
"HM13","green"
"LTBP1","black"
"RND3","brown"
"PRKCE","blue"
"RP11-20I23.1","turquoise"
"KRT1","brown"
"TMED3","turquoise"
"NFIB","black"
"TNFRSF12A","green"
"ARF5","turquoise"
"YWHAB","yellow"
"AHNAK","brown"
"AC005943.2","turquoise"
"CCNI","brown"
"UBC","turquoise"
"OAF","turquoise"
"TPST1","red"
"DMKN","grey"
"ANXA1","turquoise"
"PMP22","turquoise"
"ARL6IP4","turquoise"
"ZCCHC7","blue"
"RBM6","blue"
"MYL12B","turquoise"
"EIF5A","turquoise"
"NDUFB10","turquoise"
"AHR","turquoise"
"SOCS3","brown"
"NGFRAP1","turquoise"
"CD151","turquoise"
"SGCD","blue"
"KAZN","brown"
"SPIDR","red"
"CCL2","turquoise"
"DUSP1","grey"
"SEC62","yellow"
"PLTP","turquoise"
"MINOS1","turquoise"
"MXRA8","turquoise"
"LMNA","grey"
"ZEB1","blue"
"ZNF652","blue"
"DST","blue"
"C4orf48","turquoise"
"WNT5A","brown"
"KHDRBS1","brown"
"MAP4","blue"
"PTRF","turquoise"
"TANC2","blue"
"ANK2","blue"
"MRPL41","turquoise"
"ADK","blue"
"GNAQ","red"
"SENP3-EIF4A1","turquoise"
"SH3D19","blue"
"C19orf70","turquoise"
"FXYD1","turquoise"
"STAT3","black"
"LINC00152","turquoise"
"OAZ1","turquoise"
"MIR4435-2HG","turquoise"
"VGLL4","red"
"CTSD","turquoise"
"REV3L","blue"
"PSMB3","turquoise"
"F10","black"
"EHD2","green"
"ARHGAP10","red"
"AP2M1","turquoise"
"RBM3","turquoise"
"KREMEN1","brown"
"YIF1A","turquoise"
"ATP5J","turquoise"
"GLUL","brown"
"ATP5O","turquoise"
"OSTC","turquoise"
"ANP32B","brown"
"PDZRN4","blue"
"PDGFRL","turquoise"
"CAMK2D","blue"
"ZNF609","blue"
"CYP1B1","turquoise"
"CTD-3214H19.16","turquoise"
"NCL","yellow"
"PLPP1","blue"
"TNFRSF1A","turquoise"
"PTCH2","magenta"
"EIF3E","yellow"
"SYNE1","red"
"TMEM219","turquoise"
"PLOD1","green"
"MYO9A","red"
"PSME1","turquoise"
"LEPROT","black"
"SPARCL1","turquoise"
"RAB31","turquoise"
"NFIA","black"
"MRPS21","turquoise"
"IER5L","brown"
"KDELR1","turquoise"
"NFIX","turquoise"
"NFKBIA","magenta"
"MAGED1","green"
"IFI16","turquoise"
"SSBP2","red"
"CAV1","black"
"KIF13A","blue"
"SDK1","blue"
"HNRNPA3","yellow"
"AMOTL1","brown"
"CUTA","turquoise"
"FAM20C","turquoise"
"KRT5","grey"
"SOD1","yellow"
"CLIC4","red"
"SEC31A","blue"
"MAGI2","blue"
"PLEKHA5","blue"
"CRTAP","turquoise"
"FABP5","grey"
"C7orf50","green"
"TUBB4B","brown"
"ETV6","blue"
"FGL2","black"
"SEMA3A","blue"
"ARL6IP5","black"
"NDUFS6","turquoise"
"PDLIM7","green"
"PI16","magenta"
"HMCN2","pink"
"ISG15","turquoise"
"NEDD8","turquoise"
"GLI2","red"
"SEMA5A","red"
"FARP1","blue"
"HSPA8","turquoise"
"PERP","turquoise"
"NDUFB7","turquoise"
"SFN","grey"
"ADAMTS6","blue"
"PREX2","brown"
"ZMAT3","green"
"LDHA","turquoise"
"ATP5G2","yellow"
"C17orf89","turquoise"
"HNRNPM","brown"
"DOCK1","blue"
"NDUFS8","turquoise"
"GNAI2","green"
"S100A9","turquoise"
"CHD9","blue"
"ASAP1","blue"
"FTO","blue"
"PHLDA1","brown"
"S100A7","turquoise"
"SBF2","blue"
"BRE","blue"
"SHFM1","yellow"
"CTBP2","red"
"EIF3F","yellow"
"GOLM1","green"
"LAMB1","blue"
"GNG5","turquoise"
"EIF1AX","yellow"
"LINC00969","blue"
"LTBP3","turquoise"
"CALM3","turquoise"
"METRN","turquoise"
"NDUFA3","turquoise"
"SSR3","turquoise"
"SEC13","turquoise"
"C4orf3","turquoise"
"COL6A5","black"
"PSMB1","turquoise"
"COMMD6","yellow"
"CADM1","pink"
"EMP1","brown"
"EIF4G3","blue"
"NDUFS5","turquoise"
"UROD","turquoise"
"MYO1E","blue"
"KHDRBS3","turquoise"
"LINC-PINT","red"
"CALM2","yellow"
"C9orf3","red"
"PRDX2","turquoise"
"UQCRB","yellow"
"VEGFB","turquoise"
"MYH9","green"
"EGR1","blue"
"ATP5L","turquoise"
"IFITM1","turquoise"
"EIF4B","brown"
"STK3","blue"
"GADD45B","brown"
"TENM4","black"
"NFIC","grey"
"PTPRK","red"
"IGF1R","red"
"H1F0","brown"
"CTGF","green"
"PIK3R1","magenta"
"BIRC6","blue"
"LIMA1","pink"
"MKL1","blue"
"COPE","green"
"B4GALT2","green"
"S100A16","turquoise"
"CALML5","brown"
"LSM7","turquoise"
"NBEAL1","black"
"NDUFB8","turquoise"
"CLTB","turquoise"
"TNS1","blue"
"RWDD1","turquoise"
"PPP3CA","red"
"SNX9","red"
"NDUFB4","turquoise"
"SURF4","turquoise"
"VAMP2","brown"
"MFAP5","yellow"
"CASK","blue"
"COX7B","turquoise"
"SOD2","black"
"BMPR2","red"
"FUS","brown"
"SFRP1","brown"
"FKBP11","green"
"NDUFA6","turquoise"
"PCSK1N","brown"
"DPYSL2","brown"
"TMTC2","red"
"TNRC18","blue"
"FOXP2","red"
"KIAA1217","blue"
"ATP5H","turquoise"
"CEBPB","brown"
"COLEC12","brown"
"ARHGAP24","blue"
"PAM","black"
"FKBP1A","turquoise"
"FXYD5","brown"
"GAB2","blue"
"ANTXR1","blue"
"NDUFB1","turquoise"
"KMT2C","blue"
"HNRNPA2B1","yellow"
"EXOC4","blue"
"ADGRA2","black"
"NTRK2","brown"
"LAMTOR4","turquoise"
"EIF3K","turquoise"
"ASTN2","brown"
"PNRC1","brown"
"ATP5G1","turquoise"
"SDF4","turquoise"
"LAMB2","turquoise"
"CLTA","turquoise"
"CALU","green"
"CACHD1","brown"
"CSRP2","green"
"SEPP1","magenta"
"KLF12","blue"
"OLFM2","turquoise"
"ALKBH7","turquoise"
"MBD5","blue"
"SRPK2","blue"
"NF1","blue"
"MVP","turquoise"
"ARHGEF3","blue"
"USMG5","turquoise"
"CDK14","blue"
"ABCA10","magenta"
"ZHX2","blue"
"TAF10","turquoise"
"DDX17","red"
"DIP2C","blue"
"LDLRAD4","blue"
"ATP6V1F","turquoise"
"SERP1","turquoise"
"UTRN","blue"
"FYN","black"
"HNRNPD","brown"
"GUCY1A3","turquoise"
"HSP90AA1","grey"
"CHCHD3","grey"
"ECE1","red"
"ATG7","blue"
"DPYSL3","pink"
"METRNL","green"
"FOXO1","blue"
"DYNLRB1","turquoise"
"DSTN","brown"
"TTYH3","green"
"FLRT2","black"
"GFRA1","black"
"PDZD2","blue"
"MORF4L1","turquoise"
"LOX","green"
"BRK1","turquoise"
"PDIA3","turquoise"
"ANKRD11","blue"
"LINC00657","grey"
"FBL","yellow"
"HNRNPK","yellow"
"GLI3","black"
"MXRA7","turquoise"
"TMEM59","yellow"
"RBX1","turquoise"
"WSB1","blue"
"MCC","blue"
"GPATCH8","blue"
"BLOC1S1","turquoise"
"CACNB2","blue"
"CD44","black"
"PPFIBP1","blue"
"RP11-282O18.3","turquoise"
"CELF1","blue"
"MIF","turquoise"
"RPN1","turquoise"
"APOO","yellow"
"LAMTOR1","turquoise"
"MYOF","blue"
"AMBRA1","turquoise"
"ST5","blue"
"ID3","turquoise"
"POLD4","turquoise"
"C14orf2","turquoise"
"PTPRA","blue"
"POMP","turquoise"
"ACTN1","green"
"SRPX","black"
"DOCK4","blue"
"WIPF1","blue"
"GOLGA4","blue"
"UST","blue"
"VSTM4","brown"
"ARIH1","red"
"ZNF469","green"
"SVIL","blue"
"N4BP2L2","blue"
"ITGBL1","pink"
"TNFSF10","turquoise"
"PTPRM","blue"
"LARGE","blue"
"CHSY3","blue"
"NRP1","blue"
"ATPIF1","turquoise"
"DDT","turquoise"
"CDC42","turquoise"
"ADCY9","brown"
"CSNK2B","turquoise"
"LAMC1","turquoise"
"TGFB3","green"
"ZNF395","brown"
"MLEC","turquoise"
"IL32","turquoise"
"FCGRT","turquoise"
"APP","blue"
"IL1R1","turquoise"
"CRIP2","yellow"
"FKBP9","green"
"DNM1","blue"
"NFAT5","blue"
"ARF4","green"
"RBM39","blue"
"MLLT10","blue"
"FKBP2","turquoise"
"CDKN1A","turquoise"
"SLC39A7","turquoise"
"EVA1B","turquoise"
"DCD","grey"
"CCDC85B","turquoise"
"SH3PXD2A","green"
"TCEAL4","yellow"
"SET","yellow"
"CSMD2","blue"
"ANXA6","turquoise"
"TRMT112","yellow"
"AKT3","red"
"DPM3","turquoise"
"WBP5","turquoise"
"ZCCHC24","turquoise"
"RNASEH2C","turquoise"
"MRPL51","turquoise"
"ARF1","turquoise"
"MAGED2","green"
"KAT6B","red"
"NR4A1","brown"
"TIMM8B","turquoise"
"CUX1","blue"
"NSMCE2","blue"
"AQP1","turquoise"
"SF3B5","turquoise"
"GNB2","turquoise"
"CRABP1","brown"
"TAX1BP3","turquoise"
"EFNA5","black"
"TBL1XR1","red"
"TXNL4A","turquoise"
"NT5DC2","green"
"HLA-DRA","turquoise"
"EPB41L2","blue"
"BCL2L2-PABPN1","yellow"
"KMT2E","brown"
"ATP6V1G1","yellow"
"PSMD8","turquoise"
"PCBP2","yellow"
"AKAP9","blue"
"SRM","turquoise"
"TSPAN4","turquoise"
"HIC1","turquoise"
"CTSA","turquoise"
"ABCA6","black"
"ARHGDIA","turquoise"
"TUBB2A","green"
"ADD3","blue"
"RNF181","turquoise"
"PER1","brown"
"SSBP3","brown"
"ARPC3","turquoise"
"DPYD","blue"
"NCOA1","red"
"CLEC2B","turquoise"
"RBM8A","brown"
"EXOC6B","blue"
"ITGA11","pink"
"NOVA1","magenta"
"PDE3A","red"
"DLG1","blue"
"PLAU","turquoise"
"RAB6A","blue"
"FAM114A1","green"
"SRGAP1","blue"
"SEC11A","turquoise"
"MZT2A","turquoise"
"NSA2","yellow"
"EFHD1","brown"
"GATAD2B","blue"
"HIGD2A","turquoise"
"NDRG1","brown"
"RHOA","turquoise"
"EIF4A1","yellow"
"PSME2","turquoise"
"NFATC2","blue"
"GPX7","turquoise"
"CTSZ","turquoise"
"PPIG","brown"
"CACNA2D1","blue"
"HNRNPDL","brown"
"FRMD4A","blue"
"PBX1","blue"
"SERBP1","grey"
"UBE2K","blue"
"AES","yellow"
"HNRNPC","turquoise"
"ETFB","turquoise"
"AFF4","blue"
"BCL7C","turquoise"
"PCDH7","blue"
"KANSL1","blue"
"TMBIM6","turquoise"
"CRISPLD2","blue"
"NKD1","brown"
"SRRM2","blue"
"COL6A6","black"
"SLC16A1-AS1","blue"
"CNBP","brown"
"COL27A1","blue"
"ADAMTS9-AS2","red"
"NCOR2","blue"
"PGLS","turquoise"
"HOOK3","blue"
"CREBBP","red"
"FAP","pink"
"ERC1","blue"
"BCAS3","blue"
"PRRC2B","red"
"PRELID1","turquoise"
"ABL2","blue"
"GADD45GIP1","turquoise"
"FSCN1","green"
"RAD51B","blue"
"PGAM1","turquoise"
"PSMB5","turquoise"
"PRKCA","blue"
"DNAJB1","grey"
"ANKRD17","blue"
"SNRPF","turquoise"
"ARID4B","red"
"PDGFD","blue"
"ZNF385D","blue"
"ARHGEF28","brown"
"PCDH11X","brown"
"PKP4","brown"
"VMP1","blue"
"MARK3","blue"
"EIF3L","yellow"
"SHISA5","turquoise"
"CHMP2A","turquoise"
"GAS1","black"
"RNF24","brown"
"PDS5B","red"
"SDC1","green"
"NDUFB9","turquoise"
"DNAJC1","pink"
"ITCH","blue"
"TLN2","blue"
"EHBP1","blue"
"PID1","magenta"
"LAMP1","turquoise"
"NME1","turquoise"
"GARS","green"
"RUNX3","brown"
"CTSH","turquoise"
"HINT1","turquoise"
"KMT2A","red"
"DDAH2","turquoise"
"RPL22L1","turquoise"
"TCEAL2","brown"
"MAP1B","green"
"SKP1","yellow"
"MRPL52","turquoise"
"FNBP1","red"
"CHST11","red"
"PRKCSH","turquoise"
"RTN4","blue"
"CHCHD10","yellow"
"TOM1L2","red"
"WAC","blue"
"GJA1","green"
"TTC3","pink"
"TIMM13","turquoise"
"GAB1","blue"
"BICD1","blue"
"TRAPPC2L","turquoise"
"TXNDC5","turquoise"
"CDK2AP1","turquoise"
"SLC38A2","brown"
"PRDX6","turquoise"
"FRMD6","blue"
"EMID1","brown"
"ENPP2","brown"
"CLASP2","blue"
"RNF144A","blue"
"RNF216","blue"
"MGAT1","turquoise"
"VPS28","turquoise"
"TNRC6A","blue"
"ERH","turquoise"
"DSP","grey"
"LRRC32","turquoise"
"PAFAH1B1","blue"
"EPB41L4A-AS1","brown"
"PRH1","blue"
"ERGIC3","turquoise"
"FAF1","blue"
"AURKAIP1","turquoise"
"HEG1","pink"
"SRSF9","turquoise"
"PRDX1","turquoise"
"GNB1","brown"
"CISD1","turquoise"
"DEK","brown"
"NDUFC2","turquoise"
"RBMS1","blue"
"SH3KBP1","blue"
"COX5A","turquoise"
"SF1","brown"
"CNN3","turquoise"
"NDUFA2","turquoise"
"ATXN2","blue"
"MAP4K3","blue"
"MPG","turquoise"
"TPT1-AS1","blue"
"PARK2","blue"
"ZYX","turquoise"
"DCXR","brown"
"TNXB","black"
"MGAT5","red"
"MYH10","red"
"SETD5","blue"
"PLEC","turquoise"
"PDGFRA","brown"
"CADPS","blue"
"PDIA4","turquoise"
"SLC25A3","yellow"
"PLD3","turquoise"
"RAN","turquoise"
"OTUD7A","brown"
"TNPO1","red"
"MGEA5","blue"
"TMEM50A","turquoise"
"IMMP2L","blue"
"NLRP1","red"
"TIAM2","blue"
"RAB34","yellow"
"EVL","green"
"CYB5A","turquoise"
"SERINC1","brown"
"TRAPPC1","turquoise"
"RNF115","red"
"PSMB6","turquoise"
"CYR61","turquoise"
"EIF3G","turquoise"
"ATP10A","blue"
"CACNA2D3","brown"
"SEMA6B","turquoise"
"SCAND1","turquoise"
"SRSF3","brown"
"PUM1","red"
"FBXL20","blue"
"SEC24D","blue"
"DYNLL2","brown"
"CELF2","magenta"
"TACC1","magenta"
"PHACTR2","black"
"H6PD","black"
"NUAK1","brown"
"PET100","turquoise"
"CNN2","green"
"RXRA","red"
"MEGF6","pink"
"INSR","red"
"FOXD1","brown"
"UNK","red"
"UXT","turquoise"
"BMPR1A","blue"
"LAMTOR2","turquoise"
"KDELR3","green"
"ACAN","green"
"GOLGA2","pink"
"FOSL2","grey"
"S100A2","brown"
"FKBP14","green"
"APOC1","black"
"ABI2","red"
"KLF4","brown"
"PRICKLE4","yellow"
"PPP6R3","blue"
"TFDP2","brown"
"FAM168A","blue"
"ARHGAP1","green"
"PLAGL1","blue"
"CBFA2T2","blue"
"MTDH","grey"
"WWTR1","blue"
"RSPO3","brown"
"ACTN4","green"
"SRSF4","blue"
"PLA2R1","brown"
"CAMK2N1","yellow"
"CIC","brown"
"SUB1","turquoise"
"EMP2","grey"
"FMO1","turquoise"
"TGFB2","brown"
"SOBP","brown"
"JUP","grey"
"SORBS3","brown"
"PDCD5","turquoise"
"UBE2L6","turquoise"
"RUNX2","blue"
"SQSTM1","grey"
"EIF2S2","turquoise"
"RTF1","brown"
"RBPJ","blue"
"EPAS1","turquoise"
"ANXA4","blue"
"FAM35A","blue"
"BACE2","turquoise"
"RAB10","blue"
"NCOR1","red"
"YWHAQ","brown"
"HSBP1","turquoise"
"PLP2","turquoise"
"TMEM205","turquoise"
"FAM46A","blue"
"SLC38A10","green"
"MICU1","blue"
"CDKN1C","grey"
"DYNLT1","turquoise"
"PRRX2","yellow"
"TRIOBP","turquoise"
"CDC42EP5","turquoise"
"PRAF2","turquoise"
"TSHZ3","brown"
"UBE2D3","blue"
"HES1","black"
"DDR2","brown"
"FAM89B","turquoise"
"CTSF","yellow"
"NLGN1","brown"
"NDUFA12","turquoise"
"IER5","brown"
"C10orf10","black"
"BOC","black"
"TBCB","turquoise"
"SNF8","green"
"PTGIS","turquoise"
"RP11-14N7.2","turquoise"
"SPCS1","turquoise"
"UBE2H","blue"
"TEAD1","blue"
"NAGK","green"
"BCAP31","turquoise"
"GBF1","blue"
"WIF1","brown"
"LIMS1","blue"
"C20orf194","blue"
"FBLN7","turquoise"
"BTBD9","blue"
"STK24","brown"
"ARHGAP42","blue"
"SIPA1L1","blue"
"TAOK1","blue"
"CREB3L2","red"
"MXD4","turquoise"
"CACNB4","blue"
"PXDN","green"
"THBS3","green"
"SLC39A11","blue"
"CYB5R3","turquoise"
"ERBB2IP","red"
"PRICKLE2","blue"
"A2M","turquoise"
"CYTH3","blue"
"MT-ND5","grey"
"CSGALNACT1","black"
"ANPEP","yellow"
"VCL","blue"
"SETD2","blue"
"UBE2L3","turquoise"
"SNAI1","brown"
"RP11-417E7.2","turquoise"
"WASF2","yellow"
"PDXK","green"
"MRFAP1","yellow"
"MPHOSPH8","brown"
"FAM195B","turquoise"
"SNRPD3","turquoise"
"LGALS7B","grey"
"ADGRB3","brown"
"CSNK1G1","blue"
"MAN1A1","blue"
"NOP10","turquoise"
"RAB1A","blue"
"TLN1","turquoise"
"ANO2","brown"
"C11orf24","green"
"SRSF7","brown"
"NUCB2","turquoise"
"NR3C1","brown"
"POLR2A","blue"
"LDLRAD3","brown"
"RNH1","turquoise"
"TMEM261","turquoise"
"HNRNPAB","turquoise"
"PPP2R1A","turquoise"
"AFF3","blue"
"SAP18","yellow"
"VAT1","turquoise"
"DIO3","brown"
"SNRNP70","blue"
"DCC","brown"
"IRS2","brown"
"SEPT9","blue"
"BAZ2B","red"
"HEXIM1","brown"
"HIST1H1C","brown"
"UBXN1","brown"
"ATP1A1","brown"
"H2AFJ","turquoise"
"LRCH3","blue"
"SIVA1","turquoise"
"SBSN","grey"
"YWHAZ","grey"
"MEF2A","red"
"CTNNB1","blue"
"LRPAP1","turquoise"
"TOMM5","turquoise"
"EPB42","turquoise"
"MAFB","brown"
"BAIAP2","brown"
"TMEM208","turquoise"
"SOS2","blue"
"KDM2A","blue"
"PTPN14","blue"
"XG","pink"
"ITSN1","blue"
"KANK2","brown"
"KRT16","green"
"ELF2","pink"
"SIL1","pink"
"KDM4B","blue"
"ATP6V0B","turquoise"
"PTPRS","blue"
"EIF4G1","green"
"CDC42BPA","blue"
"SHC1","turquoise"
"PTPRD","blue"
"RPN2","turquoise"
"PCNXL2","turquoise"
"METTL7A","black"
"MEIS2","blue"
"SNU13","turquoise"
"SPCS2","yellow"
"ZNF521","blue"
"GPI","turquoise"
"C1QTNF3","green"
"MYO1C","turquoise"
"AFF1","blue"
"ATP5B","turquoise"
"TAOK3","red"
"TCF7L1","magenta"
"ACAP2","red"
"H2AFZ","turquoise"
"ANKRD12","red"
"OS9","turquoise"
"SNRPE","yellow"
"PIGT","turquoise"
"P4HA3","green"
"R3HDM2","blue"
"CYP26B1","brown"
"ARPC4","turquoise"
"IL11RA","turquoise"
"PSMB4","turquoise"
"CDKAL1","red"
"HOOK2","blue"
"KRT6A","turquoise"
"TMEM256","turquoise"
"STOM","brown"
"BPTF","blue"
"SCMH1","blue"
"PICALM","blue"
"C11orf31","turquoise"
"PTK7","blue"
"HEXA","turquoise"
"AQP3","green"
"KCNMA1","pink"
"SEMA3C","blue"
"PCDHGA1","turquoise"
"ZFAND5","brown"
"ANKIB1","blue"
"CAMLG","yellow"
"TBCA","turquoise"
"SNX3","turquoise"
"DNLZ","turquoise"
"CSNK1E","brown"
"CHD4","grey"
"MDH2","turquoise"
"PIN4","turquoise"
"ZMIZ1","red"
"EIF3H","yellow"
"TGFBR3","blue"
"RER1","turquoise"
"EIF4A2","brown"
"BCL3","turquoise"
"KCNQ1OT1","blue"
"EIF5B","yellow"
"BACH2","blue"
"ZFHX4","blue"
"MAP3K2","red"
"DAPK1","brown"
"COPA","green"
"SCO2","turquoise"
"COPS6","turquoise"
"TAPBP","turquoise"
"IQGAP1","blue"
"TPPP3","turquoise"
"TP53I13","green"
"PAN3","blue"
"BAD","turquoise"
"ERCC1","green"
"TMEM14C","turquoise"
"SORBS1","red"
"RSBN1L","brown"
"NME3","turquoise"
"MRPL20","yellow"
"SSH2","blue"
"DUT","grey"
"ASIP","brown"
"PACS1","pink"
"YY1","brown"
"FAM134B","blue"
"FHOD3","blue"
"LITAF","brown"
"DCTN3","turquoise"
"SLC24A3","brown"
"FGFR2","brown"
"ZSWIM6","blue"
"TCF25","blue"
"FST","green"
"TMEM99","grey"
"SMARCC1","blue"
"GSTO1","turquoise"
"DIP2B","blue"
"TMED2","turquoise"
"AKR1A1","turquoise"
"PCBP1","yellow"
"TBC1D5","blue"
"SLC44A2","brown"
"STX8","blue"
"CDK19","red"
"ECM2","black"
"KRT17","brown"
"FAM20A","turquoise"
"MT1M","magenta"
"CDR2","blue"
"TMEM45A","green"
"CDKN2A","green"
"PRR16","blue"
"CSDE1","yellow"
"TGFB1I1","green"
"UCHL1","green"
"SDCCAG8","blue"
"FAM213A","brown"
"NFATC4","brown"
"SAT1","blue"
"RSRP1","red"
"MMP24-AS1","turquoise"
"SENP6","blue"
"KTN1","red"
"GOLGA3","pink"
"OSBPL10","blue"
"SDC2","blue"
"SIPA1L3","blue"
"GLIS3","blue"
"HSPB6","turquoise"
"ZFHX3","blue"
"GLIPR2","green"
"NDUFS3","turquoise"
"RP11-307N16.6","blue"
"TBC1D22A","blue"
"MBNL2","blue"
"PPP1R15A","grey"
"SLC9A9","blue"
"RPL7L1","yellow"
"SUN2","brown"
"ABL1","blue"
"DNAJC15","turquoise"
"FUT11","turquoise"
"DNAJA1","red"
"FXYD3","grey"
"SORCS2","blue"
"RORB","brown"
"PCCA","blue"
"HSPE1","yellow"
"UFC1","turquoise"
"NUFIP2","red"
"EIF4G2","grey"
"TRPC4AP","blue"
"MON2","blue"
"RPS19BP1","turquoise"
"PARVA","blue"
"STARD13","red"
"RNF213","blue"
"ARHGAP44","brown"
"ZMYM2","blue"
"ACACA","blue"
"RAB14","brown"
"CCNY","blue"
"KLF5","brown"
"CBX6","yellow"
"LOXL2","pink"
"PA2G4","yellow"
"POGZ","blue"
"UNC5B","grey"
"SRSF11","grey"
"SH3RF3","blue"
"SEPT2","blue"
"DRAP1","turquoise"
"FCHSD2","blue"
"GPX8","turquoise"
"NHP2","yellow"
"UBD","black"
"CLIP1","blue"
"DHRS3","grey"
"SLIRP","turquoise"
"HMGN1","turquoise"
"CCDC107","green"
"PLXDC1","black"
"BRD2","brown"
"APOL1","turquoise"
"ATXN7L1","blue"
"PCM1","red"
"PLEKHG1","blue"
"SRA1","turquoise"
"PHACTR4","red"
"CHD3","green"
"DDX46","brown"
"UBE2R2","blue"
"MGLL","brown"
"QKI","blue"
"SNAI2","yellow"
"IDH2","green"
"RYK","brown"
"EFNB1","brown"
"HERC4","red"
"TXNDC17","turquoise"
"HIST1H2BJ","brown"
"AC024592.12","turquoise"
"TMBIM4","yellow"
"MRPL14","turquoise"
"SLC25A5","turquoise"
"FBXO11","blue"
"EBF2","magenta"
"VAV2","blue"
"PSMB8","turquoise"
"FER","blue"
"CUEDC1","pink"
"LAMP5","turquoise"
"PURA","brown"
"RGCC","grey"
"CDC42EP4","brown"
"PTH1R","brown"
"TMEM98","turquoise"
"PSMB9","turquoise"
"BRD4","blue"
"RC3H1","red"
"C11orf58","yellow"
"SCUBE3","brown"
"TRIM28","brown"
"TRPM7","blue"
"CYC1","turquoise"
"TPBG","brown"
"TRIM56","brown"
"CCL14","turquoise"
"TMED10","turquoise"
"TPCN1","blue"
"RP1-79C4.4","blue"
"GPAA1","turquoise"
"PDXDC1","blue"
"USP53","black"
"GRINA","turquoise"
"LINC00493","yellow"
"DNPH1","turquoise"
"CXXC5","turquoise"
"MARVELD1","turquoise"
"ST6GALNAC6","turquoise"
"NCAM1","brown"
"JAZF1","blue"
"KPNB1","turquoise"
"CTDNEP1","turquoise"
"FAAP20","turquoise"
"SEMA3B","pink"
"GPNMB","black"
"ITM2A","turquoise"
"ST3GAL4","brown"
"NCOA2","blue"
"POLR2I","yellow"
"HNRNPUL1","brown"
"PRRC2C","blue"
"CYP20A1","brown"
"NDUFAF3","turquoise"
"USP31","brown"
"AC018890.6","turquoise"
"IQGAP2","brown"
"CHID1","turquoise"
"PTGES3","brown"
"TMEM173","turquoise"
"IFT20","green"
"HDAC7","blue"
"CIB1","turquoise"
"CCDC124","turquoise"
"AKAP12","blue"
"PPP6R2","blue"
"MSN","turquoise"
"THBS1","green"
"MRPS24","turquoise"
"RAB2A","blue"
"ACYP2","blue"
"TOMM20","yellow"
"SYF2","brown"
"SCARA5","black"
"IRF2BP2","blue"
"FAM222B","blue"
"GNA11","grey"
"PLEKHA4","turquoise"
"TGFBR2","turquoise"
"LRBA","blue"
"DIAPH2","blue"
"KDM6A","blue"
"CASC4","blue"
"SPATS2","blue"
"PHB2","turquoise"
"ATP2B4","blue"
"KLC1","blue"
"UBR3","blue"
"MLXIP","blue"
"UQCC2","turquoise"
"HDAC5","brown"
"CDK13","blue"
"HIST1H2BG","brown"
"SVEP1","brown"
"SLC20A2","red"
"COPZ1","turquoise"
"SERTAD1","yellow"
"HDGF","brown"
"TTC17","red"
"CTDSP1","yellow"
"EPC1","brown"
"OSR2","black"
"ATP1B3","brown"
"NUTF2","turquoise"
"NDFIP1","blue"
"ZCCHC14","red"
"SMURF2","blue"
"LSM3","turquoise"
"DDX39B","brown"
"AHNAK2","green"
"FNDC1","green"
"BUD31","turquoise"
"PPP2R5E","blue"
"C16orf13","turquoise"
"BBX","brown"
"TSPAN5","blue"
"MFGE8","turquoise"
"ZBTB38","brown"
"NDUFB6","turquoise"
"HEYL","turquoise"
"PDIA6","turquoise"
"ADCY3","brown"
"EIF4E2","turquoise"
"NID2","turquoise"
"HSPA5","turquoise"
"STAG2","red"
"FUT8","blue"
"MYO10","blue"
"TMEM14B","blue"
"NHS","blue"
"CD82","turquoise"
"TUBB6","green"
"FAM96B","turquoise"
"TNFAIP6","green"
"CEP170","blue"
"COLGALT1","turquoise"
"XRCC5","brown"
"SNRPG","turquoise"
"ENOX1","blue"
"ASPH","blue"
"HNRNPR","brown"
"KIAA0368","blue"
"TANC1","blue"
"CKLF","turquoise"
"ADNP","blue"
"LMAN1","turquoise"
"ROCK1","blue"
"NTN1","brown"
"TEX14","brown"
"SYNE3","brown"
"YIPF3","turquoise"
"DENND4C","blue"
"B4GALT1","pink"
"AC072062.1","turquoise"
"PKN2","red"
"DAP","green"
"TMEM214","green"
"RP11-145A3.1","blue"
"LGMN","turquoise"
"COA3","turquoise"
"VPS13D","blue"
"KIF1B","blue"
"SRRM1","brown"
"TXN2","turquoise"
"PBRM1","blue"
"NPDC1","turquoise"
"SPTAN1","blue"
"SF3B6","turquoise"
"ANKHD1","blue"
"FKBP8","turquoise"
"CCL27","turquoise"
"KLF9","red"
"LDHB","turquoise"
"ATP5A1","yellow"
"NRXN2","turquoise"
"C7orf73","turquoise"
"SMDT1","yellow"
"ARHGEF12","blue"
"POLR2E","turquoise"
"ARFGAP1","pink"
"CTTN","pink"
"PLAUR","green"
"PHF21A","red"
"SPRED1","red"
"PINK1-AS","turquoise"
"RUFY3","blue"
"EIF4EBP1","turquoise"
"AHDC1","blue"
"ECHS1","turquoise"
"SRPRB","green"
"SCARF2","green"
"EIF3A","brown"
"FAM162A","turquoise"
"GEM","brown"
"UVRAG","blue"
"PPL","brown"
"ST3GAL2","pink"
"DBN1","green"
"XPR1","blue"
"GTF2IRD1","blue"
"SNRPN","brown"
"MMP14","green"
"CTNNA1","brown"
"KIRREL","blue"
"RAF1","red"
"LOR","brown"
"ATXN3","red"
"FLNC","green"
"CYSTM1","turquoise"
"SAV1","black"
"TAX1BP1","grey"
"EHMT1","blue"
"SSBP1","turquoise"
"HERC1","blue"
"IP6K2","brown"
"CAP1","turquoise"
"HNRNPU","grey"
"ARHGEF10","blue"
"AAK1","blue"
"PHB","turquoise"
"AGAP3","brown"
"RANBP1","turquoise"
"SIK2","red"
"CDR1-AS","yellow"
"EGFLAM","brown"
"SRGAP2","blue"
"SNX6","turquoise"
"RAP1GAP2","brown"
"MRPL57","turquoise"
"COMMD3","turquoise"
"SRI","turquoise"
"MEA1","turquoise"
"BNIP3L","brown"
"MPZL1","green"
"PKIG","turquoise"
"LMAN2","turquoise"
"ZNF292","blue"
"PDLIM1","brown"
"THOC7","turquoise"
"TERF2IP","brown"
"PPFIA1","blue"
"SMTN","pink"
"FBXL17","blue"
"SLC6A6","grey"
"PTP4A2","turquoise"
"ACKR1","green"
"LYST","blue"
"PLSCR4","magenta"
"OGDH","blue"
"FBLIM1","turquoise"
"RSL1D1","yellow"
"AGO3","blue"
"ILK","turquoise"
"ARIH2","blue"
"AP3D1","blue"
"PTBP2","red"
"MAST2","blue"
"ETHE1","turquoise"
"YAP1","blue"
"TECR","turquoise"
"ITPRIPL2","brown"
"DGKI","blue"
"LEF1","brown"
"DAGLB","blue"
"EPHX1","turquoise"
"STMN1","brown"
"FMNL2","red"
"RSU1","blue"
"CEP112","blue"
"RAI14","blue"
"MLF2","yellow"
"TAF15","blue"
"LRRFIP1","blue"
"NBAS","blue"
"CACYBP","grey"
"COG5","blue"
"FAM229B","turquoise"
"TWF2","turquoise"
"NDUFC1","turquoise"
"LRP1B","brown"
"RNF38","red"
"LMF2","green"
"ESYT2","blue"
"ECHDC2","red"
"MYADM","yellow"
"XRCC6","yellow"
"BRAF","red"
"SF3B2","yellow"
"FKBP7","turquoise"
"RARG","grey"
"NDRG2","brown"
"MAN1B1","green"
"VCP","grey"
"MDFIC","blue"
"GNG11","turquoise"
"KLHL29","blue"
"HNRNPA0","yellow"
"SLC2A3","blue"
"C14orf37","blue"
"TLE4","red"
"YPEL3","grey"
"AC007192.4","turquoise"
"SOS1","blue"
"TMEM147","turquoise"
"CCT7","yellow"
"WDFY2","red"
"KIAA0930","turquoise"
"POLR2G","turquoise"
"PPP1CA","turquoise"
"APOBEC3C","turquoise"
"PSMB7","grey"
"UBE2I","yellow"
"NCAM2","black"
"DYNC1LI2","grey"
"SERINC3","brown"
"DGKH","red"
"UBE2E1","blue"
"MYLK","pink"
"RFWD2","blue"
"SEC63","blue"
"CHURC1","turquoise"
"ARAP1","turquoise"
"ARHGAP21","blue"
"EPHA3","blue"
"PSENEN","turquoise"
"JOSD2","turquoise"
"PRPF8","brown"
"ARL2","turquoise"
"SERPINE1","blue"
"CRK","grey"
"PBX3","blue"
"ATE1","brown"
"TSPAN18","brown"
"RP11-231C18.3","blue"
"LASP1","pink"
"TSPAN9","blue"
"ANAPC16","grey"
"PSMF1","grey"
"GLIS1","blue"
"RIN2","blue"
"MATR3","magenta"
"TMEM204","brown"
"ANKRD10","blue"
"ABCC1","blue"
"SEPT7","turquoise"
"TBL1X","red"
"TNKS1BP1","green"
"EPHB3","green"
"PRR13","turquoise"
"STAT2","blue"
"BANP","brown"
"RBP5","black"
"XIAP","blue"
"ZCRB1","turquoise"
"ERP29","turquoise"
"CILP","green"
"GPR173","blue"
"ENY2","turquoise"
"PRDM2","blue"
"CTSL","turquoise"
"GALNT2","blue"
"WTAP","black"
"IRF1","brown"
"CERS6","blue"
"CRYAB","turquoise"
"DDX5","yellow"
"COMMD1","blue"
"CANX","yellow"
"SNHG7","brown"
"MAP1A","grey"
"XBP1","green"
"ADD1","blue"
"PPP1R12A","blue"
"DDOST","turquoise"
"YIPF4","blue"
"C14orf166","turquoise"
"MANF","turquoise"
"HECTD1","blue"
"MAN1C1","turquoise"
"MRPL40","turquoise"
"SUGCT","blue"
"RAB7A","blue"
"DOK6","blue"
"PLK2","brown"
"KLF7","blue"
"ZBTB16","magenta"
"SARAF","brown"
"COX7A2L","turquoise"
"PSMC5","turquoise"
"EIF3I","turquoise"
"HLA-DRB1","turquoise"
"MAST4","blue"
"HMGN3","black"
"THRAP3","blue"
"PRNP","magenta"
"MAP2K5","blue"
"HS6ST1","brown"
"SNRPC","turquoise"
"MYO9B","blue"
"TALDO1","turquoise"
"DEFB1","turquoise"
"MOXD1","black"
"PDAP1","turquoise"
"NID1","magenta"
"ADGRL3","red"
"RAMP2","grey"
"NDUFS4","turquoise"
"SLC44A1","grey"
"C16orf45","blue"
"SNRPB","yellow"
"DENND2A","blue"
"DAZAP2","brown"
"CTC-479C5.12","turquoise"
"RP1-34H18.1","blue"
"MCL1","grey"
"ITM2C","turquoise"
"SCAF11","blue"
"CTDSP2","grey"
"TMCC1","blue"
"MRPL36","turquoise"
"ATP9B","blue"
"PKD1","blue"
"ATF4","turquoise"
"NSRP1","blue"
"CTDSPL","magenta"
"TNS3","blue"
"DEGS1","turquoise"
"ESD","turquoise"
"TCEAL8","turquoise"
"ZBTB7A","grey"
"PLD1","blue"
"MYO1B","blue"
"APPL1","black"
"TMEM87A","blue"
"C1orf123","turquoise"
"TMEM120B","blue"
"FAM172A","blue"
"GFPT1","blue"
"IDS","brown"
"CUL3","blue"
"DLL1","brown"
"CAST","grey"
"STXBP5","blue"
"SAMD4A","blue"
"FAM19A5","brown"
"GIGYF2","blue"
"STON2","blue"
"VTI1B","turquoise"
"REXO2","turquoise"
"CSNK1A1","blue"
"OPHN1","red"
"FAM13A","red"
"EI24","yellow"
"SPAG9","blue"
"CLSTN1","blue"
"NUDC","yellow"
"LPAR1","blue"
"SEPN1","turquoise"
"RRAS","turquoise"
"NUDT3","grey"
"CSTA","grey"
"RALBP1","grey"
"RP11-146B14.1","blue"
"NAV3","blue"
"TGFB1","grey"
"DENND5B","red"
"OXR1","blue"
"GMDS-AS1","blue"
"HNRNPL","grey"
"TPM3","turquoise"
"ELAVL1","blue"
"HES4","turquoise"
"ANXA11","turquoise"
"HLCS","blue"
"TCEAL3","yellow"
"UBE4B","blue"
"GSTK1","turquoise"
"C19orf60","turquoise"
"DLG5","red"
"CPNE1","green"
"EAPP","yellow"
"GTF3A","turquoise"
"KLF2","turquoise"
"CUEDC2","turquoise"
"POLR2J","turquoise"
"PDSS2","blue"
"MAPKBP1","blue"
"POLR2F","turquoise"
"ERLEC1","turquoise"
"EIF2B3","blue"
"AKT1","grey"
"TRAF3IP2-AS1","blue"
"HERC2","brown"
"PTEN","blue"
"FRY","blue"
"SNX8","green"
"NOL7","yellow"
"NDUFS7","turquoise"
"VGLL3","pink"
"EMC7","turquoise"
"MED13","blue"
"GINM1","turquoise"
"FERMT2","grey"
"SPIRE1","blue"
"ERGIC1","grey"
"MAP3K4","blue"
"DDX18","yellow"
"H2AFY","blue"
"THRB","red"
"MRPL33","grey"
"HEXB","turquoise"
"S100A14","brown"
"TLE1","brown"
"ZNF131","blue"
"NRBP1","turquoise"
"LSM2","turquoise"
"MIDN","grey"
"DAB1","red"
"TNRC6C","brown"
"CRELD2","turquoise"
"CHD6","brown"
"RBM14-RBM4","turquoise"
"CBR3","magenta"
"PPA1","yellow"
"FOXK1","blue"
"MAGI1","red"
"FREM1","brown"
"GAA","turquoise"
"GTF2H5","turquoise"
"ATM","red"
"FHL1","black"
"NDN","yellow"
"HLA-F","black"
"NOP56","grey"
"SHOX2","brown"
"METTL16","blue"
"SNRNP200","brown"
"SNRPB2","yellow"
"PTPRT","brown"
"CFLAR","blue"
"USP9X","blue"
"NDUFV2","turquoise"
"PLXND1","brown"
"INTS6","blue"
"TM9SF3","brown"
"CYBRD1","brown"
"WLS","brown"
"C1QTNF1","brown"
"UBE2D2","grey"
"EIF5","turquoise"
"UBE2B","grey"
"AFAP1","blue"
"ZFR","blue"
"PRCP","black"
"TMEM248","grey"
"VIMP","turquoise"
"BAZ2A","brown"
"TENM2","magenta"
"ACBD3","pink"
"FAM208B","blue"
"PSMC3","turquoise"
"CHMP3","yellow"
"SRSF5","magenta"
"PARVB","pink"
"NCOA7","black"
"WDFY3","blue"
"AKR1C3","turquoise"
"SLC7A6","blue"
"C11orf68","turquoise"
"NIPBL","brown"
"UBTF","grey"
"DCHS1","green"
"WDR86","brown"
"PTGFR","brown"
"SREK1IP1","yellow"
"ZNF106","pink"
"OSBPL5","red"
"KPNA6","blue"
"COX14","turquoise"
"PRKAR2A","blue"
"PIBF1","blue"
"TRA2A","blue"
"NAA10","turquoise"
"XPO1","blue"
"CNPY2","turquoise"
"DYRK1A","red"
"CENPB","turquoise"
"SIGMAR1","turquoise"
"NR2F2-AS1","magenta"
"RNF187","turquoise"
"TNFRSF10D","brown"
"FKBP5","red"
"UACA","blue"
"TOP1","brown"
"MIRLET7BHG","blue"
"GOLPH3","blue"
"ENSA","brown"
"IMPDH2","turquoise"
"ZNF428","turquoise"
"TFCP2","blue"
"UBXN6","turquoise"
"NRDC","blue"
"QSOX1","green"
"GALNS","pink"
"MRPS34","turquoise"
"KCND2","blue"
"CCBE1","black"
"AP3B1","blue"
"GTF3C6","turquoise"
"SAR1A","turquoise"
"GOPC","grey"
"LAMTOR5","turquoise"
"C6orf89","grey"
"ARHGEF7","blue"
"DYNC1H1","blue"
"PRMT1","turquoise"
"OSBPL8","blue"
"FGGY","blue"
"TTC7A","blue"
"MBTD1","blue"
"LRRC59","turquoise"
"HNRNPH1","brown"
"JPX","blue"
"CMTM3","turquoise"
"RSRC1","brown"
"MED15","blue"
"SP1","brown"
"FAM193A","blue"
"CLASP1","blue"
"UBR5","blue"
"STUB1","turquoise"
"NEK6","blue"
"ZNF703","grey"
"CHFR","blue"
"PDS5A","blue"
"FARS2","blue"
"RP11-701H24.9","brown"
"DPM2","turquoise"
"AAMDC","turquoise"
"DHX36","brown"
"CD302","black"
"TSPAN3","turquoise"
"PCNX","blue"
"SWI5","turquoise"
"UBE3C","blue"
"NDUFAB1","turquoise"
"FAM120A","grey"
"MRPL54","turquoise"
"LINC00578","brown"
"PLPP4","pink"
"EEF2K","blue"
"HIST1H2BB","brown"
"BAIAP2L1","blue"
"SKI","blue"
"PSMD4","turquoise"
"RSPO4","yellow"
"POLR1D","yellow"
"GTF2I","blue"
"HS3ST6","brown"
"INVS","blue"
"TMTC1","blue"
"ZNF148","red"
"CPQ","black"
"MLLT6","blue"
"PPP3CC","blue"
"KDSR","brown"
"NOC2L","brown"
"FAM50A","turquoise"
"HEBP1","turquoise"
"MECP2","red"
"RNF149","blue"
"PPP3CB","blue"
"WDR82","brown"
"ADAM33","blue"
"FIBP","turquoise"
"ZCCHC11","blue"
"TSC22D2","blue"
"VDAC2","grey"
"PSMD3","grey"
"LTBR","turquoise"
"CDC37","turquoise"
"SLC25A43","blue"
"ANKH","blue"
"YIPF5","turquoise"
"HNRNPH3","brown"
"GALNT10","blue"
"HIF1A","blue"
"SLC39A1","turquoise"
"C16orf52","brown"
"SERPINA3","turquoise"
"ZNF618","brown"
"MTPN","brown"
"CFDP1","blue"
"WBSCR17","blue"
"PRKAR1A","black"
"PMVK","turquoise"
"THSD4","brown"
"NBPF19","blue"
"AHI1","blue"
"ARL3","yellow"
"SSH1","blue"
"ALDH1A3","turquoise"
"ARHGAP28","blue"
"PLXNB2","turquoise"
"HADHA","grey"
"ATF3","blue"
"MTCH1","turquoise"
"NAPA","grey"
"NUMB","blue"
"AGTRAP","turquoise"
"SUMO3","turquoise"
"EPN1","turquoise"
"AIMP1","brown"
"AUP1","turquoise"
"FMNL3","blue"
"SCFD1","blue"
"DGCR6L","turquoise"
"EEA1","blue"
"BTBD7","blue"
"VIT","magenta"
"MMP11","turquoise"
"TRIM2","red"
"ASAP3","blue"
"MSRB3","turquoise"
"PTTG1IP","turquoise"
"PEA15","turquoise"
"MEIS1","red"
"TMEM179B","turquoise"
"ADAMTS12","pink"
"DIO3OS","brown"
"MUM1","brown"
"HSD17B10","turquoise"
"XRN1","red"
"ZHX3","blue"
"ARID1A","blue"
"RHOBTB3","black"
"CENPP","pink"
"SLC25A36","brown"
"MAP1LC3A","turquoise"
"WNK1","blue"
"TNFSF13B","black"
"PCSK5","blue"
"EIF6","turquoise"
"DHRSX","blue"
"MDFI","turquoise"
"NFATC3","blue"
"GANAB","blue"
"CLEC16A","blue"
"EBPL","turquoise"
"FBXO42","blue"
"HP1BP3","blue"
"RHOT2","blue"
"DAPK3","green"
"SCFD2","blue"
"MPRIP","blue"
"TMEM259","grey"
"TMOD3","blue"
"ATAD2B","blue"
"YEATS2","blue"
"POLE4","turquoise"
"WDR33","red"
"EVI5","blue"
"TNKS","red"
"CAPN1","turquoise"
"CST6","brown"
"PLXNA2","blue"
"DOCK9","red"
"RP11-69I8.3","brown"
"NFE2L2","magenta"
"SMIM7","turquoise"
"CHRD","pink"
"XXbac-BPG116M5.17","turquoise"
"MYL6B","turquoise"
"CRLF1","brown"
"MAP2K7","brown"
"MRPL17","turquoise"
"SPIN1","blue"
"COL21A1","brown"
"APOA1BP","turquoise"
"ITIH5","black"
"VPS51","brown"
"NDUFAF2","turquoise"
"LYPD3","grey"
"PNKD","yellow"
"TMEM141","turquoise"
"PFDN2","turquoise"
"NKAIN3","blue"
"MAP7D1","green"
"JAG1","brown"
"ECH1","turquoise"
"RGS16","black"
"PHF14","blue"
"FLNB","turquoise"
"VTI1A","red"
"C11orf73","turquoise"
"CAMTA1","grey"
"C19orf24","turquoise"
"NR3C2","brown"
"PAK2","blue"
"ITGB1BP1","turquoise"
"AXL","blue"
"GPBP1L1","red"
"RNASE4","brown"
"ACTR2","blue"
"GGA2","blue"
"YTHDC1","brown"
"YKT6","green"
"MAPK1","blue"
"CHMP2B","turquoise"
"MAZ","turquoise"
"DPP7","black"
"SBNO1","red"
"SSB","yellow"
"KMT5B","blue"
"FAM43A","brown"
"NSD1","blue"
"ZNFX1","blue"
"SPRED2","blue"
"PDE9A","brown"
"CACNA1G","brown"
"EPHB2","pink"
"ZNF83","blue"
"WDR70","blue"
"TMEM132C","brown"
"LATS2","blue"
"ZNF503","brown"
"NFE2L1","turquoise"
"RBMS2","red"
"ATP5C1","turquoise"
"GPC3","magenta"
"SSU72","yellow"
"BCL6","blue"
"ADAMTSL1","black"
"CDK17","blue"
"TMEM109","yellow"
"CDC14B","blue"
"DDB2","blue"
"RP11-437B10.1","brown"
"USP32","blue"
"LARP4B","blue"
"GLMP","turquoise"
"PNISR","brown"
"ZNF532","blue"
"PSMD9","turquoise"
"ITFG1","blue"
"NEO1","blue"
"NRP2","blue"
"RAP1A","blue"
"NSMCE1","turquoise"
"NCOA6","blue"
"RP11-492E3.51","pink"
"SAMHD1","black"
"MRPL12","turquoise"
"GRK5","blue"
"IGDCC4","blue"
"EPN2","blue"
"SELK","yellow"
"CACNA1D","brown"
"ACVRL1","black"
"PUF60","turquoise"
"SFSWAP","red"
"RBM25","blue"
"CYB561","green"
"TRAPPC3","turquoise"
"PRMT2","grey"
"KAT6A","brown"
"PHC2","blue"
"ST3GAL3","blue"
"ALDH2","brown"
"NHSL2","blue"
"RNPS1","blue"
"NUMA1","brown"
"NUTM2A-AS1","blue"
"NPLOC4","blue"
"RALA","blue"
"TFPI","black"
"GALNT1","grey"
"MRPL43","turquoise"
"SMURF1","blue"
"MPC2","turquoise"
"JAK1","grey"
"PHF20","blue"
"ABR","blue"
"SLC3A2","turquoise"
"HNMT","black"
"GRB10","blue"
"SCP2","turquoise"
"RAB3GAP1","blue"
"ZNF638","blue"
"TMEM9","turquoise"
"ADH5","grey"
"UBE2G2","blue"
"C11orf49","blue"
"SLMAP","blue"
"DNAJC8","turquoise"
"ELF1","blue"
"TBC1D4","red"
"ZNF704","red"
"ERBB2","blue"
"SMARCA4","blue"
"HGSNAT","blue"
"ATRX","blue"
"FUNDC2","turquoise"
"AC013461.1","grey"
"TRIM47","yellow"
"EPS8","blue"
"IL16","magenta"
"GHR","blue"
"ABLIM1","brown"
"LUC7L3","brown"
"NPAS2","blue"
"RPRD2","red"
"RNASET2","black"
"CHPF2","green"
"GIPC1","turquoise"
"MRPL27","turquoise"
"OGFR","blue"
"ZC3H11A","blue"
"MRPL34","turquoise"
"VPS53","blue"
"PGK1","turquoise"
"MSRB2","turquoise"
"CLSTN3","black"
"MIB1","blue"
"STK38","blue"
"RAP1B","blue"
"NTNG1","brown"
"SLCO3A1","black"
"ATN1","grey"
"CHCHD1","turquoise"
"STARD9","blue"
"EYA2","blue"
"RABGAP1","blue"
"AMD1","brown"
"GPS2","turquoise"
"LARP1","blue"
"SZRD1","turquoise"
"NCKAP5","black"
"NBEA","red"
"TPSB2","turquoise"
"ATP5F1","turquoise"
"SCAF8","red"
"SF3B1","brown"
"ATP6V0D1","turquoise"
"RBBP4","brown"
"AC058791.1","blue"
"MSC-AS1","blue"
"SNX14","blue"
"ISCU","turquoise"
"LAGE3","turquoise"
"PLEKHM2","turquoise"
"ARGLU1","blue"
"DENND1A","red"
"C10orf76","blue"
"NTM","blue"
"PPM1B","blue"
"HIP1","red"
"GOLIM4","blue"
"UPF3A","brown"
"TGOLN2","yellow"
"PDLIM4","turquoise"
"ST7","blue"
"DENND5A","blue"
"G3BP1","brown"
"NLGN2","grey"
"COMT","turquoise"
"JARID2","brown"
"ATP2B1","brown"
"CLINT1","blue"
"KIFAP3","blue"
"KLF13","brown"
"CMIP","blue"
"CDC42EP1","turquoise"
"SERPINB6","green"
"SYNCRIP","brown"
"UBE2V1","grey"
"ARFRP1","turquoise"
"BORCS7","turquoise"
"HEBP2","turquoise"
"CISD3","turquoise"
"EML4","blue"
"CCT3","turquoise"
"MYO18A","blue"
"SPPL3","blue"
"UBTD2","blue"
"NRXN3","brown"
"NONO","yellow"
"RREB1","blue"
"WWC3","grey"
"ARID2","red"
"GMPPA","green"
"SCX","green"
"IGF2R","blue"
"ZNF580","turquoise"
"PSMD13","grey"
"IL6ST","black"
"APOL2","turquoise"
"TMEM256-PLSCR3","turquoise"
"MESDC2","turquoise"
"GDI2","turquoise"
"SLC39A13","turquoise"
"GRHPR","turquoise"
"MRPL55","turquoise"
"RSL24D1","yellow"
"KCTD12","turquoise"
"DGCR2","blue"
"UBA1","turquoise"
"DBNL","turquoise"
"CDIPT","turquoise"
"TRERF1","blue"
"MIEN1","turquoise"
"ERI3","green"
"C2","turquoise"
"DDX24","grey"
"ILF2","turquoise"
"RP11-244H3.4","turquoise"
"ARHGAP32","blue"
"ARSA","green"
"MEG8","blue"
"GADD45A","turquoise"
"ZNF358","grey"
"PPP1R10","brown"
"SNRPD1","turquoise"
"BTRC","blue"
"RAB5C","turquoise"
"PKD2","blue"
"MMP16","blue"
"THADA","blue"
"CNOT4","blue"
"USP47","brown"
"PPP2CB","blue"
"DTX1","brown"
"MATN2","brown"
"FAM155A","blue"
"SLC2A4RG","turquoise"
"TCP1","yellow"
"PSMA4","turquoise"
"CRIM1","blue"
"MARCKSL1","turquoise"
"HDAC2","brown"
"TNFRSF19","blue"
"DLGAP4","blue"
"AKT1S1","turquoise"
"SH3GL1","green"
"PTPN13","blue"
"DENND4A","blue"
"CGREF1","green"
"WBP1L","black"
"GRB2","blue"
"ARHGEF10L","blue"
"CAPG","green"
"ALYREF","turquoise"
"TMX2-CTNND1","blue"
"RAB11FIP3","blue"
"ABCA1","blue"
"BABAM1","turquoise"
"PDLIM5","blue"
"SNX25","blue"
"SSSCA1","turquoise"
"FAM129A","blue"
"TRAM1","turquoise"
"BTN3A2","turquoise"
"MRPL11","turquoise"
"EIF4H","brown"
"KLHDC10","blue"
"USP7","brown"
"FAM127B","turquoise"
"MARK4","blue"
"DHX9","brown"
"CTD-2571L23.8","blue"
"YWHAE","blue"
"NUDT1","turquoise"
"FBLN5","grey"
"BBS9","blue"
"MDM2","blue"
"SREBF2","blue"
"SMAD3","blue"
"APPL2","blue"
"SNHG18","turquoise"
"NHSL1","blue"
"TMEM150C","black"
"SAMD4B","blue"
"TMEM230","turquoise"
"KLHDC3","green"
"SP3","red"
"ZDHHC20","blue"
"PRPF6","grey"
"MAP2K2","turquoise"
"FBXO17","turquoise"
"BCAR1","grey"
"SMARCA2","blue"
"GPC1","turquoise"
"SPPL2A","blue"
"ADAMTS1","magenta"
"RCC2","turquoise"
"LRIG1","black"
"AVPR1A","brown"
"RBCK1","turquoise"
"CLIP2","blue"
"MAPK14","blue"
"TUFM","turquoise"
"GNL1","grey"
"VOPP1","pink"
"TASP1","blue"
"CLPTM1","turquoise"
"RABL6","blue"
"NCKAP1","red"
"SUPT4H1","turquoise"
"SSRP1","brown"
"TBX15","brown"
"SREBF1","magenta"
"SLC25A37","blue"
"PHF2","blue"
"FAM65C","blue"
"TP53I3","green"
"SUMF2","blue"
"HN1","turquoise"
"CSRP1","turquoise"
"WDR74","brown"
"SLC25A1","turquoise"
"CCNL2","blue"
"P4HA1","blue"
"USP22","grey"
"ZER1","blue"
"GSK3B","blue"
"PAPSS1","blue"
"GLT8D2","turquoise"
"CHD2","blue"
"PLCL2","blue"
"KXD1","turquoise"
"LUC7L2","red"
"RNASEK-C17orf49","turquoise"
"LMCD1","green"
"C1orf54","turquoise"
"AVL9","blue"
"TCF7","brown"
"GSTM3","black"
"LRP10","grey"
"FAM63B","blue"
"TCEA3","turquoise"
"ATXN10","blue"
"GPHN","blue"
"CIR1","grey"
"RAB11A","turquoise"
"SUFU","blue"
"CIZ1","grey"
"SPINT2","green"
"DNM2","blue"
"ARF3","turquoise"
"PTBP1","brown"
"CCM2","blue"
"ENOSF1","blue"
"PTPMT1","turquoise"
"FRZB","turquoise"
"MAF","grey"
"ID4","brown"
"ZNF280D","blue"
"CAMSAP2","blue"
"SAT2","turquoise"
"EXOC7","grey"
"CHCHD5","turquoise"
"PSMB2","yellow"
"SPRYD3","brown"
"PCSK7","blue"
"TBC1D2B","red"
"COPG1","green"
"PQBP1","yellow"
"GAREM1","blue"
"BZW1","grey"
"APH1A","yellow"
"LHFPL2","blue"
"TWISTNB","brown"
"PARP4","blue"
"SF3B4","yellow"
"TIMM10","turquoise"
"DUSP23","turquoise"
"IFT43","blue"
"CCDC28B","turquoise"
"C8orf59","yellow"
"SSBP4","grey"
"ATP2A2","grey"
"IKBIP","green"
"ZFP91","brown"
"NSFL1C","grey"
"TBC1D16","turquoise"
"PACSIN2","blue"
"TRAM2","turquoise"
"CMKLR1","turquoise"
"CCDC8","green"
"SNHG19","yellow"
"RNF145","turquoise"
"ZKSCAN1","grey"
"LRCH1","blue"
"NDUFA8","turquoise"
"RCN2","brown"
"SBDS","grey"
"CDC26","turquoise"
"IFI35","turquoise"
"WHSC1L1","brown"
"TNFAIP2","black"
"PSMC1","turquoise"
"PIP5K1A","blue"
"CLDN4","turquoise"
"SYNGAP1","red"
"TSR3","turquoise"
"USP33","blue"
"APLNR","turquoise"
"ADRA2A","black"
"RBPMS","blue"
"SELENBP1","black"
"RIPK1","blue"
"DCAF6","blue"
"MTHFD1L","blue"
"METAP2","blue"
"KIF2A","blue"
"FBXO18","grey"
"C9orf78","turquoise"
"PVRL1","brown"
"XRN2","magenta"
"PNPLA2","grey"
"ANP32A","yellow"
"CDK4","turquoise"
"MYC","turquoise"
"CYP27A1","magenta"
"SMAD5","brown"
"EMC4","turquoise"
"GTF3C1","blue"
"SATB2","blue"
"ITPA","turquoise"
"SNTB2","blue"
"ATP6AP1","yellow"
"SARNP","grey"
"TRA2B","grey"
"HAPLN1","grey"
"AIP","grey"
"LINC00511","blue"
"MGMT","turquoise"
"ENG","turquoise"
"PIAS1","red"
"ANKRD35","turquoise"
"ACIN1","blue"
"GYPC","turquoise"
"MTMR3","blue"
"ILF3","blue"
"MAP3K3","blue"
"PHIP","red"
"PITPNA","blue"
"MED8","turquoise"
"MICAL2","pink"
"CPXM2","turquoise"
"SCPEP1","black"
"SPG7","blue"
"PXN","blue"
"LZTS1","turquoise"
"TNIK","blue"
"PTPN9","blue"
"G6PC3","turquoise"
"KIF26A","brown"
"ZC3H15","grey"
"RAB11B","turquoise"
"HDAC9","brown"
"PTPN12","blue"
"C10orf11","black"
"ETFA","blue"
"ANTXR2","magenta"
"CD276","green"
"TNK2","brown"
"HDAC4","blue"
"ARFGAP3","blue"
"MRPS15","turquoise"
"CKS1B","grey"
"TMEM43","grey"
"EEFSEC","brown"
"AGPAT2","turquoise"
"RAD23A","yellow"
"TAF1","blue"
"CRTC3","blue"
"SDHB","grey"
"USP8","blue"
"MRGPRF","green"
"MTIF3","turquoise"
"A4GALT","black"
