"cell","sample","scDblFinder_score","scDblFinder_class","included_in_trajectory_analysis"
"K183156_CELL11_N5","K183156",0.29070457816124,"singlet",TRUE
"K183156_CELL43_N2","K183156",0.227284133434296,"singlet",TRUE
"K183156_CELL63_N3","K183156",0.0219263900071383,"singlet",TRUE
"K183156_CELL86_N4","K183156",0.360264331102371,"singlet",FALSE
"K183156_CELL134_N2","K183156",0.0383692048490047,"singlet",TRUE
"K183156_CELL137_N3","K183156",0.953292191028595,"doublet",FALSE
"K183156_CELL147_N3","K183156",0.903778672218323,"singlet",TRUE
"K183156_CELL197_N3","K183156",0.123137138783932,"singlet",TRUE
"K183156_CELL204_N6","K183156",0.206837445497513,"singlet",FALSE
"K183156_CELL206_N2","K183156",0.0837707370519638,"singlet",FALSE
"K183156_CELL217_N3","K183156",0.371306240558624,"singlet",TRUE
"K183156_CELL243_N4","K183156",0.494822800159454,"singlet",TRUE
"K183156_CELL256_N5","K183156",0.73855197429657,"singlet",TRUE
"K183156_CELL258_N5","K183156",0.34887421131134,"singlet",TRUE
"K183156_CELL273_N2","K183156",0.556191742420197,"singlet",TRUE
"K183156_CELL281_N1","K183156",0.362819403409958,"singlet",TRUE
"K183156_CELL353_N3","K183156",0.155300930142403,"singlet",TRUE
"K183156_CELL359_N3","K183156",0.0556443780660629,"singlet",FALSE
"K183156_CELL368_N3","K183156",0.254652678966522,"singlet",FALSE
"K183156_CELL373_N3","K183156",0.444724828004837,"singlet",TRUE
"K183156_CELL395_N3","K183156",0.468258887529373,"singlet",FALSE
"K183156_CELL433_N4","K183156",0.0937699824571609,"singlet",TRUE
"K183156_CELL466_N2","K183156",0.0851372554898262,"singlet",TRUE
"K183156_CELL470_N2","K183156",0.719028830528259,"singlet",TRUE
"K183156_CELL473_N1","K183156",0.18306739628315,"singlet",TRUE
"K183156_CELL484_N2","K183156",0.118305638432503,"singlet",TRUE
"K183156_CELL499_N3","K183156",0.525586783885956,"singlet",TRUE
"K183156_CELL545_N2","K183156",0.568685054779053,"singlet",TRUE
"K183156_CELL561_N7","K183156",0.189856350421906,"singlet",TRUE
"K183156_CELL638_N2","K183156",0.393431425094604,"singlet",TRUE
"K183156_CELL644_N4","K183156",0.287708580493927,"singlet",TRUE
"K183156_CELL654_N3","K183156",0.361811101436615,"singlet",TRUE
"K183156_CELL673_N2","K183156",0.517096042633057,"singlet",TRUE
"K183156_CELL691_N4","K183156",0.342766940593719,"singlet",TRUE
"K183156_CELL708_N3","K183156",0.114113979041576,"singlet",TRUE
"K183156_CELL722_N1","K183156",0.681010663509369,"singlet",FALSE
"K183156_CELL755_N3","K183156",0.132849812507629,"singlet",TRUE
"K183156_CELL762_N2","K183156",0.991165101528168,"doublet",TRUE
"K183156_CELL765_N2","K183156",0.0522063858807087,"singlet",TRUE
"K183156_CELL793_N2","K183156",0.112189762294292,"singlet",TRUE
"K183156_CELL820_N3","K183156",0.501809120178223,"singlet",TRUE
"K183156_CELL890_N3","K183156",0.790133059024811,"singlet",TRUE
"K183156_CELL928_N4","K183156",0.134708315134048,"singlet",TRUE
"K183156_CELL962_N3","K183156",0.827039659023285,"singlet",TRUE
"K183156_CELL1016_N4","K183156",0.492334961891174,"singlet",FALSE
"K183156_CELL1019_N5","K183156",0.113783799111843,"singlet",TRUE
"K183156_CELL1056_N3","K183156",0.251665949821472,"singlet",TRUE
"K183156_CELL1080_N2","K183156",0.647218286991119,"singlet",TRUE
"K183156_CELL1105_N3","K183156",0.227317675948143,"singlet",TRUE
"K183156_CELL1129_N3","K183156",0.135984629392624,"singlet",TRUE
"K183156_CELL1265_N5","K183156",0.462885737419128,"singlet",TRUE
"K183156_CELL1278_N2","K183156",0.331619113683701,"singlet",TRUE
"K183156_CELL1314_N3","K183156",0.543548226356506,"singlet",TRUE
"K183156_CELL1374_N4","K183156",0.0251995194703341,"singlet",TRUE
"K183156_CELL1393_N6","K183156",0.31827300786972,"singlet",TRUE
"K183156_CELL1402_N2","K183156",0.463101208209991,"singlet",TRUE
"K183156_CELL1420_N2","K183156",0.22841140627861,"singlet",TRUE
"K183156_CELL1441_N5","K183156",0.574085295200348,"singlet",TRUE
"K183156_CELL1444_N2","K183156",0.449765861034393,"singlet",TRUE
"K183156_CELL1454_N2","K183156",0.246324464678764,"singlet",TRUE
"K183156_CELL1489_N5","K183156",0.40886527299881,"singlet",TRUE
"K183156_CELL1532_N2","K183156",0.283556252717972,"singlet",FALSE
"K183156_CELL1614_N2","K183156",0.408181101083755,"singlet",TRUE
"K183156_CELL1662_N2","K183156",0.308102637529373,"singlet",TRUE
"K183156_CELL1675_N4","K183156",0.393776267766953,"singlet",TRUE
"K183156_CELL1694_N3","K183156",0.0662457123398781,"singlet",TRUE
"K183156_CELL1727_N2","K183156",0.324061810970306,"singlet",TRUE
"K183156_CELL1729_N3","K183156",0.197966620326042,"singlet",TRUE
"K183156_CELL1811_N3","K183156",0.0779385641217232,"singlet",TRUE
"K183156_CELL1827_N2","K183156",0.722140073776245,"singlet",TRUE
"K183156_CELL1828_N6","K183156",0.780251264572144,"singlet",TRUE
"K183156_CELL1858_N6","K183156",0.630359947681427,"singlet",FALSE
"K183156_CELL1884_N3","K183156",0.359073609113693,"singlet",TRUE
"K183156_CELL1930_N3","K183156",0.232924565672874,"singlet",FALSE
"K183156_CELL1943_N4","K183156",0.222501888871193,"singlet",TRUE
"K183156_CELL1957_N2","K183156",0.235366761684418,"singlet",TRUE
"K183156_CELL1963_N3","K183156",0.0283154640346766,"singlet",TRUE
"K183156_CELL1973_N3","K183156",0.210536420345306,"singlet",TRUE
"K183156_CELL1979_N4","K183156",0.146538659930229,"singlet",TRUE
"K183156_CELL2019_N4","K183156",0.616845309734344,"singlet",TRUE
"K183156_CELL2048_N3","K183156",0.103547871112823,"singlet",TRUE
"K183156_CELL2072_N4","K183156",0.179947778582573,"singlet",FALSE
"K183156_CELL2078_N2","K183156",0.441206127405167,"singlet",TRUE
"K183156_CELL2081_N2","K183156",0.0149071551859379,"singlet",TRUE
"K183156_CELL2091_N3","K183156",0.29081916809082,"singlet",TRUE
"K183156_CELL2113_N3","K183156",0.397813677787781,"singlet",TRUE
"K183156_CELL2138_N3","K183156",0.195131525397301,"singlet",TRUE
"K183156_CELL2159_N5","K183156",0.143121153116226,"singlet",TRUE
"K183156_CELL2172_N2","K183156",0.800438940525055,"singlet",FALSE
"K183156_CELL2178_N3","K183156",0.386608719825745,"singlet",TRUE
"K183156_CELL2231_N4","K183156",0.111992761492729,"singlet",TRUE
"K183156_CELL2242_N2","K183156",0.240931317210197,"singlet",TRUE
"K183156_CELL2337_N3","K183156",0.116933211684227,"singlet",TRUE
"K183156_CELL2359_N3","K183156",0.451372057199478,"singlet",TRUE
"K183156_CELL2371_N2","K183156",0.954293668270111,"doublet",TRUE
"K183156_CELL2416_N2","K183156",0.194248169660568,"singlet",FALSE
"K183156_CELL2428_N2","K183156",0.402897626161575,"singlet",TRUE
"K183156_CELL2433_N2","K183156",0.0296980198472738,"singlet",TRUE
"K183156_CELL2447_N3","K183156",0.0115902097895741,"singlet",TRUE
"K183156_CELL2454_N4","K183156",0.188373893499374,"singlet",TRUE
"K183156_CELL2473_N2","K183156",0.539781510829926,"singlet",TRUE
"K183156_CELL2499_N3","K183156",0.364758938550949,"singlet",TRUE
"K183156_CELL2529_N3","K183156",0.942135512828827,"singlet",TRUE
"K183156_CELL2551_N2","K183156",0.113025985658169,"singlet",TRUE
"K183156_CELL2555_N3","K183156",0.622800529003143,"singlet",TRUE
"K183156_CELL2620_N2","K183156",0.12404166162014,"singlet",TRUE
"K183156_CELL2649_N3","K183156",0.318572014570236,"singlet",TRUE
"K183156_CELL2658_N3","K183156",0.316531121730804,"singlet",TRUE
"K183156_CELL2667_N3","K183156",0.270729780197144,"singlet",FALSE
"K183156_CELL2748_N3","K183156",0.16913178563118,"singlet",TRUE
"K183156_CELL2769_N3","K183156",0.146832153201103,"singlet",TRUE
"K183156_CELL2775_N2","K183156",0.0693841502070427,"singlet",TRUE
"K183156_CELL2778_N4","K183156",0.195382997393608,"singlet",TRUE
"K183156_CELL2820_N8","K183156",0.52873957157135,"singlet",FALSE
"K183156_CELL2827_N2","K183156",0.17484150826931,"singlet",TRUE
"K183156_CELL2846_N2","K183156",0.0283479671925306,"singlet",TRUE
"K183156_CELL2938_N4","K183156",0.124033384025097,"singlet",TRUE
"K183156_CELL2945_N4","K183156",0.224033921957016,"singlet",TRUE
"K183156_CELL2946_N3","K183156",0.0873024985194206,"singlet",TRUE
"K183156_CELL2958_N2","K183156",0.708113014698029,"singlet",TRUE
"K183156_CELL2981_N2","K183156",0.571362316608429,"singlet",TRUE
"K183156_CELL2982_N2","K183156",0.102798596024513,"singlet",TRUE
"K183156_CELL3016_N5","K183156",0.444782078266144,"singlet",TRUE
"K183156_CELL3046_N3","K183156",0.341810166835785,"singlet",TRUE
"K183156_CELL3060_N2","K183156",0.278647691011429,"singlet",TRUE
"K183156_CELL3087_N5","K183156",0.10881993919611,"singlet",TRUE
"K183156_CELL3120_N2","K183156",0.475565165281296,"singlet",TRUE
"K183156_CELL3150_N3","K183156",0.191279485821724,"singlet",TRUE
"K183156_CELL3175_N3","K183156",0.627626299858093,"singlet",TRUE
"K183156_CELL3188_N3","K183156",0.275910288095474,"singlet",TRUE
"K183156_CELL3213_N3","K183156",0.350959867238998,"singlet",TRUE
"K183156_CELL3229_N6","K183156",0.143229812383652,"singlet",TRUE
"K183156_CELL3282_N3","K183156",0.233738720417023,"singlet",TRUE
"K183156_CELL3331_N2","K183156",0.265111535787582,"singlet",TRUE
"K183156_CELL3334_N3","K183156",0.17559839785099,"singlet",TRUE
"K183156_CELL3366_N2","K183156",0.0351179093122482,"singlet",TRUE
"K183156_CELL3417_N2","K183156",0.0212657749652863,"singlet",TRUE
"K183156_CELL3422_N3","K183156",0.280659765005112,"singlet",TRUE
"K183156_CELL3434_N3","K183156",0.183421522378922,"singlet",TRUE
"K183156_CELL3467_N8","K183156",0.0437274277210236,"singlet",FALSE
"K183156_CELL3519_N5","K183156",0.0550301633775234,"singlet",TRUE
"K183156_CELL3524_N2","K183156",0.0724062323570251,"singlet",FALSE
"K183156_CELL3538_N3","K183156",0.866148829460144,"singlet",TRUE
"K183156_CELL3543_N4","K183156",0.176571741700172,"singlet",FALSE
"K183156_CELL3547_N3","K183156",0.617771327495575,"singlet",TRUE
"K183156_CELL3560_N3","K183156",0.858210504055023,"singlet",TRUE
"K183156_CELL3568_N2","K183156",0.0849519968032837,"singlet",TRUE
"K183156_CELL3584_N2","K183156",0.0678450241684914,"singlet",TRUE
"K183156_CELL3589_N9","K183156",0.28521853685379,"singlet",TRUE
"K183156_CELL3599_N2","K183156",0.695210039615631,"singlet",TRUE
"K183156_CELL3618_N2","K183156",0.320955812931061,"singlet",TRUE
"K183156_CELL3629_N3","K183156",0.0866772383451462,"singlet",TRUE
"K183156_CELL3682_N6","K183156",0.216977462172508,"singlet",TRUE
"K183156_CELL3732_N2","K183156",0.542843520641327,"singlet",FALSE
"K183156_CELL3787_N2","K183156",0.0200212616473436,"singlet",TRUE
"K183156_CELL3796_N4","K183156",0.263785034418106,"singlet",TRUE
"K183156_CELL3811_N2","K183156",0.379280626773834,"singlet",TRUE
"K183156_CELL3836_N2","K183156",0.29692217707634,"singlet",TRUE
"K183156_CELL3960_N1","K183156",0.203583464026451,"singlet",FALSE
"K183156_CELL3983_N2","K183156",0.520539283752441,"singlet",TRUE
"K183156_CELL4036_N2","K183156",0.20278237760067,"singlet",TRUE
"K183156_CELL4044_N2","K183156",0.710978806018829,"singlet",TRUE
"K183156_CELL4087_N4","K183156",0.46495446562767,"singlet",TRUE
"K183156_CELL4095_N2","K183156",0.466079860925674,"singlet",TRUE
"K183156_CELL4111_N2","K183156",0.0325036384165287,"singlet",TRUE
"K183156_CELL4181_N4","K183156",0.947422862052917,"doublet",TRUE
"K183156_CELL4245_N2","K183156",0.823036670684814,"singlet",TRUE
"K183156_CELL4250_N2","K183156",0.0908571630716324,"singlet",TRUE
"K183156_CELL4256_N3","K183156",0.207312628626823,"singlet",TRUE
"K183156_CELL4302_N4","K183156",0.159415140748024,"singlet",TRUE
"K183156_CELL4321_N3","K183156",0.246684268116951,"singlet",TRUE
"K183156_CELL4352_N2","K183156",0.173528775572777,"singlet",TRUE
"K183156_CELL4353_N3","K183156",0.766927719116211,"singlet",TRUE
"K183156_CELL4414_N2","K183156",0.558285892009735,"singlet",TRUE
"K183156_CELL4417_N4","K183156",0.0339242853224277,"singlet",TRUE
"K183156_CELL4440_N2","K183156",0.976480960845947,"doublet",FALSE
"K183156_CELL4467_N3","K183156",0.443721681833267,"singlet",FALSE
"K183156_CELL4504_N5","K183156",0.188688367605209,"singlet",FALSE
"K183156_CELL4525_N2","K183156",0.321641713380814,"singlet",TRUE
"K183156_CELL4527_N2","K183156",0.7833331823349,"singlet",TRUE
"K183156_CELL4530_N2","K183156",0.0299956630915403,"singlet",TRUE
"K183156_CELL4548_N2","K183156",0.240906551480293,"singlet",TRUE
"K183156_CELL4592_N3","K183156",0.245056912302971,"singlet",TRUE
"K183156_CELL4602_N2","K183156",0.562104403972626,"singlet",TRUE
"K183156_CELL4628_N2","K183156",0.292785733938217,"singlet",FALSE
"K183156_CELL4661_N3","K183156",0.280490756034851,"singlet",TRUE
"K183156_CELL4664_N3","K183156",0.620855927467346,"singlet",TRUE
"K183156_CELL4670_N2","K183156",0.727100610733032,"singlet",TRUE
"K183156_CELL4716_N2","K183156",0.018836909905076,"singlet",TRUE
"K183156_CELL4735_N2","K183156",0.130173191428185,"singlet",TRUE
"K183156_CELL4737_N2","K183156",0.0149407330900431,"singlet",TRUE
"K183156_CELL4769_N2","K183156",0.0146866636350751,"singlet",TRUE
"K183156_CELL4774_N4","K183156",0.060307964682579,"singlet",TRUE
"K183156_CELL4785_N3","K183156",0.275088340044022,"singlet",TRUE
"K183156_CELL4832_N2","K183156",0.0324852429330349,"singlet",TRUE
"K183156_CELL4841_N5","K183156",0.214678257703781,"singlet",FALSE
"K183156_CELL4848_N3","K183156",0.438730090856552,"singlet",FALSE
"K183156_CELL4864_N4","K183156",0.921042501926422,"singlet",TRUE
"K183156_CELL4890_N2","K183156",0.153019204735756,"singlet",TRUE
"K183156_CELL4896_N2","K183156",0.274382591247559,"singlet",FALSE
"K183156_CELL4903_N1","K183156",0.00827791355550289,"singlet",TRUE
"K183156_CELL4906_N2","K183156",0.0633048191666603,"singlet",TRUE
"K183156_CELL4926_N5","K183156",0.118703305721283,"singlet",TRUE
"K183156_CELL4970_N3","K183156",0.279468148946762,"singlet",TRUE
"K183156_CELL5033_N2","K183156",0.468552082777023,"singlet",TRUE
"K183156_CELL5062_N2","K183156",0.907385587692261,"singlet",TRUE
"K183156_CELL5063_N3","K183156",0.315672636032104,"singlet",TRUE
"K183156_CELL5087_N4","K183156",0.355413526296616,"singlet",FALSE
"K183156_CELL5130_N2","K183156",0.237159490585327,"singlet",FALSE
"K183156_CELL5156_N2","K183156",0.127383768558502,"singlet",TRUE
"K183156_CELL5160_N2","K183156",0.557296097278595,"singlet",FALSE
"K183156_CELL5164_N2","K183156",0.322501599788666,"singlet",TRUE
"K183156_CELL5178_N2","K183156",0.210526838898659,"singlet",TRUE
"K183156_CELL5230_N3","K183156",0.0306332167237997,"singlet",TRUE
"K183156_CELL5234_N3","K183156",0.585190832614899,"singlet",TRUE
"K183156_CELL5237_N4","K183156",0.348806291818619,"singlet",TRUE
"K183156_CELL5251_N4","K183156",0.327248871326447,"singlet",FALSE
"K183156_CELL5261_N4","K183156",0.127590775489807,"singlet",TRUE
"K183156_CELL5282_N4","K183156",0.449129939079285,"singlet",TRUE
"K183156_CELL5296_N5","K183156",0.627758741378784,"singlet",TRUE
"K183156_CELL5331_N2","K183156",0.224626466631889,"singlet",TRUE
"K183156_CELL5361_N2","K183156",0.107430167496204,"singlet",FALSE
"K183156_CELL5391_N3","K183156",0.577060759067535,"singlet",TRUE
"K183156_CELL5395_N2","K183156",0.094324067234993,"singlet",TRUE
"K183156_CELL5401_N4","K183156",0.0738448426127434,"singlet",TRUE
"K183156_CELL5416_N2","K183156",0.225994005799294,"singlet",TRUE
"K183156_CELL5429_N3","K183156",0.127124562859535,"singlet",TRUE
"K183156_CELL5448_N5","K183156",0.536307394504547,"singlet",TRUE
"K183156_CELL5527_N1","K183156",0.0795603096485138,"singlet",TRUE
"K183156_CELL5538_N3","K183156",0.360542058944702,"singlet",TRUE
"K183156_CELL5560_N2","K183156",0.149065062403679,"singlet",TRUE
"K183156_CELL5595_N2","K183156",0.414776653051376,"singlet",TRUE
"K183156_CELL5657_N3","K183156",0.327728778123856,"singlet",TRUE
"K183156_CELL5696_N2","K183156",0.064470537006855,"singlet",TRUE
"K183156_CELL5725_N2","K183156",0.581152081489563,"singlet",TRUE
"K183156_CELL5765_N2","K183156",0.0828169360756874,"singlet",TRUE
"K183156_CELL5796_N2","K183156",0.242550134658813,"singlet",TRUE
"K183156_CELL5802_N2","K183156",0.230976670980453,"singlet",TRUE
"K183156_CELL5859_N3","K183156",0.266841769218445,"singlet",TRUE
"K183156_CELL5863_N2","K183156",0.122964113950729,"singlet",TRUE
"K183156_CELL5864_N4","K183156",0.940618097782135,"singlet",TRUE
"K183156_CELL5889_N3","K183156",0.125810340046883,"singlet",TRUE
"K183156_CELL5901_N2","K183156",0.20492996275425,"singlet",TRUE
"K183156_CELL5919_N2","K183156",0.14131698012352,"singlet",TRUE
"K183156_CELL5921_N3","K183156",0.0260589420795441,"singlet",TRUE
"K183156_CELL5930_N3","K183156",0.0171698033809662,"singlet",TRUE
"K183156_CELL6004_N1","K183156",0.0391963794827461,"singlet",TRUE
"K183156_CELL6040_N2","K183156",0.0272238329052925,"singlet",TRUE
"K183156_CELL6049_N2","K183156",0.157218903303146,"singlet",TRUE
"K183156_CELL6069_N4","K183156",0.0572067275643349,"singlet",TRUE
"K183156_CELL6103_N3","K183156",0.0332180485129356,"singlet",TRUE
"K183156_CELL6123_N3","K183156",0.0514525510370731,"singlet",TRUE
"K183156_CELL6165_N3","K183156",0.220384359359741,"singlet",TRUE
"K183156_CELL6200_N3","K183156",0.78553181886673,"singlet",TRUE
"K183156_CELL6202_N6","K183156",0.127732589840889,"singlet",TRUE
"K183156_CELL6203_N4","K183156",0.560311198234558,"singlet",TRUE
"K183156_CELL6238_N2","K183156",0.473693668842316,"singlet",TRUE
"K183156_CELL6255_N3","K183156",0.740823090076447,"singlet",TRUE
"K183156_CELL6300_N4","K183156",0.169908836483955,"singlet",TRUE
"K183156_CELL6303_N2","K183156",0.0486022345721722,"singlet",TRUE
"K183156_CELL6336_N2","K183156",0.305576026439667,"singlet",TRUE
"K183156_CELL6421_N1","K183156",0.343810051679611,"singlet",TRUE
"K183156_CELL6425_N2","K183156",0.971193492412567,"doublet",FALSE
"K183156_CELL6484_N5","K183156",0.252992391586304,"singlet",TRUE
"K183156_CELL6512_N3","K183156",0.020353764295578,"singlet",TRUE
"K183156_CELL6587_N3","K183156",0.474438339471817,"singlet",TRUE
"K183156_CELL6598_N2","K183156",0.274751335382462,"singlet",TRUE
"K183156_CELL6632_N3","K183156",0.672799527645111,"singlet",TRUE
"K183156_CELL6661_N3","K183156",0.277838140726089,"singlet",TRUE
"K183156_CELL6708_N2","K183156",0.0551068596541882,"singlet",TRUE
"K183156_CELL6743_N3","K183156",0.0435010716319084,"singlet",TRUE
"K183156_CELL6793_N2","K183156",0.0125655755400658,"singlet",TRUE
"K183156_CELL6846_N3","K183156",0.105604782700539,"singlet",TRUE
"K183156_CELL6847_N2","K183156",0.275135725736618,"singlet",TRUE
"K183156_CELL6863_N2","K183156",0.176236897706985,"singlet",TRUE
"K183156_CELL6864_N2","K183156",0.37786129117012,"singlet",TRUE
"K183156_CELL6877_N2","K183156",0.119855791330338,"singlet",TRUE
"K183156_CELL6880_N3","K183156",0.238042652606964,"singlet",TRUE
"K183156_CELL6895_N3","K183156",0.151978969573975,"singlet",TRUE
"K183156_CELL6901_N2","K183156",0.145425856113434,"singlet",TRUE
"K183156_CELL6934_N3","K183156",0.0188657157123089,"singlet",TRUE
"K183156_CELL6963_N2","K183156",0.237416833639145,"singlet",TRUE
"K183156_CELL7069_N2","K183156",0.858075857162476,"singlet",TRUE
"K183156_CELL7158_N2","K183156",0.991747617721558,"doublet",TRUE
"K183156_CELL7161_N2","K183156",0.596510589122772,"singlet",TRUE
"K183156_CELL7162_N1","K183156",0.0284556802362204,"singlet",TRUE
"K183156_CELL7175_N3","K183156",0.350582480430603,"singlet",FALSE
"K183156_CELL7191_N2","K183156",0.191395178437233,"singlet",TRUE
"K183156_CELL7217_N4","K183156",0.989865124225616,"doublet",TRUE
"K183156_CELL7304_N2","K183156",0.59578013420105,"singlet",TRUE
"K183156_CELL7334_N1","K183156",0.0228649824857712,"singlet",TRUE
"K183156_CELL7359_N4","K183156",0.2116379737854,"singlet",TRUE
"K183156_CELL7363_N2","K183156",0.0486954413354397,"singlet",TRUE
"K183156_CELL7392_N2","K183156",0.985339283943176,"doublet",TRUE
"K183156_CELL7395_N4","K183156",0.476100027561188,"singlet",TRUE
"K183156_CELL7397_N3","K183156",0.561599016189575,"singlet",TRUE
"K183156_CELL7420_N2","K183156",0.804606735706329,"singlet",TRUE
"K183156_CELL7439_N2","K183156",0.149006009101868,"singlet",TRUE
"K183156_CELL7455_N5","K183156",0.915122449398041,"singlet",TRUE
"K183156_CELL7463_N3","K183156",0.0219067241996527,"singlet",TRUE
"K183156_CELL7468_N3","K183156",0.580413937568665,"singlet",TRUE
"K183156_CELL7483_N2","K183156",0.398373156785965,"singlet",TRUE
"K183156_CELL7486_N2","K183156",0.860948443412781,"singlet",TRUE
"K183156_CELL7503_N3","K183156",0.0314097516238689,"singlet",TRUE
"K183156_CELL7515_N2","K183156",0.937086403369904,"singlet",TRUE
"K183156_CELL7536_N2","K183156",0.382275611162186,"singlet",TRUE
"K183156_CELL7554_N2","K183156",0.0351537093520164,"singlet",TRUE
"K183156_CELL7586_N3","K183156",0.310250520706177,"singlet",TRUE
"K183156_CELL7598_N3","K183156",0.722271144390106,"singlet",FALSE
"K183156_CELL7640_N2","K183156",0.224251613020897,"singlet",TRUE
"K183156_CELL7666_N2","K183156",0.977166533470154,"doublet",TRUE
"K183156_CELL7691_N4","K183156",0.0439481921494007,"singlet",TRUE
"K183156_CELL7692_N3","K183156",0.889988005161285,"singlet",FALSE
"K183156_CELL7706_N3","K183156",0.070002906024456,"singlet",FALSE
"K183156_CELL7755_N2","K183156",0.442887216806412,"singlet",TRUE
"K183156_CELL7814_N3","K183156",0.302284330129623,"singlet",TRUE
"K183156_CELL7818_N2","K183156",0.366003483533859,"singlet",FALSE
"K183156_CELL7819_N2","K183156",0.452668637037277,"singlet",TRUE
"K183156_CELL7822_N2","K183156",0.692836225032806,"singlet",TRUE
"K183156_CELL7832_N1","K183156",0.569575130939484,"singlet",TRUE
"K183156_CELL7842_N2","K183156",0.411232709884644,"singlet",TRUE
"K183156_CELL7844_N3","K183156",0.559548377990723,"singlet",TRUE
"K183156_CELL7856_N2","K183156",0.476648092269897,"singlet",TRUE
"K183156_CELL7863_N2","K183156",0.498399287462234,"singlet",TRUE
"K183156_CELL7890_N3","K183156",0.195375338196754,"singlet",TRUE
"K183156_CELL7899_N3","K183156",0.0106484517455101,"singlet",TRUE
"K183156_CELL7912_N2","K183156",0.00976719055324793,"singlet",TRUE
"K183156_CELL7923_N4","K183156",0.124542459845543,"singlet",TRUE
"K183156_CELL7942_N2","K183156",0.150078997015953,"singlet",TRUE
"K183156_CELL8046_N3","K183156",0.137166857719421,"singlet",FALSE
"K183156_CELL8057_N3","K183156",0.174813374876976,"singlet",TRUE
"K183156_CELL8067_N2","K183156",0.0915296748280525,"singlet",TRUE
"K183156_CELL8069_N4","K183156",0.393697381019592,"singlet",TRUE
"K183156_CELL8077_N1","K183156",0.307023137807846,"singlet",TRUE
"K183156_CELL8086_N3","K183156",0.394124895334244,"singlet",TRUE
"K183156_CELL8087_N1","K183156",0.891579449176788,"singlet",TRUE
"K183156_CELL8097_N2","K183156",0.307476162910461,"singlet",TRUE
"K183156_CELL8111_N5","K183156",0.242237970232964,"singlet",TRUE
"K183156_CELL8140_N3","K183156",0.328006654977798,"singlet",TRUE
"K183156_CELL8146_N3","K183156",0.0746467635035515,"singlet",TRUE
"K183156_CELL8150_N3","K183156",0.048852726817131,"singlet",TRUE
"K183156_CELL8248_N6","K183156",0.113194301724434,"singlet",FALSE
"K183156_CELL8275_N2","K183156",0.0275707542896271,"singlet",TRUE
"K183156_CELL8347_N4","K183156",0.484663367271423,"singlet",TRUE
"K183156_CELL8382_N2","K183156",0.181719332933426,"singlet",TRUE
"K183156_CELL8384_N4","K183156",0.266208946704865,"singlet",TRUE
"K183156_CELL8387_N3","K183156",0.223596215248108,"singlet",TRUE
"K183156_CELL8395_N2","K183156",0.475715965032578,"singlet",FALSE
"K183156_CELL8407_N4","K183156",0.769437551498413,"singlet",FALSE
"K183156_CELL8409_N4","K183156",0.0243399832397699,"singlet",TRUE
"K183156_CELL8433_N2","K183156",0.440607130527496,"singlet",TRUE
"K183156_CELL8459_N3","K183156",0.964578688144684,"doublet",TRUE
"K183156_CELL8460_N3","K183156",0.446154981851578,"singlet",TRUE
"K183156_CELL8479_N4","K183156",0.00295483437366784,"singlet",TRUE
"K183156_CELL8485_N3","K183156",0.701372802257538,"singlet",TRUE
"K183156_CELL8488_N3","K183156",0.25679287314415,"singlet",FALSE
"K183156_CELL8500_N3","K183156",0.401394933462143,"singlet",TRUE
"K183156_CELL8545_N2","K183156",0.0666713193058968,"singlet",TRUE
"K183156_CELL8569_N6","K183156",0.105510666966438,"singlet",TRUE
"K183156_CELL8573_N2","K183156",0.0422296188771725,"singlet",TRUE
"K183156_CELL8607_N1","K183156",0.454821825027466,"singlet",FALSE
"K183156_CELL8667_N2","K183156",0.0877865105867386,"singlet",TRUE
"K183156_CELL8681_N4","K183156",0.323604345321655,"singlet",FALSE
"K183156_CELL8703_N2","K183156",0.118528805673122,"singlet",TRUE
"K183156_CELL8708_N2","K183156",0.405385613441467,"singlet",TRUE
"K183156_CELL8712_N2","K183156",0.0053971977904439,"singlet",TRUE
"K183156_CELL8714_N5","K183156",0.23058645427227,"singlet",TRUE
"K183156_CELL8726_N2","K183156",0.324197381734848,"singlet",TRUE
"K183156_CELL8731_N2","K183156",0.461433589458466,"singlet",TRUE
"K183156_CELL8769_N3","K183156",0.486869305372238,"singlet",TRUE
"K183156_CELL8823_N4","K183156",0.51632022857666,"singlet",TRUE
"K183156_CELL8860_N2","K183156",0.22680401802063,"singlet",FALSE
"K183156_CELL8887_N2","K183156",0.956309914588928,"doublet",TRUE
"K183156_CELL8902_N2","K183156",0.0354481041431427,"singlet",TRUE
"K183156_CELL8924_N5","K183156",0.655823826789856,"singlet",TRUE
"K183156_CELL8935_N3","K183156",0.418783783912659,"singlet",FALSE
"K183156_CELL8949_N3","K183156",0.720187842845917,"singlet",TRUE
"K183156_CELL8967_N3","K183156",0.449769616127014,"singlet",TRUE
"K183156_CELL9021_N3","K183156",0.244857862591743,"singlet",TRUE
"K183156_CELL9044_N2","K183156",0.920261800289154,"singlet",TRUE
"K183156_CELL9071_N2","K183156",0.176994428038597,"singlet",TRUE
"K183156_CELL9073_N3","K183156",0.00340865063481033,"singlet",TRUE
"K183156_CELL9090_N3","K183156",0.0157956033945084,"singlet",TRUE
"K183156_CELL9091_N2","K183156",0.399490386247635,"singlet",TRUE
"K183156_CELL9118_N2","K183156",0.197849720716476,"singlet",TRUE
"K183156_CELL9124_N2","K183156",0.0149376392364502,"singlet",TRUE
"K183156_CELL9134_N2","K183156",0.377670586109161,"singlet",TRUE
"K183156_CELL9175_N3","K183156",0.596169650554657,"singlet",TRUE
"K183156_CELL9198_N5","K183156",0.542190253734589,"singlet",TRUE
"K183156_CELL9234_N2","K183156",0.918424367904663,"singlet",TRUE
"K183156_CELL9278_N3","K183156",0.24057275056839,"singlet",FALSE
"K183156_CELL9292_N2","K183156",0.551272034645081,"singlet",TRUE
"K183156_CELL9303_N3","K183156",0.267719566822052,"singlet",TRUE
"K183156_CELL9338_N2","K183156",0.296512097120285,"singlet",TRUE
"K183156_CELL9361_N3","K183156",0.275175750255585,"singlet",TRUE
"K183156_CELL9400_N1","K183156",0.261570394039154,"singlet",TRUE
"K183156_CELL9515_N2","K183156",0.411114782094955,"singlet",FALSE
"K183156_CELL9528_N2","K183156",0.526500344276428,"singlet",TRUE
"K183156_CELL9530_N2","K183156",0.0830602571368217,"singlet",TRUE
"K183156_CELL9617_N2","K183156",0.275475472211838,"singlet",FALSE
"K183156_CELL9631_N3","K183156",0.318938344717026,"singlet",TRUE
"K183156_CELL9633_N4","K183156",0.0923099219799042,"singlet",FALSE
"K183156_CELL9670_N3","K183156",0.626474559307098,"singlet",TRUE
"K183156_CELL9676_N2","K183156",0.258159935474396,"singlet",TRUE
"K183156_CELL9705_N2","K183156",0.569013833999634,"singlet",TRUE
"K183156_CELL9749_N3","K183156",0.425794839859009,"singlet",TRUE
"K183156_CELL9853_N2","K183156",0.357884079217911,"singlet",FALSE
"K183156_CELL9858_N2","K183156",0.344492793083191,"singlet",TRUE
"K183156_CELL9873_N2","K183156",0.180578425526619,"singlet",TRUE
"K183156_CELL9912_N2","K183156",0.176160529255867,"singlet",TRUE
"K183156_CELL9948_N3","K183156",0.380361288785934,"singlet",TRUE
"K183156_CELL9963_N2","K183156",0.1114097610116,"singlet",TRUE
"K183156_CELL10005_N3","K183156",0.0483421720564365,"singlet",TRUE
"K183156_CELL10056_N2","K183156",0.984420239925385,"doublet",TRUE
"K183156_CELL10068_N2","K183156",0.486936211585999,"singlet",TRUE
"K183156_CELL10092_N2","K183156",0.667541265487671,"singlet",TRUE
"K183156_CELL10100_N2","K183156",0.0901604816317558,"singlet",TRUE
"K183156_CELL10113_N2","K183156",0.329624056816101,"singlet",TRUE
"K183156_CELL10114_N2","K183156",0.195707440376282,"singlet",TRUE
"K183156_CELL10129_N3","K183156",0.275723278522491,"singlet",TRUE
"K183156_CELL10134_N1","K183156",0.0723814815282822,"singlet",TRUE
"K183156_CELL10141_N1","K183156",0.0367826744914055,"singlet",TRUE
"K183156_CELL10191_N3","K183156",0.459557086229324,"singlet",TRUE
"K183156_CELL10230_N2","K183156",0.368525475263596,"singlet",TRUE
"K183156_CELL10303_N2","K183156",0.0180263519287109,"singlet",TRUE
"K183156_CELL10313_N2","K183156",0.230002477765083,"singlet",TRUE
"K183156_CELL10323_N3","K183156",0.124152958393097,"singlet",TRUE
"K183156_CELL10410_N3","K183156",0.438100218772888,"singlet",TRUE
"K183156_CELL10420_N1","K183156",0.381510883569717,"singlet",TRUE
"K183156_CELL10450_N3","K183156",0.464650869369507,"singlet",FALSE
"K183156_CELL10463_N1","K183156",0.0237245224416256,"singlet",TRUE
"K183156_CELL10464_N2","K183156",0.861170172691345,"singlet",TRUE
"K183156_CELL10486_N2","K183156",0.366703182458878,"singlet",TRUE
"K183156_CELL10502_N2","K183156",0.63752555847168,"singlet",TRUE
"K183156_CELL10524_N2","K183156",0.0246376097202301,"singlet",TRUE
"K183156_CELL10538_N2","K183156",0.20688970386982,"singlet",FALSE
"K183156_CELL10541_N3","K183156",0.164636537432671,"singlet",FALSE
"K183156_CELL10559_N2","K183156",0.119971349835396,"singlet",TRUE
"K183156_CELL10618_N2","K183156",0.0123654510825872,"singlet",TRUE
"K183156_CELL10656_N3","K183156",0.28039088845253,"singlet",TRUE
"K183156_CELL10672_N2","K183156",0.110983051359653,"singlet",TRUE
"K183156_CELL10700_N2","K183156",0.0258481465280056,"singlet",TRUE
"K183156_CELL10734_N1","K183156",0.26261842250824,"singlet",TRUE
"K183156_CELL10741_N3","K183156",0.279333740472794,"singlet",TRUE
"K183156_CELL10798_N3","K183156",0.0247445367276669,"singlet",TRUE
"K183156_CELL10804_N2","K183156",0.53242152929306,"singlet",TRUE
"K183156_CELL10857_N2","K183156",0.218443483114243,"singlet",TRUE
"K183156_CELL10880_N3","K183156",0.478257954120636,"singlet",TRUE
"K183156_CELL10893_N2","K183156",0.0552773773670197,"singlet",TRUE
"K183156_CELL10917_N2","K183156",0.127756759524345,"singlet",TRUE
"K183156_CELL10943_N2","K183156",0.554935693740845,"singlet",TRUE
"K183156_CELL10948_N2","K183156",0.0929972380399704,"singlet",TRUE
"K183156_CELL10971_N2","K183156",0.762099862098694,"singlet",TRUE
"K183156_CELL11012_N2","K183156",0.236569479107857,"singlet",TRUE
"K183156_CELL11032_N2","K183156",0.881182670593262,"singlet",TRUE
"K183156_CELL11044_N2","K183156",0.375141561031342,"singlet",TRUE
"K183156_CELL11054_N2","K183156",0.532422959804535,"singlet",TRUE
"K183156_CELL11075_N2","K183156",0.069846548140049,"singlet",TRUE
"K183156_CELL11077_N3","K183156",0.457330167293549,"singlet",FALSE
"K183156_CELL11129_N1","K183156",0.0881138816475868,"singlet",TRUE
"K183156_CELL11132_N2","K183156",0.0277824699878693,"singlet",TRUE
"K183156_CELL11139_N2","K183156",0.0837764516472816,"singlet",FALSE
"K183156_CELL11390_N1","K183156",0.236261114478111,"singlet",TRUE
"K183156_CELL11394_N2","K183156",0.0809275582432747,"singlet",TRUE
"K183156_CELL11445_N2","K183156",0.191134616732597,"singlet",TRUE
"K183156_CELL11448_N1","K183156",0.479024171829224,"singlet",TRUE
"K183156_CELL11461_N1","K183156",0.320028990507126,"singlet",TRUE
"K183156_CELL11491_N2","K183156",0.406177937984467,"singlet",TRUE
"K183156_CELL11498_N2","K183156",0.940277516841888,"singlet",TRUE
"K183156_CELL11528_N1","K183156",0.434499531984329,"singlet",TRUE
"K183156_CELL11549_N2","K183156",0.94933670759201,"doublet",TRUE
"K183156_CELL11619_N2","K183156",0.0586964413523674,"singlet",TRUE
"K183156_CELL11644_N2","K183156",0.192412763834,"singlet",TRUE
"K183156_CELL11704_N2","K183156",0.272436380386353,"singlet",TRUE
"K183156_CELL12023_N1","K183156",0.477550715208054,"singlet",TRUE
"K183156_CELL12027_N1","K183156",0.678596436977386,"singlet",TRUE
"K183156_CELL12143_N1","K183156",0.294039815664291,"singlet",TRUE
"K183156_CELL12180_N1","K183156",0.79033637046814,"singlet",TRUE
"K183156_CELL12370_N1","K183156",0.0139971887692809,"singlet",TRUE
"K183156_CELL12402_N1","K183156",0.820309281349182,"singlet",TRUE
"K183156_CELL12498_N1","K183156",0.971467256546021,"doublet",FALSE
"K183156_CELL12553_N1","K183156",0.455370962619781,"singlet",TRUE
"K183156_CELL12562_N1","K183156",0.0133978286758065,"singlet",TRUE
"K183156_CELL12572_N1","K183156",0.300359427928925,"singlet",TRUE
"K183156_CELL12703_N1","K183156",0.972246170043945,"doublet",TRUE
"K183156_CELL12938_N1","K183156",0.0836770236492157,"singlet",TRUE
"K183156_CELL12940_N1","K183156",0.0294268634170294,"singlet",TRUE
"K183156_CELL13119_N1","K183156",0.600652933120728,"singlet",TRUE
"K183156_CELL13185_N1","K183156",0.789006769657135,"singlet",TRUE
"K183156_CELL13243_N1","K183156",0.276576429605484,"singlet",TRUE
"K183156_CELL13274_N1","K183156",0.263654232025146,"singlet",TRUE
"K183156_CELL13454_N1","K183156",0.33014190196991,"singlet",FALSE
"K183156_CELL13530_N1","K183156",0.413876950740814,"singlet",TRUE
"K183156_CELL13594_N1","K183156",0.0620089769363403,"singlet",TRUE
"K183156_CELL13600_N1","K183156",0.934346973896027,"singlet",TRUE
"K183156_CELL13616_N1","K183156",0.933618068695068,"singlet",TRUE
"K183156_CELL13701_N1","K183156",0.0508537478744984,"singlet",TRUE
"K183156_CELL13735_N1","K183156",0.0607226602733135,"singlet",TRUE
"K183156_CELL13742_N1","K183156",0.84015303850174,"singlet",TRUE
"K183156_CELL13746_N1","K183156",0.0833176672458649,"singlet",TRUE
"K183156_CELL13813_N1","K183156",0.0169717632234097,"singlet",TRUE
"K183156_CELL13904_N1","K183156",0.189547792077065,"singlet",TRUE
"K183156_CELL13915_N1","K183156",0.382670670747757,"singlet",TRUE
"K183156_CELL14109_N1","K183156",0.542324781417847,"singlet",TRUE
"K183156_CELL14120_N1","K183156",0.133508637547493,"singlet",TRUE
"K183156_CELL14220_N1","K183156",0.107263118028641,"singlet",TRUE
"K183156_CELL14371_N1","K183156",0.00631738407537341,"singlet",FALSE
"K183156_CELL14485_N1","K183156",0.0640202984213829,"singlet",TRUE
"K183156_CELL14497_N1","K183156",0.0258026700466871,"singlet",TRUE
"K183156_CELL14655_N1","K183156",0.00985435023903847,"singlet",TRUE
"K183156_CELL14943_N1","K183156",0.16771537065506,"singlet",TRUE
"K183156_CELL15191_N1","K183156",0.0222607869654894,"singlet",TRUE
"K183156_CELL15238_N1","K183156",0.0338615961372852,"singlet",TRUE
"K183156_CELL15254_N1","K183156",0.0359334014356136,"singlet",TRUE
"K183156_CELL15256_N1","K183156",0.260667204856873,"singlet",FALSE
"K183156_CELL15264_N1","K183156",0.0397991053760052,"singlet",TRUE
"K183156_CELL15274_N1","K183156",0.346856266260147,"singlet",TRUE
"K183156_CELL15399_N1","K183156",0.178541541099548,"singlet",TRUE
"K183156_CELL15403_N1","K183156",0.138318940997124,"singlet",TRUE
"K183156_CELL15932_N1","K183156",0.339431434869766,"singlet",FALSE
"K183156_CELL16060_N1","K183156",0.978724539279938,"doublet",TRUE
"K183156_CELL16096_N1","K183156",0.0409505516290665,"singlet",TRUE
"K183156_CELL16111_N1","K183156",0.012953176163137,"singlet",TRUE
"K183156_CELL16229_N1","K183156",0.315274477005005,"singlet",TRUE
"K183156_CELL16234_N1","K183156",0.0260227210819721,"singlet",TRUE
"K183156_CELL16421_N1","K183156",0.627814888954163,"singlet",TRUE
"K183156_CELL16445_N1","K183156",0.327239066362381,"singlet",TRUE
"K183156_CELL16513_N1","K183156",0.119926266372204,"singlet",FALSE
"K183156_CELL16653_N1","K183156",0.0436674989759922,"singlet",TRUE
"K183156_CELL16786_N1","K183156",0.611809372901917,"singlet",TRUE
"K183156_CELL16808_N1","K183156",0.0131542291492224,"singlet",TRUE
"K183156_CELL16910_N1","K183156",0.00481046037748456,"singlet",TRUE
"K183156_CELL16917_N1","K183156",0.521723031997681,"singlet",TRUE
"K183156_CELL16948_N1","K183156",0.728738605976105,"singlet",TRUE
"K183156_CELL17030_N1","K183156",0.00772700784727931,"singlet",TRUE
"K183156_CELL17401_N1","K183156",0.297578781843185,"singlet",TRUE
"K183156_CELL17512_N1","K183156",0.269750773906708,"singlet",TRUE
"K183156_CELL17642_N1","K183156",0.228863775730133,"singlet",TRUE
"K183156_CELL17684_N1","K183156",0.170766338706017,"singlet",TRUE
"K183156_CELL17722_N1","K183156",0.0373091474175453,"singlet",TRUE
"K183156_CELL17734_N1","K183156",0.197934105992317,"singlet",TRUE
"K183156_CELL18630_N1","K183156",0.36102169752121,"singlet",TRUE
"K183156_CELL18657_N1","K183156",0.226884350180626,"singlet",TRUE
"K183156_CELL18789_N1","K183156",0.0192949529737234,"singlet",TRUE
"K183156_CELL18792_N1","K183156",0.203942880034447,"singlet",TRUE
"K183156_CELL18793_N1","K183156",0.138486176729202,"singlet",TRUE
"K183156_CELL19813_N1","K183156",0.171086892485619,"singlet",TRUE
"K183156_CELL19814_N1","K183156",0.220426917076111,"singlet",TRUE
"K183156_CELL19878_N1","K183156",0.0748311579227448,"singlet",TRUE
"K183156_CELL20275_N1","K183156",0.131619766354561,"singlet",TRUE
"K183156_CELL20290_N1","K183156",0.429181933403015,"singlet",TRUE
"K183156_CELL20345_N1","K183156",0.927041530609131,"singlet",TRUE
"K183156_CELL20450_N1","K183156",0.265074461698532,"singlet",TRUE
"K183156_CELL20562_N1","K183156",0.0694642215967178,"singlet",TRUE
"K183156_CELL20706_N1","K183156",0.0466488748788834,"singlet",TRUE
"K183156_CELL20789_N1","K183156",0.00878332555294037,"singlet",TRUE
"K183156_CELL20963_N1","K183156",0.278315126895905,"singlet",FALSE
"K183156_CELL20985_N1","K183156",0.706990480422974,"singlet",TRUE
"K183156_CELL21168_N1","K183156",0.436571061611176,"singlet",TRUE
"K183156_CELL21516_N1","K183156",0.217351615428925,"singlet",TRUE
"K183156_CELL21521_N1","K183156",0.257292926311493,"singlet",TRUE
"K183156_CELL21525_N1","K183156",0.105488508939743,"singlet",FALSE
"K183156_CELL21648_N1","K183156",0.706697583198547,"singlet",TRUE
"K183156_CELL21667_N1","K183156",0.655124366283417,"singlet",TRUE
"K183156_CELL21715_N1","K183156",0.563559174537659,"singlet",TRUE
"K183156_CELL21988_N1","K183156",0.0165400635451078,"singlet",TRUE
"K183156_CELL22021_N1","K183156",0.00742628099396825,"singlet",TRUE
"K183156_CELL22099_N1","K183156",0.0183445736765862,"singlet",TRUE
"K183156_CELL22139_N1","K183156",0.419359654188156,"singlet",FALSE
"K183156_CELL22266_N1","K183156",0.143307939171791,"singlet",TRUE
"K183156_CELL22323_N1","K183156",0.0397728011012077,"singlet",FALSE
"K183156_CELL22404_N1","K183156",0.341800808906555,"singlet",FALSE
"K183156_CELL22495_N1","K183156",0.0341104790568352,"singlet",TRUE
"K183156_CELL22520_N1","K183156",0.47280216217041,"singlet",FALSE
"K183156_CELL22524_N1","K183156",0.0185761768370867,"singlet",TRUE
"K183156_CELL22617_N1","K183156",0.159984186291695,"singlet",TRUE
"K183156_CELL22643_N1","K183156",0.0229912251234055,"singlet",TRUE
"K183156_CELL22720_N1","K183156",0.353042513132095,"singlet",TRUE
"K183156_CELL23175_N1","K183156",0.0861313715577126,"singlet",TRUE
"K183156_CELL23273_N1","K183156",0.632629573345184,"singlet",TRUE
"K183156_CELL23386_N1","K183156",0.451149851083755,"singlet",TRUE
"K183156_CELL23524_N1","K183156",0.831731855869293,"singlet",TRUE
"K183156_CELL23808_N1","K183156",0.0872352942824364,"singlet",TRUE
"K183156_CELL23876_N1","K183156",0.953233897686005,"doublet",TRUE
"K183156_CELL24187_N1","K183156",0.166862159967422,"singlet",TRUE
"K183156_CELL24214_N1","K183156",0.127492055296898,"singlet",TRUE
"K183156_CELL24301_N1","K183156",0.261664837598801,"singlet",TRUE
"K183156_CELL24762_N1","K183156",0.120370477437973,"singlet",TRUE
"K183156_CELL24900_N1","K183156",0.373975485563278,"singlet",FALSE
"K183156_CELL24977_N1","K183156",0.00492552435025573,"singlet",TRUE
"K183156_CELL25010_N1","K183156",0.196113303303719,"singlet",TRUE
"K183156_CELL25144_N1","K183156",0.144591182470322,"singlet",TRUE
"K183156_CELL25256_N1","K183156",0.945702910423279,"doublet",FALSE
"K183156_CELL25363_N1","K183156",0.199101001024246,"singlet",TRUE
"K183156_CELL25423_N1","K183156",0.33344966173172,"singlet",TRUE
"K183156_CELL25737_N1","K183156",0.222934544086456,"singlet",TRUE
"K183156_CELL26172_N1","K183156",0.0641180574893951,"singlet",TRUE
"K183156_CELL26269_N1","K183156",0.80485475063324,"singlet",TRUE
"K183156_CELL26381_N1","K183156",0.475015848875046,"singlet",TRUE
"K183156_CELL26435_N1","K183156",0.451677650213242,"singlet",TRUE
"K183156_CELL26465_N1","K183156",0.2784044444561,"singlet",TRUE
"K183156_CELL26500_N1","K183156",0.747111737728119,"singlet",TRUE
"K183156_CELL26953_N1","K183156",0.0151512278243899,"singlet",TRUE
"K183156_CELL26993_N1","K183156",0.0581798367202282,"singlet",TRUE
"K183156_CELL27570_N1","K183156",0.127226710319519,"singlet",TRUE
"K183156_CELL27743_N1","K183156",0.135804742574692,"singlet",TRUE
"K183156_CELL27800_N1","K183156",0.167506232857704,"singlet",TRUE
"K183156_CELL27868_N1","K183156",0.0585594065487385,"singlet",TRUE
"K183156_CELL27886_N1","K183156",0.24812288582325,"singlet",FALSE
"K183156_CELL27961_N1","K183156",0.951144576072693,"doublet",TRUE
"K183156_CELL28048_N1","K183156",0.103848651051521,"singlet",TRUE
"K183156_CELL28084_N1","K183156",0.0250037517398596,"singlet",TRUE
"K183156_CELL28271_N1","K183156",0.625990211963654,"singlet",TRUE
"K183156_CELL28277_N1","K183156",0.322193831205368,"singlet",TRUE
"K183156_CELL28434_N1","K183156",0.145317733287811,"singlet",TRUE
"K183156_CELL28511_N1","K183156",0.312767028808594,"singlet",TRUE
"K183156_CELL28650_N1","K183156",0.532976925373077,"singlet",TRUE
"K183156_CELL28725_N1","K183156",0.0450812168419361,"singlet",TRUE
"K183156_CELL28774_N1","K183156",0.563881874084473,"singlet",TRUE
"K183156_CELL28889_N1","K183156",0.0860011503100395,"singlet",TRUE
"K183156_CELL29055_N1","K183156",0.23941433429718,"singlet",TRUE
"K183156_CELL29107_N1","K183156",0.0206856820732355,"singlet",TRUE
"K183156_CELL29144_N1","K183156",0.00432001566514373,"singlet",TRUE
"K183156_CELL29247_N1","K183156",0.308921754360199,"singlet",TRUE
"K183156_CELL29350_N1","K183156",0.0571290105581284,"singlet",TRUE
"K183156_CELL29405_N1","K183156",0.165354073047638,"singlet",TRUE
"K183156_CELL29464_N1","K183156",0.0295897573232651,"singlet",TRUE
"K183156_CELL29671_N1","K183156",0.585385978221893,"singlet",TRUE
"K183156_CELL29753_N1","K183156",0.156356602907181,"singlet",TRUE
"K183156_CELL29916_N1","K183156",0.111686825752258,"singlet",TRUE
"K183156_CELL29934_N1","K183156",0.00380555889569223,"singlet",TRUE
"K183156_CELL30145_N1","K183156",0.229778945446014,"singlet",TRUE
"K183156_CELL30180_N1","K183156",0.37913304567337,"singlet",TRUE
"K183156_CELL31044_N1","K183156",0.252376854419708,"singlet",TRUE
"K183156_CELL31471_N1","K183156",0.0417278856039047,"singlet",TRUE
"K183156_CELL31584_N1","K183156",0.463415890932083,"singlet",TRUE
"K183156_CELL31596_N1","K183156",0.167130291461945,"singlet",TRUE
"K183156_CELL31644_N1","K183156",0.136744856834412,"singlet",TRUE
"K183156_CELL31729_N1","K183156",0.2539381980896,"singlet",TRUE
"K183156_CELL31924_N1","K183156",0.299645751714706,"singlet",TRUE
"K183156_CELL32069_N1","K183156",0.0763092190027237,"singlet",TRUE
"K183156_CELL32181_N1","K183156",0.932652115821838,"singlet",TRUE
"K183156_CELL32209_N1","K183156",0.00681331474334002,"singlet",TRUE
"K183261_CELL782_N3","K183261",0.526782903647181,"singlet",TRUE
"K183261_CELL831_N2","K183261",0.523903292001226,"singlet",TRUE
"K183261_CELL1053_N6","K183261",0.562575124556284,"singlet",TRUE
"K183261_CELL1385_N2","K183261",0.535830568024004,"singlet",TRUE
"K183261_CELL1474_N3","K183261",0.478759304883116,"singlet",TRUE
"K183261_CELL1794_N4","K183261",0.469469023036819,"singlet",TRUE
"K183261_CELL1898_N2","K183261",0.49072248505598,"singlet",FALSE
"K183261_CELL1909_N4","K183261",0.473322325226411,"singlet",TRUE
"K183261_CELL1937_N4","K183261",0.516420385822162,"singlet",TRUE
"K183261_CELL2058_N2","K183261",0.555012076960342,"singlet",TRUE
"K183261_CELL2230_N5","K183261",0.463546844445935,"singlet",TRUE
"K183261_CELL2234_N4","K183261",0.532147032903528,"singlet",TRUE
"K183261_CELL2264_N3","K183261",0.508719168127604,"singlet",TRUE
"K183261_CELL2301_N2","K183261",0.51149052654917,"singlet",TRUE
"K183261_CELL2339_N3","K183261",0.66253784427593,"singlet",FALSE
"K183261_CELL3150_N2","K183261",0.511337327422853,"singlet",TRUE
"K183261_CELL3380_N4","K183261",0.523591779803891,"singlet",TRUE
"K183261_CELL3662_N6","K183261",0.568920383318792,"singlet",TRUE
"K183261_CELL3774_N3","K183261",0.512139911859558,"singlet",TRUE
"K183261_CELL3841_N3","K183261",0.604919946261172,"singlet",FALSE
"K183261_CELL4138_N3","K183261",0.499904198248774,"singlet",TRUE
"K183261_CELL4247_N4","K183261",0.51113529728545,"singlet",TRUE
"K183261_CELL4525_N2","K183261",0.568523555691591,"singlet",FALSE
"K183261_CELL4530_N7","K183261",0.623209292354124,"singlet",TRUE
"K183261_CELL4622_N4","K183261",0.731934764931815,"doublet",FALSE
"K183261_CELL4642_N3","K183261",0.519798065203208,"singlet",TRUE
"K183261_CELL4741_N3","K183261",0.722355815980326,"singlet",TRUE
"K183261_CELL5112_N2","K183261",0.53857545783877,"singlet",TRUE
"K183261_CELL5265_N2","K183261",0.499690930815365,"singlet",TRUE
"K183261_CELL5296_N2","K183261",0.590427633224204,"singlet",TRUE
"K183261_CELL6116_N2","K183261",0.491414784330541,"singlet",TRUE
"K183261_CELL6202_N3","K183261",0.529891438933807,"singlet",TRUE
"K183261_CELL6949_N4","K183261",0.516317230564356,"singlet",FALSE
"K183261_CELL7358_N2","K183261",0.547865632103592,"singlet",TRUE
"K183261_CELL7359_N1","K183261",0.508144351214527,"singlet",TRUE
"K183261_CELL8615_N4","K183261",0.485939807971714,"singlet",TRUE
"K183261_CELL9070_N3","K183261",0.502242195085804,"singlet",TRUE
"K183261_CELL9269_N3","K183261",0.528137032413705,"singlet",TRUE
"K183261_CELL9511_N3","K183261",0.570379341705929,"singlet",TRUE
"K183261_CELL9537_N3","K183261",0.505973848879525,"singlet",TRUE
"K183261_CELL9555_N2","K183261",0.507096609856174,"singlet",TRUE
"K183261_CELL9812_N4","K183261",0.505915678087623,"singlet",TRUE
"K183261_CELL9904_N2","K183261",0.51065754348265,"singlet",TRUE
"K183261_CELL10191_N2","K183261",0.59491822977156,"singlet",FALSE
"K183261_CELL10261_N1","K183261",0.48,"singlet",TRUE
"K183261_CELL12047_N1","K183261",0.471619706192193,"singlet",TRUE
"K183261_CELL13785_N1","K183261",0.503341632568521,"singlet",TRUE
"K183261_CELL17149_N1","K183261",0.507111960276416,"singlet",TRUE
"K183261_CELL17959_N1","K183261",0.532801740004651,"singlet",TRUE
"K183261_CELL19488_N1","K183261",0.549529998813167,"singlet",TRUE
"K183261_CELL20828_N1","K183261",0.678349288054594,"singlet",TRUE
"K183261_CELL26267_N1","K183261",0.540268473895918,"singlet",TRUE
"K183261_CELL30227_N1","K183261",0.523641698102441,"singlet",TRUE
"K183261_CELL34896_N1","K183261",0.497981895957687,"singlet",TRUE
"K183261_CELL36106_N1","K183261",0.613225730960559,"singlet",TRUE
"K183261_CELL37268_N1","K183261",0.464042297104911,"singlet",TRUE
"K712771_CELL329_N4","K712771",0.535296678543091,"singlet",TRUE
"K712771_CELL502_N3","K712771",0.568948328495026,"singlet",TRUE
"K712771_CELL710_N4","K712771",0.637845396995544,"singlet",TRUE
"K712771_CELL834_N1","K712771",0.886804819107056,"singlet",TRUE
"K712771_CELL859_N6","K712771",0.801112055778503,"singlet",TRUE
"K712771_CELL1003_N2","K712771",0.762399733066559,"singlet",TRUE
"K712771_CELL1279_N4","K712771",0.283151596784592,"singlet",TRUE
"K712771_CELL1351_N2","K712771",0.283151596784592,"singlet",TRUE
"K712771_CELL1464_N4","K712771",0.425507664680481,"singlet",TRUE
"K712771_CELL1603_N2","K712771",0.738218128681183,"singlet",TRUE
"K712771_CELL1806_N3","K712771",0.619895219802856,"singlet",TRUE
"K712771_CELL1977_N5","K712771",0.572759926319122,"singlet",TRUE
"K712771_CELL1989_N4","K712771",0.352713614702225,"singlet",TRUE
"K712771_CELL1996_N3","K712771",0.964972257614136,"doublet",TRUE
"K712771_CELL2003_N4","K712771",0.877829432487488,"singlet",FALSE
"K712771_CELL2183_N5","K712771",0.521288812160492,"singlet",FALSE
"K712771_CELL2224_N4","K712771",0.754363477230072,"singlet",TRUE
"K712771_CELL2493_N7","K712771",0.789887607097626,"singlet",TRUE
"K712771_CELL2762_N5","K712771",0.283151596784592,"singlet",TRUE
"K712771_CELL3052_N3","K712771",0.463507562875748,"singlet",TRUE
"K712771_CELL3113_N2","K712771",0.844568073749542,"singlet",TRUE
"K712771_CELL3674_N3","K712771",0.506928622722626,"singlet",TRUE
"K712771_CELL3808_N3","K712771",0.982111692428589,"doublet",FALSE
"K712771_CELL4138_N2","K712771",0.297900080680847,"singlet",TRUE
"K712771_CELL4504_N2","K712771",0.508532404899597,"singlet",TRUE
"K712771_CELL4512_N3","K712771",0.75277441740036,"singlet",FALSE
"K712771_CELL5011_N4","K712771",0.283151596784592,"singlet",TRUE
"K712771_CELL5120_N4","K712771",0.23967333137989,"singlet",FALSE
"K712771_CELL5241_N2","K712771",0.960423648357391,"doublet",TRUE
"K712771_CELL5313_N2","K712771",0.678446590900421,"singlet",TRUE
"K712771_CELL5445_N4","K712771",0.584271490573883,"singlet",TRUE
"K712771_CELL5485_N1","K712771",0.907116234302521,"singlet",TRUE
"K712771_CELL5492_N2","K712771",0.754363477230072,"singlet",TRUE
"K712771_CELL5530_N3","K712771",0.983391046524048,"doublet",FALSE
"K712771_CELL5571_N3","K712771",0.411374807357788,"singlet",TRUE
"K712771_CELL5672_N2","K712771",0.579550743103027,"singlet",TRUE
"K712771_CELL5695_N3","K712771",0.425507664680481,"singlet",TRUE
"K712771_CELL5839_N3","K712771",0.988901019096375,"doublet",FALSE
"K712771_CELL6146_N1","K712771",0.35975256562233,"singlet",TRUE
"K712771_CELL6275_N2","K712771",0.972495019435883,"doublet",FALSE
"K712771_CELL6298_N2","K712771",0.429177314043045,"singlet",TRUE
"K712771_CELL6542_N3","K712771",0.903151273727417,"singlet",TRUE
"K712771_CELL6576_N2","K712771",0.708869099617004,"singlet",TRUE
"K712771_CELL6579_N2","K712771",0.391631215810776,"singlet",TRUE
"K712771_CELL6732_N2","K712771",0.463507562875748,"singlet",TRUE
"K712771_CELL6787_N2","K712771",0.788297533988953,"singlet",TRUE
"K712771_CELL6857_N3","K712771",0.391631215810776,"singlet",TRUE
"K712771_CELL7321_N4","K712771",0.159802883863449,"singlet",TRUE
"K712771_CELL7398_N2","K712771",0.943157196044922,"doublet",TRUE
"K712771_CELL7490_N2","K712771",0.972495019435883,"doublet",TRUE
"K712771_CELL7552_N2","K712771",0.988901019096375,"doublet",FALSE
"K712771_CELL8181_N2","K712771",0.754592716693878,"singlet",TRUE
"K712771_CELL8397_N3","K712771",0.625423729419708,"singlet",TRUE
"K712771_CELL8680_N3","K712771",0.863760054111481,"singlet",FALSE
"K712771_CELL8809_N1","K712771",0.609551906585693,"singlet",TRUE
"K712771_CELL8906_N2","K712771",0.801575303077698,"singlet",TRUE
"K712771_CELL8975_N2","K712771",0.988901019096375,"doublet",TRUE
"K712771_CELL9044_N2","K712771",0.850121676921844,"singlet",TRUE
"K712771_CELL9469_N1","K712771",0.56335437297821,"singlet",TRUE
"K712771_CELL9682_N5","K712771",0.469615906476974,"singlet",TRUE
"K712771_CELL10156_N2","K712771",0.207807943224907,"singlet",TRUE
"K712771_CELL10795_N1","K712771",0.283151596784592,"singlet",TRUE
"K712771_CELL10969_N1","K712771",0.698670029640198,"singlet",FALSE
"K712771_CELL11078_N2","K712771",0.283151596784592,"singlet",TRUE
"K712771_CELL11095_N3","K712771",0.603542387485504,"singlet",TRUE
"K712771_CELL11248_N3","K712771",0.717456579208374,"singlet",FALSE
"K712771_CELL11452_N2","K712771",0.603090703487396,"singlet",TRUE
"K712771_CELL11479_N2","K712771",0.566419422626495,"singlet",TRUE
"K712771_CELL11481_N2","K712771",0.887659072875977,"singlet",TRUE
"K712771_CELL11522_N3","K712771",0.347772657871246,"singlet",TRUE
"K712771_CELL11558_N3","K712771",0.605108678340912,"singlet",TRUE
"K712771_CELL11931_N2","K712771",0.523496091365814,"singlet",TRUE
"K712771_CELL12144_N2","K712771",0.845551371574402,"singlet",TRUE
"K712771_CELL12364_N3","K712771",0.8213010430336,"singlet",TRUE
"K712771_CELL12466_N1","K712771",0.451716661453247,"singlet",TRUE
"K712771_CELL12512_N1","K712771",0.36480912566185,"singlet",TRUE
"K712771_CELL12584_N2","K712771",0.494361519813538,"singlet",TRUE
"K712771_CELL12890_N2","K712771",0.377955466508865,"singlet",TRUE
"K712771_CELL12914_N1","K712771",0.917397856712341,"singlet",FALSE
"K712771_CELL13133_N1","K712771",0.559082627296448,"singlet",TRUE
"K712771_CELL13267_N1","K712771",0.651985287666321,"singlet",TRUE
"K712771_CELL13941_N1","K712771",0.651985287666321,"singlet",TRUE
"K712771_CELL14353_N1","K712771",0.425507664680481,"singlet",TRUE
"K712771_CELL15108_N1","K712771",0.848136246204376,"singlet",FALSE
"K712771_CELL15190_N1","K712771",0.533871173858643,"singlet",TRUE
"K712771_CELL15220_N1","K712771",0.649664998054504,"singlet",TRUE
"K712771_CELL16633_N1","K712771",0.377955466508865,"singlet",TRUE
"K712771_CELL16714_N1","K712771",0.572413682937622,"singlet",TRUE
"K712771_CELL16891_N1","K712771",0.969718933105469,"doublet",FALSE
"K712771_CELL17064_N1","K712771",0.609382271766663,"singlet",TRUE
"K712771_CELL17104_N1","K712771",0.610134124755859,"singlet",TRUE
"K712771_CELL17382_N1","K712771",0.459071308374405,"singlet",TRUE
"K712771_CELL18078_N1","K712771",0.793839752674103,"singlet",TRUE
"K712771_CELL18219_N1","K712771",0.717607021331787,"singlet",TRUE
"K712771_CELL19019_N1","K712771",0.280035048723221,"singlet",TRUE
"K712771_CELL19429_N1","K712771",0.649664998054504,"singlet",TRUE
"K712771_CELL19483_N1","K712771",0.283151596784592,"singlet",TRUE
"K712771_CELL20341_N1","K712771",0.442674994468689,"singlet",TRUE
"K712771_CELL20624_N1","K712771",0.988901019096375,"doublet",TRUE
"K712771_CELL20715_N1","K712771",0.858831822872162,"singlet",TRUE
"K712771_CELL21116_N1","K712771",0.879792451858521,"singlet",TRUE
"K712771_CELL21319_N1","K712771",0.456364929676056,"singlet",TRUE
"K712771_CELL21338_N1","K712771",0.969718933105469,"doublet",FALSE
"K712771_CELL21676_N1","K712771",0.552632570266724,"singlet",TRUE
"K712771_CELL21794_N1","K712771",0.352713614702225,"singlet",TRUE
"K712771_CELL22525_N1","K712771",0.584271490573883,"singlet",TRUE
"K712771_CELL23153_N1","K712771",0.580092310905457,"singlet",TRUE
"K712771_CELL23672_N1","K712771",0.279247403144836,"singlet",TRUE
"K712771_CELL23805_N1","K712771",0.97179788351059,"doublet",TRUE
"N176712_CELL1209_N3","N176712",0.175900295376778,"singlet",TRUE
"N176712_CELL2777_N3","N176712",0.140194520354271,"singlet",TRUE
"N176712_CELL2821_N4","N176712",0.296005666255951,"singlet",FALSE
"N176712_CELL3232_N2","N176712",0.140194520354271,"singlet",TRUE
"N176712_CELL3900_N2","N176712",0.114528976380825,"singlet",TRUE
"N176712_CELL4047_N5","N176712",0.114528976380825,"singlet",FALSE
"N176712_CELL4364_N2","N176712",0.140194520354271,"singlet",TRUE
"N176712_CELL5248_N3","N176712",0.114528976380825,"singlet",TRUE
"N176712_CELL6207_N7","N176712",0.21202577650547,"singlet",FALSE
"N176712_CELL6455_N2","N176712",0.114528976380825,"singlet",TRUE
"N176712_CELL6506_N3","N176712",0.114528976380825,"singlet",FALSE
"N176712_CELL6949_N3","N176712",0.114528976380825,"singlet",TRUE
"N176712_CELL7594_N3","N176712",0.670074760913849,"singlet",FALSE
"N176712_CELL9310_N1","N176712",0.175900295376778,"singlet",TRUE
"N176712_CELL14513_N1","N176712",0.140194520354271,"singlet",TRUE
"N176712_CELL14881_N1","N176712",0.114528976380825,"singlet",TRUE
"N177536_CELL99_N5","N177536",0.499916722570112,"singlet",TRUE
"N177536_CELL467_N2","N177536",0.523724446529657,"singlet",TRUE
"N177536_CELL641_N3","N177536",0.640205499562902,"singlet",TRUE
"N177536_CELL998_N3","N177536",0.504862845642401,"singlet",FALSE
"N177536_CELL1139_N4","N177536",0.565463644886362,"singlet",FALSE
"N177536_CELL1859_N3","N177536",0.487056564962303,"singlet",TRUE
"N177536_CELL2135_N3","N177536",0.602210008987086,"singlet",FALSE
"N177536_CELL2671_N2","N177536",0.55980694885812,"singlet",TRUE
"N177536_CELL3575_N3","N177536",0.773137643057022,"singlet",FALSE
"N177536_CELL3702_N2","N177536",0.512984330025187,"singlet",TRUE
"N177536_CELL3817_N3","N177536",0.544133370731212,"singlet",TRUE
"N177536_CELL3871_N3","N177536",0.519747566203476,"singlet",FALSE
"N177536_CELL4444_N3","N177536",0.497315957959132,"singlet",TRUE
"N177536_CELL4727_N6","N177536",0.605282295043919,"singlet",FALSE
"N177536_CELL4931_N3","N177536",0.548790981236974,"singlet",TRUE
"N177536_CELL5149_N2","N177536",0.575337325254251,"singlet",TRUE
"N177536_CELL5420_N3","N177536",0.513815026462778,"singlet",TRUE
"N177536_CELL5535_N2","N177536",0.544451816211499,"singlet",TRUE
"N177536_CELL5547_N2","N177536",0.471716059711959,"singlet",TRUE
"N177536_CELL6384_N3","N177536",0.584590934473885,"singlet",FALSE
"N177536_CELL6491_N2","N177536",0.512326721923652,"singlet",FALSE
"N177536_CELL6495_N2","N177536",0.533998033174511,"singlet",TRUE
"N177536_CELL6881_N2","N177536",0.495963767468457,"singlet",TRUE
"N177536_CELL7044_N2","N177536",0.838761286532034,"doublet",FALSE
"N177536_CELL7391_N2","N177536",0.668414318456398,"singlet",FALSE
"N177536_CELL7638_N2","N177536",0.525213703777026,"singlet",FALSE
"N177536_CELL8407_N2","N177536",0.534664152009448,"singlet",TRUE
"N177536_CELL8499_N2","N177536",0.476649602733359,"singlet",TRUE
"N177536_CELL8756_N3","N177536",0.547483194638802,"singlet",TRUE
"N177536_CELL8831_N2","N177536",0.735106533940245,"singlet",TRUE
"N177536_CELL9609_N2","N177536",0.518967960473576,"singlet",TRUE
"N177536_CELL9771_N2","N177536",0.548464484445293,"singlet",TRUE
"N177536_CELL9976_N2","N177536",0.464354272761553,"singlet",TRUE
"N177536_CELL10205_N3","N177536",0.562975145595371,"singlet",TRUE
"N177536_CELL10358_N2","N177536",0.540562774539144,"singlet",TRUE
"N177536_CELL11050_N3","N177536",0.625934369640571,"singlet",TRUE
"N177536_CELL11056_N2","N177536",0.57287629536875,"singlet",TRUE
"N177536_CELL11528_N3","N177536",0.641117230009809,"singlet",TRUE
"N177536_CELL11941_N3","N177536",0.49601221919756,"singlet",TRUE
"N177536_CELL13121_N1","N177536",0.48369329024843,"singlet",TRUE
"N177536_CELL15883_N1","N177536",0.517473720263473,"singlet",TRUE
"N177536_CELL16993_N1","N177536",0.539972517507366,"singlet",TRUE
"N177536_CELL17130_N1","N177536",0.497683119662657,"singlet",TRUE
"N177536_CELL18173_N1","N177536",0.515783473156017,"singlet",FALSE
"N177536_CELL18616_N1","N177536",0.484666586723247,"singlet",TRUE
"N177536_CELL19214_N1","N177536",0.552562940644031,"singlet",TRUE
"N177536_CELL19706_N1","N177536",0.519989572074422,"singlet",TRUE
"N177536_CELL20358_N1","N177536",0.547612482725606,"singlet",TRUE
"N177536_CELL20971_N1","N177536",0.487928268654028,"singlet",FALSE
"N177536_CELL22589_N1","N177536",0.57837795256212,"singlet",TRUE
"N177536_CELL22836_N1","N177536",0.488598620696457,"singlet",TRUE
"N177536_CELL22977_N1","N177536",0.586999204496082,"singlet",TRUE
"N177536_CELL23410_N1","N177536",0.521248916784191,"singlet",TRUE
"N177536_CELL23915_N1","N177536",0.520898424469733,"singlet",FALSE
"N177536_CELL25579_N1","N177536",0.6028554959012,"singlet",FALSE
"N177536_CELL25842_N1","N177536",0.509330126784626,"singlet",TRUE
"N177536_CELL26198_N1","N177536",0.54128844545118,"singlet",TRUE
"N177536_CELL26946_N1","N177536",0.527540377772988,"singlet",FALSE
"N177536_CELL27230_N1","N177536",0.502673458883526,"singlet",FALSE
"N177536_CELL27559_N1","N177536",0.524075441679034,"singlet",TRUE
"N387690_CELL19_N3","N387690",0.366455316543579,"singlet",FALSE
"N387690_CELL42_N5","N387690",0.031829945743084,"singlet",FALSE
"N387690_CELL127_N3","N387690",0.752711653709412,"singlet",FALSE
"N387690_CELL188_N4","N387690",0.0655089393258095,"singlet",FALSE
"N387690_CELL199_N3","N387690",0.0374766401946545,"singlet",TRUE
"N387690_CELL215_N3","N387690",0.21432963013649,"singlet",FALSE
"N387690_CELL228_N3","N387690",0.0782584324479103,"singlet",TRUE
"N387690_CELL241_N3","N387690",0.0256139077246189,"singlet",TRUE
"N387690_CELL273_N3","N387690",0.262721657752991,"singlet",FALSE
"N387690_CELL304_N4","N387690",0.510437726974487,"singlet",TRUE
"N387690_CELL318_N4","N387690",0.034061323851347,"singlet",TRUE
"N387690_CELL330_N2","N387690",0.0393775515258312,"singlet",FALSE
"N387690_CELL357_N3","N387690",0.0350017696619034,"singlet",TRUE
"N387690_CELL368_N3","N387690",0.389512926340103,"singlet",FALSE
"N387690_CELL370_N2","N387690",0.0421214029192924,"singlet",TRUE
"N387690_CELL477_N3","N387690",0.0950695723295212,"singlet",TRUE
"N387690_CELL532_N4","N387690",0.0576752200722694,"singlet",TRUE
"N387690_CELL537_N5","N387690",0.0718233212828636,"singlet",FALSE
"N387690_CELL573_N2","N387690",0.0668456926941872,"singlet",TRUE
"N387690_CELL600_N5","N387690",0.889449954032898,"doublet",FALSE
"N387690_CELL669_N3","N387690",0.0489934235811234,"singlet",TRUE
"N387690_CELL780_N3","N387690",0.189589962363243,"singlet",TRUE
"N387690_CELL787_N3","N387690",0.0786642134189606,"singlet",TRUE
"N387690_CELL811_N2","N387690",0.705650329589844,"singlet",TRUE
"N387690_CELL863_N3","N387690",0.0960035100579262,"singlet",FALSE
"N387690_CELL939_N3","N387690",0.0180024858564138,"singlet",TRUE
"N387690_CELL1036_N1","N387690",0.0769598558545113,"singlet",TRUE
"N387690_CELL1043_N2","N387690",0.340754806995392,"singlet",FALSE
"N387690_CELL1048_N2","N387690",0.0491143204271793,"singlet",TRUE
"N387690_CELL1082_N4","N387690",0.240453645586967,"singlet",TRUE
"N387690_CELL1182_N2","N387690",0.298691719770432,"singlet",TRUE
"N387690_CELL1198_N2","N387690",0.259480237960815,"singlet",TRUE
"N387690_CELL1261_N4","N387690",0.242723479866982,"singlet",FALSE
"N387690_CELL1310_N3","N387690",0.0966085940599442,"singlet",FALSE
"N387690_CELL1312_N2","N387690",0.10048670321703,"singlet",TRUE
"N387690_CELL1336_N2","N387690",0.0184480920433998,"singlet",TRUE
"N387690_CELL1371_N2","N387690",0.00702174892649055,"singlet",TRUE
"N387690_CELL1400_N2","N387690",0.139017596840858,"singlet",TRUE
"N387690_CELL1473_N3","N387690",0.0843756794929504,"singlet",TRUE
"N387690_CELL1497_N3","N387690",0.58832973241806,"singlet",FALSE
"N387690_CELL1541_N4","N387690",0.0320271104574203,"singlet",TRUE
"N387690_CELL1569_N3","N387690",0.546744346618652,"singlet",TRUE
"N387690_CELL1613_N2","N387690",0.206973552703857,"singlet",FALSE
"N387690_CELL1703_N2","N387690",0.0497447811067104,"singlet",TRUE
"N387690_CELL1731_N3","N387690",0.0490628816187382,"singlet",TRUE
"N387690_CELL1774_N3","N387690",0.109690770506859,"singlet",TRUE
"N387690_CELL1787_N3","N387690",0.0439423024654388,"singlet",TRUE
"N387690_CELL1804_N4","N387690",0.0150244627147913,"singlet",TRUE
"N387690_CELL1836_N3","N387690",0.244723588228226,"singlet",TRUE
"N387690_CELL1893_N6","N387690",0.0255811717361212,"singlet",FALSE
"N387690_CELL1898_N4","N387690",0.0401818230748177,"singlet",TRUE
"N387690_CELL2024_N5","N387690",0.0169822685420513,"singlet",FALSE
"N387690_CELL2098_N2","N387690",0.019824605435133,"singlet",TRUE
"N387690_CELL2118_N5","N387690",0.174358621239662,"singlet",FALSE
"N387690_CELL2153_N3","N387690",0.477438896894455,"singlet",TRUE
"N387690_CELL2167_N2","N387690",0.536780893802643,"singlet",TRUE
"N387690_CELL2235_N5","N387690",0.146770626306534,"singlet",TRUE
"N387690_CELL2244_N2","N387690",0.0697472169995308,"singlet",FALSE
"N387690_CELL2287_N3","N387690",0.0280701816082001,"singlet",TRUE
"N387690_CELL2293_N4","N387690",0.713230311870575,"singlet",TRUE
"N387690_CELL2307_N2","N387690",0.0419956520199776,"singlet",TRUE
"N387690_CELL2367_N3","N387690",0.103371471166611,"singlet",TRUE
"N387690_CELL2384_N4","N387690",0.158995017409325,"singlet",FALSE
"N387690_CELL2393_N2","N387690",0.964117288589478,"doublet",FALSE
"N387690_CELL2428_N2","N387690",0.074244350194931,"singlet",TRUE
"N387690_CELL2433_N2","N387690",0.14356429874897,"singlet",TRUE
"N387690_CELL2448_N7","N387690",0.79599541425705,"singlet",FALSE
"N387690_CELL2453_N2","N387690",0.248053148388863,"singlet",FALSE
"N387690_CELL2521_N2","N387690",0.165782272815704,"singlet",TRUE
"N387690_CELL2576_N3","N387690",0.25535386800766,"singlet",TRUE
"N387690_CELL2590_N3","N387690",0.156514465808868,"singlet",TRUE
"N387690_CELL2640_N2","N387690",0.0333690233528614,"singlet",FALSE
"N387690_CELL2681_N2","N387690",0.129884496331215,"singlet",TRUE
"N387690_CELL2703_N2","N387690",0.0235232319682837,"singlet",TRUE
"N387690_CELL2799_N4","N387690",0.388508766889572,"singlet",FALSE
"N387690_CELL2824_N2","N387690",0.0891900509595871,"singlet",FALSE
"N387690_CELL2827_N2","N387690",0.105338968336582,"singlet",TRUE
"N387690_CELL2934_N3","N387690",0.0606383457779884,"singlet",TRUE
"N387690_CELL2939_N3","N387690",0.179818704724312,"singlet",TRUE
"N387690_CELL2976_N2","N387690",0.0259636323899031,"singlet",TRUE
"N387690_CELL2998_N2","N387690",0.221755132079124,"singlet",FALSE
"N387690_CELL3003_N3","N387690",0.0279170293360949,"singlet",TRUE
"N387690_CELL3103_N2","N387690",0.0547778904438019,"singlet",FALSE
"N387690_CELL3134_N3","N387690",0.208755806088448,"singlet",TRUE
"N387690_CELL3183_N3","N387690",0.367396414279938,"singlet",FALSE
"N387690_CELL3202_N3","N387690",0.0880534052848816,"singlet",FALSE
"N387690_CELL3203_N5","N387690",0.150237321853638,"singlet",FALSE
"N387690_CELL3274_N3","N387690",0.435438096523285,"singlet",TRUE
"N387690_CELL3328_N2","N387690",0.0514898225665092,"singlet",TRUE
"N387690_CELL3350_N2","N387690",0.985608220100403,"doublet",FALSE
"N387690_CELL3396_N3","N387690",0.48351788520813,"singlet",TRUE
"N387690_CELL3416_N2","N387690",0.033679872751236,"singlet",TRUE
"N387690_CELL3433_N4","N387690",0.514324426651001,"singlet",TRUE
"N387690_CELL3453_N2","N387690",0.162166982889175,"singlet",TRUE
"N387690_CELL3477_N2","N387690",0.0483387783169746,"singlet",FALSE
"N387690_CELL3526_N5","N387690",0.0578308738768101,"singlet",TRUE
"N387690_CELL3575_N2","N387690",0.0170722138136625,"singlet",TRUE
"N387690_CELL3577_N3","N387690",0.327552855014801,"singlet",FALSE
"N387690_CELL3596_N2","N387690",0.109303057193756,"singlet",TRUE
"N387690_CELL3604_N2","N387690",0.250730752944946,"singlet",TRUE
"N387690_CELL3612_N4","N387690",0.0492024496197701,"singlet",TRUE
"N387690_CELL3631_N4","N387690",0.115018844604492,"singlet",TRUE
"N387690_CELL3735_N3","N387690",0.0494474954903126,"singlet",TRUE
"N387690_CELL3873_N3","N387690",0.00505481567233801,"singlet",TRUE
"N387690_CELL3902_N2","N387690",0.0313548445701599,"singlet",TRUE
"N387690_CELL3923_N3","N387690",0.0385070070624352,"singlet",TRUE
"N387690_CELL4038_N2","N387690",0.22711817920208,"singlet",FALSE
"N387690_CELL4047_N4","N387690",0.398276567459106,"singlet",TRUE
"N387690_CELL4091_N3","N387690",0.467674076557159,"singlet",FALSE
"N387690_CELL4106_N2","N387690",0.259912043809891,"singlet",FALSE
"N387690_CELL4183_N2","N387690",0.0520548932254314,"singlet",TRUE
"N387690_CELL4313_N3","N387690",0.0353871881961823,"singlet",FALSE
"N387690_CELL4356_N4","N387690",0.0137214418500662,"singlet",TRUE
"N387690_CELL4386_N2","N387690",0.0421689115464687,"singlet",FALSE
"N387690_CELL4456_N2","N387690",0.0210736133158207,"singlet",TRUE
"N387690_CELL4569_N4","N387690",0.255560398101807,"singlet",FALSE
"N387690_CELL4592_N7","N387690",0.209758788347244,"singlet",TRUE
"N387690_CELL4634_N2","N387690",0.0353716872632504,"singlet",FALSE
"N387690_CELL4635_N2","N387690",0.979374527931213,"doublet",FALSE
"N387690_CELL4682_N2","N387690",0.0994889661669731,"singlet",FALSE
"N387690_CELL4734_N4","N387690",0.513269424438477,"singlet",FALSE
"N387690_CELL4736_N2","N387690",0.0549001805484295,"singlet",TRUE
"N387690_CELL4752_N3","N387690",0.007545355707407,"singlet",TRUE
"N387690_CELL4803_N3","N387690",0.0952091813087463,"singlet",TRUE
"N387690_CELL4897_N3","N387690",0.0896128639578819,"singlet",FALSE
"N387690_CELL5015_N2","N387690",0.00898405350744724,"singlet",TRUE
"N387690_CELL5034_N5","N387690",0.0737082809209824,"singlet",TRUE
"N387690_CELL5089_N4","N387690",0.164961591362953,"singlet",FALSE
"N387690_CELL5095_N3","N387690",0.0781639441847801,"singlet",TRUE
"N387690_CELL5103_N4","N387690",0.0249626785516739,"singlet",TRUE
"N387690_CELL5147_N3","N387690",0.308393955230713,"singlet",TRUE
"N387690_CELL5163_N3","N387690",0.0663392916321754,"singlet",TRUE
"N387690_CELL5319_N3","N387690",0.24318465590477,"singlet",TRUE
"N387690_CELL5347_N4","N387690",0.107223369181156,"singlet",TRUE
"N387690_CELL5410_N3","N387690",0.474098086357117,"singlet",FALSE
"N387690_CELL5475_N2","N387690",0.108716912567616,"singlet",FALSE
"N387690_CELL5611_N2","N387690",0.949901759624481,"doublet",FALSE
"N387690_CELL5652_N2","N387690",0.40946951508522,"singlet",TRUE
"N387690_CELL5660_N3","N387690",0.0166625324636698,"singlet",TRUE
"N387690_CELL5689_N2","N387690",0.530163943767548,"singlet",TRUE
"N387690_CELL5726_N2","N387690",0.172157749533653,"singlet",TRUE
"N387690_CELL5730_N3","N387690",0.981480419635773,"doublet",FALSE
"N387690_CELL5772_N5","N387690",0.0184708684682846,"singlet",TRUE
"N387690_CELL6006_N2","N387690",0.182628214359283,"singlet",TRUE
"N387690_CELL6051_N4","N387690",0.989324033260345,"doublet",FALSE
"N387690_CELL6059_N2","N387690",0.0583321787416935,"singlet",TRUE
"N387690_CELL6148_N2","N387690",0.233174383640289,"singlet",FALSE
"N387690_CELL6232_N2","N387690",0.0541969835758209,"singlet",FALSE
"N387690_CELL6261_N3","N387690",0.0433842279016972,"singlet",TRUE
"N387690_CELL6304_N2","N387690",0.0908616110682487,"singlet",TRUE
"N387690_CELL6316_N2","N387690",0.0220423080027103,"singlet",FALSE
"N387690_CELL6362_N2","N387690",0.0483363978564739,"singlet",TRUE
"N387690_CELL6425_N4","N387690",0.317485272884369,"singlet",FALSE
"N387690_CELL6518_N4","N387690",0.765671908855438,"singlet",TRUE
"N387690_CELL6534_N3","N387690",0.544296503067017,"singlet",FALSE
"N387690_CELL6594_N2","N387690",0.113381654024124,"singlet",TRUE
"N387690_CELL6596_N2","N387690",0.163585960865021,"singlet",FALSE
"N387690_CELL6668_N2","N387690",0.104316160082817,"singlet",TRUE
"N387690_CELL6676_N1","N387690",0.114439427852631,"singlet",FALSE
"N387690_CELL6772_N2","N387690",0.722242116928101,"singlet",FALSE
"N387690_CELL6786_N2","N387690",0.0393349900841713,"singlet",FALSE
"N387690_CELL6871_N2","N387690",0.210002779960632,"singlet",TRUE
"N387690_CELL6880_N1","N387690",0.431528478860855,"singlet",FALSE
"N387690_CELL6934_N2","N387690",0.368436425924301,"singlet",FALSE
"N387690_CELL6935_N4","N387690",0.0773909911513329,"singlet",TRUE
"N387690_CELL6951_N3","N387690",0.0199465807527304,"singlet",TRUE
"N387690_CELL6953_N2","N387690",0.146962478756905,"singlet",FALSE
"N387690_CELL7012_N3","N387690",0.131378814578056,"singlet",FALSE
"N387690_CELL7016_N2","N387690",0.118146769702435,"singlet",TRUE
"N387690_CELL7026_N2","N387690",0.112903192639351,"singlet",TRUE
"N387690_CELL7096_N2","N387690",0.0108352294191718,"singlet",TRUE
"N387690_CELL7102_N3","N387690",0.289045304059982,"singlet",FALSE
"N387690_CELL7121_N2","N387690",0.151259154081345,"singlet",TRUE
"N387690_CELL7140_N2","N387690",0.144191831350327,"singlet",FALSE
"N387690_CELL7143_N3","N387690",0.189333736896515,"singlet",TRUE
"N387690_CELL7171_N1","N387690",0.507150173187256,"singlet",FALSE
"N387690_CELL7176_N3","N387690",0.311548262834549,"singlet",TRUE
"N387690_CELL7187_N2","N387690",0.12797823548317,"singlet",FALSE
"N387690_CELL7208_N2","N387690",0.429236799478531,"singlet",TRUE
"N387690_CELL7258_N5","N387690",0.240153610706329,"singlet",FALSE
"N387690_CELL7435_N3","N387690",0.537513673305511,"singlet",FALSE
"N387690_CELL7473_N3","N387690",0.970548868179321,"doublet",TRUE
"N387690_CELL7509_N2","N387690",0.0372035950422287,"singlet",TRUE
"N387690_CELL7538_N2","N387690",0.0447547398507595,"singlet",TRUE
"N387690_CELL7563_N3","N387690",0.151187643408775,"singlet",FALSE
"N387690_CELL7573_N3","N387690",0.0577090382575989,"singlet",TRUE
"N387690_CELL7647_N3","N387690",0.170540988445282,"singlet",TRUE
"N387690_CELL7796_N5","N387690",0.267229706048965,"singlet",FALSE
"N387690_CELL7825_N2","N387690",0.0420125015079975,"singlet",TRUE
"N387690_CELL7840_N2","N387690",0.795839846134186,"singlet",FALSE
"N387690_CELL7852_N2","N387690",0.0320729687809944,"singlet",TRUE
"N387690_CELL7902_N2","N387690",0.282182186841965,"singlet",TRUE
"N387690_CELL7949_N2","N387690",0.111693032085896,"singlet",TRUE
"N387690_CELL8052_N2","N387690",0.330131411552429,"singlet",TRUE
"N387690_CELL8080_N2","N387690",0.95672732591629,"doublet",TRUE
"N387690_CELL8087_N5","N387690",0.938763320446014,"doublet",FALSE
"N387690_CELL8105_N2","N387690",0.434436857700348,"singlet",TRUE
"N387690_CELL8127_N2","N387690",0.535480797290802,"singlet",TRUE
"N387690_CELL8139_N2","N387690",0.0870974287390709,"singlet",FALSE
"N387690_CELL8151_N3","N387690",0.100175507366657,"singlet",TRUE
"N387690_CELL8212_N2","N387690",0.0562067851424217,"singlet",FALSE
"N387690_CELL8300_N2","N387690",0.0548309944570065,"singlet",TRUE
"N387690_CELL8314_N4","N387690",0.0194112490862608,"singlet",TRUE
"N387690_CELL8337_N3","N387690",0.0621507577598095,"singlet",FALSE
"N387690_CELL8342_N2","N387690",0.0311162192374468,"singlet",TRUE
"N387690_CELL8351_N3","N387690",0.0110355522483587,"singlet",TRUE
"N387690_CELL8426_N4","N387690",0.233305260539055,"singlet",FALSE
"N387690_CELL8468_N2","N387690",0.526570737361908,"singlet",FALSE
"N387690_CELL8481_N2","N387690",0.0510606095194817,"singlet",TRUE
"N387690_CELL8510_N3","N387690",0.739618539810181,"singlet",TRUE
"N387690_CELL8571_N2","N387690",0.11638892441988,"singlet",TRUE
"N387690_CELL8611_N2","N387690",0.0679444670677185,"singlet",TRUE
"N387690_CELL8623_N3","N387690",0.218061372637749,"singlet",TRUE
"N387690_CELL8670_N2","N387690",0.296712875366211,"singlet",TRUE
"N387690_CELL8730_N3","N387690",0.990836977958679,"doublet",FALSE
"N387690_CELL8732_N3","N387690",0.0168337672948837,"singlet",TRUE
"N387690_CELL8763_N2","N387690",0.290430545806885,"singlet",TRUE
"N387690_CELL8832_N2","N387690",0.311324328184128,"singlet",FALSE
"N387690_CELL8888_N2","N387690",0.235729292035103,"singlet",TRUE
"N387690_CELL8943_N2","N387690",0.174836054444313,"singlet",TRUE
"N387690_CELL9036_N3","N387690",0.287100404500961,"singlet",FALSE
"N387690_CELL9070_N2","N387690",0.134600818157196,"singlet",TRUE
"N387690_CELL9177_N2","N387690",0.322405070066452,"singlet",FALSE
"N387690_CELL9199_N2","N387690",0.0466318726539612,"singlet",FALSE
"N387690_CELL9248_N3","N387690",0.402234792709351,"singlet",FALSE
"N387690_CELL9263_N2","N387690",0.512105703353882,"singlet",FALSE
"N387690_CELL9325_N2","N387690",0.280063956975937,"singlet",FALSE
"N387690_CELL9385_N2","N387690",0.113869428634644,"singlet",TRUE
"N387690_CELL9436_N2","N387690",0.137590393424034,"singlet",TRUE
"N387690_CELL9517_N2","N387690",0.332262337207794,"singlet",TRUE
"N387690_CELL9522_N2","N387690",0.143130362033844,"singlet",FALSE
"N387690_CELL9559_N2","N387690",0.0349048934876919,"singlet",TRUE
"N387690_CELL9636_N2","N387690",0.300329446792603,"singlet",FALSE
"N387690_CELL9721_N2","N387690",0.11078180372715,"singlet",FALSE
"N387690_CELL9809_N3","N387690",0.104759082198143,"singlet",FALSE
"N387690_CELL9812_N2","N387690",0.00331900781020522,"singlet",TRUE
"N387690_CELL9885_N3","N387690",0.167233064770699,"singlet",TRUE
"N387690_CELL9890_N2","N387690",0.086292527616024,"singlet",TRUE
"N387690_CELL10048_N4","N387690",0.0720980390906334,"singlet",TRUE
"N387690_CELL10058_N2","N387690",0.531437575817108,"singlet",TRUE
"N387690_CELL10163_N3","N387690",0.136027008295059,"singlet",TRUE
"N387690_CELL10200_N3","N387690",0.022274449467659,"singlet",TRUE
"N387690_CELL10230_N3","N387690",0.450002014636993,"singlet",TRUE
"N387690_CELL10274_N1","N387690",0.0702548921108246,"singlet",TRUE
"N387690_CELL10291_N2","N387690",0.244105711579323,"singlet",TRUE
"N387690_CELL10329_N3","N387690",0.440812915563583,"singlet",FALSE
"N387690_CELL10541_N3","N387690",0.0615968219935894,"singlet",FALSE
"N387690_CELL10556_N2","N387690",0.344250172376633,"singlet",FALSE
"N387690_CELL10744_N2","N387690",0.193346500396729,"singlet",TRUE
"N387690_CELL10762_N2","N387690",0.0282023064792156,"singlet",TRUE
"N387690_CELL10781_N2","N387690",0.0447587184607983,"singlet",TRUE
"N387690_CELL10871_N3","N387690",0.0222682487219572,"singlet",TRUE
"N387690_CELL10951_N2","N387690",0.127740725874901,"singlet",TRUE
"N387690_CELL10988_N2","N387690",0.0828867182135582,"singlet",TRUE
"N387690_CELL11123_N2","N387690",0.0424160957336426,"singlet",TRUE
"N387690_CELL11214_N2","N387690",0.0451157540082932,"singlet",TRUE
"N387690_CELL11231_N2","N387690",0.251767665147781,"singlet",TRUE
"N387690_CELL11299_N2","N387690",0.105475954711437,"singlet",FALSE
"N387690_CELL11336_N3","N387690",0.0704491659998894,"singlet",TRUE
"N387690_CELL11475_N2","N387690",0.957565367221832,"doublet",FALSE
"N387690_CELL11516_N4","N387690",0.825207829475403,"singlet",TRUE
"N387690_CELL11610_N2","N387690",0.193462893366814,"singlet",TRUE
"N387690_CELL11624_N2","N387690",0.0468512251973152,"singlet",TRUE
"N387690_CELL11685_N2","N387690",0.245120853185654,"singlet",TRUE
"N387690_CELL11737_N2","N387690",0.058343943208456,"singlet",TRUE
"N387690_CELL11827_N1","N387690",0.126373797655106,"singlet",FALSE
"N387690_CELL11858_N1","N387690",0.224329173564911,"singlet",FALSE
"N387690_CELL11864_N3","N387690",0.00570166436955333,"singlet",TRUE
"N387690_CELL11883_N4","N387690",0.326530635356903,"singlet",FALSE
"N387690_CELL11884_N2","N387690",0.11736872792244,"singlet",FALSE
"N387690_CELL11892_N3","N387690",0.192083075642586,"singlet",FALSE
"N387690_CELL11913_N5","N387690",0.15689443051815,"singlet",FALSE
"N387690_CELL11945_N1","N387690",0.117049150168896,"singlet",FALSE
"N387690_CELL11948_N2","N387690",0.621709287166595,"singlet",FALSE
"N387690_CELL12009_N2","N387690",0.0729698017239571,"singlet",TRUE
"N387690_CELL12013_N2","N387690",0.139275163412094,"singlet",TRUE
"N387690_CELL12018_N4","N387690",0.0492750070989132,"singlet",FALSE
"N387690_CELL12032_N2","N387690",0.026935176923871,"singlet",TRUE
"N387690_CELL12077_N2","N387690",0.286786586046219,"singlet",FALSE
"N387690_CELL12180_N2","N387690",0.234645903110504,"singlet",TRUE
"N387690_CELL12201_N3","N387690",0.0281496029347181,"singlet",TRUE
"N387690_CELL12225_N2","N387690",0.081076480448246,"singlet",TRUE
"N387690_CELL12249_N3","N387690",0.618313431739807,"singlet",FALSE
"N387690_CELL12434_N2","N387690",0.980511128902435,"doublet",FALSE
"N387690_CELL12445_N2","N387690",0.637105524539948,"singlet",FALSE
"N387690_CELL12532_N2","N387690",0.411672353744507,"singlet",TRUE
"N387690_CELL12554_N2","N387690",0.0941185504198074,"singlet",TRUE
"N387690_CELL12600_N2","N387690",0.0308922529220581,"singlet",TRUE
"N387690_CELL12652_N2","N387690",0.339739054441452,"singlet",TRUE
"N387690_CELL12818_N2","N387690",0.640280544757843,"singlet",FALSE
"N387690_CELL12834_N2","N387690",0.0506570488214493,"singlet",TRUE
"N387690_CELL12838_N1","N387690",0.307886898517609,"singlet",FALSE
"N387690_CELL12863_N1","N387690",0.0304302498698235,"singlet",FALSE
"N387690_CELL13017_N2","N387690",0.491820871829987,"singlet",FALSE
"N387690_CELL13033_N3","N387690",0.24158276617527,"singlet",FALSE
"N387690_CELL13111_N2","N387690",0.177082821726799,"singlet",TRUE
"N387690_CELL13137_N2","N387690",0.16305148601532,"singlet",TRUE
"N387690_CELL13162_N2","N387690",0.414433687925339,"singlet",FALSE
"N387690_CELL13167_N2","N387690",0.895870804786682,"doublet",FALSE
"N387690_CELL13168_N2","N387690",0.0827664434909821,"singlet",TRUE
"N387690_CELL13400_N1","N387690",0.0534543208777905,"singlet",TRUE
"N387690_CELL13518_N1","N387690",0.115874662995338,"singlet",TRUE
"N387690_CELL13601_N1","N387690",0.238127589225769,"singlet",FALSE
"N387690_CELL13708_N1","N387690",0.507971227169037,"singlet",TRUE
"N387690_CELL13917_N1","N387690",0.258441865444183,"singlet",TRUE
"N387690_CELL14005_N1","N387690",0.0373243875801563,"singlet",TRUE
"N387690_CELL14114_N1","N387690",0.00547537300735712,"singlet",TRUE
"N387690_CELL14242_N1","N387690",0.0333228968083858,"singlet",TRUE
"N387690_CELL14327_N1","N387690",0.0514049530029297,"singlet",TRUE
"N387690_CELL14331_N1","N387690",0.04130008071661,"singlet",TRUE
"N387690_CELL14504_N1","N387690",0.0719890370965004,"singlet",TRUE
"N387690_CELL14520_N1","N387690",0.115209974348545,"singlet",TRUE
"N387690_CELL14677_N1","N387690",0.151728987693787,"singlet",TRUE
"N387690_CELL14707_N1","N387690",0.145942270755768,"singlet",TRUE
"N387690_CELL14757_N1","N387690",0.159674718976021,"singlet",TRUE
"N387690_CELL15052_N1","N387690",0.22727045416832,"singlet",TRUE
"N387690_CELL15144_N1","N387690",0.57690292596817,"singlet",TRUE
"N387690_CELL15152_N1","N387690",0.0300819668918848,"singlet",FALSE
"N387690_CELL15190_N1","N387690",0.0536888465285301,"singlet",TRUE
"N387690_CELL15208_N1","N387690",0.174846976995468,"singlet",TRUE
"N387690_CELL15284_N1","N387690",0.0112782493233681,"singlet",TRUE
"N387690_CELL15426_N1","N387690",0.187356218695641,"singlet",FALSE
"N387690_CELL15500_N1","N387690",0.263603717088699,"singlet",FALSE
"N387690_CELL15602_N1","N387690",0.0728166401386261,"singlet",TRUE
"N387690_CELL15676_N1","N387690",0.0216215662658215,"singlet",TRUE
"N387690_CELL15721_N1","N387690",0.454585999250412,"singlet",TRUE
"N387690_CELL15777_N1","N387690",0.0180753190070391,"singlet",TRUE
"N387690_CELL15787_N1","N387690",0.044872809201479,"singlet",TRUE
"N387690_CELL15796_N1","N387690",0.0791535675525665,"singlet",TRUE
"N387690_CELL15927_N1","N387690",0.00781437661498785,"singlet",TRUE
"N387690_CELL16047_N1","N387690",0.477489054203033,"singlet",FALSE
"N387690_CELL16076_N1","N387690",0.0261845234781504,"singlet",TRUE
"N387690_CELL16196_N1","N387690",0.0621064156293869,"singlet",TRUE
"N387690_CELL16233_N1","N387690",0.253283470869064,"singlet",FALSE
"N387690_CELL16327_N1","N387690",0.118821382522583,"singlet",TRUE
"N387690_CELL16328_N1","N387690",0.365763157606125,"singlet",TRUE
"N387690_CELL16368_N1","N387690",0.0668625012040138,"singlet",TRUE
"N387690_CELL16444_N1","N387690",0.229257702827454,"singlet",TRUE
"N387690_CELL16480_N1","N387690",0.0796940997242928,"singlet",TRUE
"N387690_CELL16601_N1","N387690",0.108564369380474,"singlet",FALSE
"N387690_CELL16657_N1","N387690",0.19168096780777,"singlet",FALSE
"N387690_CELL16661_N1","N387690",0.0144921001046896,"singlet",TRUE
"N387690_CELL16681_N1","N387690",0.160885706543922,"singlet",TRUE
"N387690_CELL16742_N1","N387690",0.661192834377289,"singlet",FALSE
"N387690_CELL16825_N1","N387690",0.401002883911133,"singlet",TRUE
"N387690_CELL16881_N1","N387690",0.0171263813972473,"singlet",TRUE
"N387690_CELL17065_N1","N387690",0.0483537167310715,"singlet",TRUE
"N387690_CELL17123_N1","N387690",0.125390753149986,"singlet",FALSE
"N387690_CELL17160_N1","N387690",0.354000240564346,"singlet",TRUE
"N387690_CELL17294_N1","N387690",0.100575968623161,"singlet",FALSE
"N387690_CELL17338_N1","N387690",0.0657825469970703,"singlet",TRUE
"N387690_CELL17356_N1","N387690",0.102392040193081,"singlet",TRUE
"N387690_CELL17497_N1","N387690",0.221016854047775,"singlet",TRUE
"N387690_CELL17648_N1","N387690",0.226993441581726,"singlet",FALSE
"N387690_CELL17717_N1","N387690",0.388236314058304,"singlet",FALSE
"N387690_CELL17735_N1","N387690",0.977280795574188,"doublet",FALSE
"N387690_CELL17766_N1","N387690",0.0859818682074547,"singlet",TRUE
"N387690_CELL17784_N1","N387690",0.0654175728559494,"singlet",TRUE
"N387690_CELL17808_N1","N387690",0.0871056243777275,"singlet",TRUE
"N387690_CELL17887_N1","N387690",0.161527842283249,"singlet",TRUE
"N387690_CELL18026_N1","N387690",0.496122151613235,"singlet",FALSE
"N387690_CELL18077_N1","N387690",0.0146791376173496,"singlet",TRUE
"N387690_CELL18114_N1","N387690",0.0144920870661736,"singlet",FALSE
"N387690_CELL18217_N1","N387690",0.451491922140121,"singlet",FALSE
"N387690_CELL18532_N1","N387690",0.437477469444275,"singlet",TRUE
"N387690_CELL18539_N1","N387690",0.294706165790558,"singlet",FALSE
"N387690_CELL18587_N1","N387690",0.222525924444199,"singlet",TRUE
"N387690_CELL18607_N1","N387690",0.383838295936584,"singlet",TRUE
"N387690_CELL18650_N1","N387690",0.0643839761614799,"singlet",TRUE
"N387690_CELL18876_N1","N387690",0.405362695455551,"singlet",TRUE
"N387690_CELL18900_N1","N387690",0.0194363445043564,"singlet",TRUE
"N387690_CELL18905_N1","N387690",0.220217779278755,"singlet",TRUE
"N387690_CELL18953_N1","N387690",0.00715175550431013,"singlet",TRUE
"N387690_CELL19154_N1","N387690",0.072300411760807,"singlet",TRUE
"N387690_CELL19367_N1","N387690",0.0208139531314373,"singlet",TRUE
"N387690_CELL19370_N1","N387690",0.380818456411362,"singlet",TRUE
"N387690_CELL19514_N1","N387690",0.132334664463997,"singlet",TRUE
"N387690_CELL19986_N1","N387690",0.561919450759888,"singlet",TRUE
"N387690_CELL20338_N1","N387690",0.0766646787524223,"singlet",TRUE
"N387690_CELL20382_N1","N387690",0.277050346136093,"singlet",TRUE
"N387690_CELL20593_N1","N387690",0.261125683784485,"singlet",TRUE
"N387690_CELL20615_N1","N387690",0.0729617029428482,"singlet",TRUE
"N387690_CELL20716_N1","N387690",0.0445735864341259,"singlet",TRUE
"N387690_CELL20809_N1","N387690",0.0153520219027996,"singlet",TRUE
"N387690_CELL20834_N1","N387690",0.333328992128372,"singlet",FALSE
"N387690_CELL20890_N1","N387690",0.155636310577393,"singlet",TRUE
"N387690_CELL20915_N1","N387690",0.81760972738266,"singlet",FALSE
"N387690_CELL20940_N1","N387690",0.276051551103592,"singlet",TRUE
"N387690_CELL20955_N1","N387690",0.240620881319046,"singlet",FALSE
"N387690_CELL20959_N1","N387690",0.071064181625843,"singlet",TRUE
"N387690_CELL21237_N1","N387690",0.0272708591073751,"singlet",TRUE
"N387690_CELL21242_N1","N387690",0.380777180194855,"singlet",TRUE
"N387690_CELL21296_N1","N387690",0.0551173649728298,"singlet",FALSE
"N387690_CELL21451_N1","N387690",0.11189828813076,"singlet",TRUE
"N387690_CELL21567_N1","N387690",0.198538333177567,"singlet",TRUE
"N387690_CELL21636_N1","N387690",0.346453040838242,"singlet",TRUE
"N387690_CELL21668_N1","N387690",0.0266159269958735,"singlet",TRUE
"N387690_CELL21788_N1","N387690",0.414119988679886,"singlet",TRUE
"N387690_CELL22078_N1","N387690",0.243079230189323,"singlet",FALSE
"N387690_CELL22185_N1","N387690",0.189311116933823,"singlet",TRUE
"N387690_CELL22358_N1","N387690",0.466498762369156,"singlet",TRUE
"N387690_CELL22399_N1","N387690",0.403318911790848,"singlet",TRUE
"N387690_CELL22433_N1","N387690",0.0525636300444603,"singlet",TRUE
"N387690_CELL22642_N1","N387690",0.147173464298248,"singlet",TRUE
"N387690_CELL22657_N1","N387690",0.990226089954376,"doublet",TRUE
"N387690_CELL22759_N1","N387690",0.296906739473343,"singlet",TRUE
"N387690_CELL22827_N1","N387690",0.65284937620163,"singlet",TRUE
"N387690_CELL22936_N1","N387690",0.0151462415233254,"singlet",TRUE
"N387690_CELL22944_N1","N387690",0.0194308888167143,"singlet",TRUE
"N387690_CELL23098_N1","N387690",0.0796910896897316,"singlet",TRUE
"N387690_CELL23102_N1","N387690",0.679970026016235,"singlet",FALSE
"N387690_CELL23353_N1","N387690",0.291450440883636,"singlet",TRUE
"N387690_CELL23365_N1","N387690",0.0127242412418127,"singlet",TRUE
"N387690_CELL23371_N1","N387690",0.0583378784358501,"singlet",TRUE
"N387690_CELL23678_N1","N387690",0.217303529381752,"singlet",TRUE
"N387690_CELL23683_N1","N387690",0.113797336816788,"singlet",TRUE
"N387690_CELL23687_N1","N387690",0.0128300050273538,"singlet",TRUE
"N387690_CELL23969_N1","N387690",0.167754501104355,"singlet",TRUE
"N387690_CELL23991_N1","N387690",0.269591331481934,"singlet",FALSE
"N387690_CELL24223_N1","N387690",0.112248823046684,"singlet",TRUE
"N387690_CELL24307_N1","N387690",0.242813885211945,"singlet",FALSE
"N387690_CELL24325_N1","N387690",0.236726492643356,"singlet",FALSE
"N387690_CELL24456_N1","N387690",0.412420570850372,"singlet",FALSE
"N387690_CELL24463_N1","N387690",0.0369523987174034,"singlet",TRUE
"N387690_CELL24542_N1","N387690",0.0276515074074268,"singlet",TRUE
"N387690_CELL24571_N1","N387690",0.0194472707808018,"singlet",TRUE
"N387690_CELL24707_N1","N387690",0.116767331957817,"singlet",TRUE
"N387690_CELL24811_N1","N387690",0.180058002471924,"singlet",TRUE
"N387690_CELL24914_N1","N387690",0.0166412945836782,"singlet",TRUE
"N387690_CELL25178_N1","N387690",0.0556629374623299,"singlet",TRUE
"N387690_CELL25306_N1","N387690",0.294708669185638,"singlet",TRUE
"N387690_CELL25358_N1","N387690",0.04378667101264,"singlet",TRUE
"N387690_CELL25461_N1","N387690",0.418826967477798,"singlet",TRUE
"N387690_CELL25630_N1","N387690",0.989309430122375,"doublet",FALSE
"N387690_CELL25705_N1","N387690",0.168177708983421,"singlet",FALSE
"N387690_CELL25723_N1","N387690",0.00776612339541316,"singlet",TRUE
"N387690_CELL25737_N1","N387690",0.375053942203522,"singlet",TRUE
"N387690_CELL25892_N1","N387690",0.107887700200081,"singlet",FALSE
"N387690_CELL25902_N1","N387690",0.0855968967080116,"singlet",FALSE
"N387690_CELL26122_N1","N387690",0.223006054759026,"singlet",FALSE
"N387690_CELL26286_N1","N387690",0.484528511762619,"singlet",TRUE
"N387690_CELL26358_N1","N387690",0.0459571331739426,"singlet",TRUE
"N387690_CELL26373_N1","N387690",0.0181986354291439,"singlet",TRUE
"N387690_CELL26375_N1","N387690",0.0480373576283455,"singlet",TRUE
"N387690_CELL26376_N1","N387690",0.420632809400558,"singlet",TRUE
"N387690_CELL26675_N1","N387690",0.184592366218567,"singlet",FALSE
"N387690_CELL27004_N1","N387690",0.224046796560287,"singlet",TRUE
"N387690_CELL27008_N1","N387690",0.374215304851532,"singlet",FALSE
"N387690_CELL27171_N1","N387690",0.194103553891182,"singlet",TRUE
"N387690_CELL27178_N1","N387690",0.184785172343254,"singlet",TRUE
"N387690_CELL27194_N1","N387690",0.0351529307663441,"singlet",TRUE
"N387690_CELL27266_N1","N387690",0.224084913730621,"singlet",TRUE
"N387690_CELL27307_N1","N387690",0.0574248731136322,"singlet",TRUE
"N387690_CELL27360_N1","N387690",0.198534488677979,"singlet",FALSE
"N387690_CELL27377_N1","N387690",0.0138406343758106,"singlet",FALSE
"N387690_CELL27560_N1","N387690",0.131547033786774,"singlet",TRUE
"N387690_CELL27569_N1","N387690",0.161591947078705,"singlet",TRUE
"N387690_CELL27825_N1","N387690",0.235022202134132,"singlet",FALSE
"N387690_CELL27899_N1","N387690",0.245005637407303,"singlet",FALSE
"N387690_CELL27976_N1","N387690",0.0218445416539907,"singlet",TRUE
"N387690_CELL28388_N1","N387690",0.208621352910995,"singlet",FALSE
"N387690_CELL28408_N1","N387690",0.368563920259476,"singlet",FALSE
"N387690_CELL28445_N1","N387690",0.226638227701187,"singlet",FALSE
"N387690_CELL28475_N1","N387690",0.0523518472909927,"singlet",FALSE
"N387690_CELL28537_N1","N387690",0.0506242774426937,"singlet",FALSE
"N387690_CELL28594_N1","N387690",0.0709364712238312,"singlet",TRUE
