"metacell","sample","condition","program","pca_cluster","n_cells","mean_pseudotime","clean_D1","clean_D2"
"K183156__ECM-producing fibroblasts__PCA1","K183156","Keloid","ECM-producing fibroblasts",1,52,16.288402523841,0.0418232300066933,0.341606279789483
"K183156__ECM-producing fibroblasts__PCA10","K183156","Keloid","ECM-producing fibroblasts",10,39,19.9874204230054,0.0557767726239883,0.445739769311599
"K183156__ECM-producing fibroblasts__PCA11","K183156","Keloid","ECM-producing fibroblasts",11,13,21.7305053341706,0.088173412665205,0.290687561302985
"K183156__ECM-producing fibroblasts__PCA2","K183156","Keloid","ECM-producing fibroblasts",2,10,21.8310311734223,0.127344685884206,0.260914635640288
"K183156__ECM-producing fibroblasts__PCA3","K183156","Keloid","ECM-producing fibroblasts",3,16,22.328573869026,0.144027766435823,0.309955226207763
"K183156__ECM-producing fibroblasts__PCA4","K183156","Keloid","ECM-producing fibroblasts",4,30,20.2818272289861,0.068244979564076,0.48354155158427
"K183156__ECM-producing fibroblasts__PCA5","K183156","Keloid","ECM-producing fibroblasts",5,18,16.3237899990441,0.0660338961122545,0.336178136659768
"K183156__ECM-producing fibroblasts__PCA6","K183156","Keloid","ECM-producing fibroblasts",6,26,18.574522803904,0.102508359452273,0.419452964620773
"K183156__ECM-producing fibroblasts__PCA7","K183156","Keloid","ECM-producing fibroblasts",7,13,21.6418044067915,0.149542300137392,0.332442308371619
"K183156__ECM-producing fibroblasts__PCA8","K183156","Keloid","ECM-producing fibroblasts",8,29,18.9979524227078,0.0744299652937835,0.418895314295347
"K183156__ECM-producing fibroblasts__PCA9","K183156","Keloid","ECM-producing fibroblasts",9,55,19.1866861501579,0.0552578549295281,0.417516497415688
"K183156__Homeostatic/regulatory fibroblasts__PCA1","K183156","Keloid","Homeostatic/regulatory fibroblasts",1,27,15.6257027650116,0.17069962770514,0.289785192653948
"K183156__Homeostatic/regulatory fibroblasts__PCA2","K183156","Keloid","Homeostatic/regulatory fibroblasts",2,32,17.3093235797151,0.154546924748153,0.389569465331324
"K183156__Homeostatic/regulatory fibroblasts__PCA3","K183156","Keloid","Homeostatic/regulatory fibroblasts",3,46,10.469761145347,0.314027184610339,0.287512768351687
"K183156__Matrix-remodeling fibroblasts__PCA1","K183156","Keloid","Matrix-remodeling fibroblasts",1,22,19.1795632577569,0.111786868873643,0.422249754956029
"K183156__Matrix-remodeling fibroblasts__PCA2","K183156","Keloid","Matrix-remodeling fibroblasts",2,18,19.3749012578851,0.0943060454107714,0.413294458257627
"K183156__Matrix-remodeling fibroblasts__PCA3","K183156","Keloid","Matrix-remodeling fibroblasts",3,26,16.7891042683032,0.179075381197389,0.381220396133273
"K183156__Matrix-remodeling fibroblasts__PCA4","K183156","Keloid","Matrix-remodeling fibroblasts",4,47,18.9150857835511,0.0661736394598525,0.396674620548989
"K183156__Matrix-remodeling fibroblasts__PCA5","K183156","Keloid","Matrix-remodeling fibroblasts",5,50,18.3999084440961,0.0604502789014591,0.391410970460189
"K183261__ECM-producing fibroblasts__PCA1","K183261","Keloid","ECM-producing fibroblasts",1,18,18.2750210526411,0.103661534063186,0.317012586807083
"K183261__Homeostatic/regulatory fibroblasts__PCA1","K183261","Keloid","Homeostatic/regulatory fibroblasts",1,24,10.9362704659356,0.193228107251004,0.249979146670802
"K712771__ECM-producing fibroblasts__PCA1","K712771","Keloid","ECM-producing fibroblasts",1,30,17.7414796525599,0.11552979460647,0.372421924272647
"K712771__Homeostatic/regulatory fibroblasts__PCA1","K712771","Keloid","Homeostatic/regulatory fibroblasts",1,20,11.0424370574285,0.255051509523611,0.299777227895401
"K712771__Matrix-remodeling fibroblasts__PCA1","K712771","Keloid","Matrix-remodeling fibroblasts",1,20,13.318108029933,0.301060171095053,0.317125157394258
"K712771__Matrix-remodeling fibroblasts__PCA2","K712771","Keloid","Matrix-remodeling fibroblasts",2,23,16.01063542873,0.13468589147827,0.366662471399306
"N177536__Homeostatic/regulatory fibroblasts__PCA1","N177536","Normal","Homeostatic/regulatory fibroblasts",1,32,6.37914646776533,0.409503870573004,0.216679107439806
"N387690__ECM-producing fibroblasts__PCA1","N387690","Normal","ECM-producing fibroblasts",1,27,1.25567242846232,0.511560892000832,0.153071630669674
"N387690__Homeostatic/regulatory fibroblasts__PCA1","N387690","Normal","Homeostatic/regulatory fibroblasts",1,18,0.545050460328979,0.807497272432477,0.189898044284054
"N387690__Homeostatic/regulatory fibroblasts__PCA2","N387690","Normal","Homeostatic/regulatory fibroblasts",2,16,5.33547371477287,0.238531726738168,0.231334586334282
"N387690__Homeostatic/regulatory fibroblasts__PCA3","N387690","Normal","Homeostatic/regulatory fibroblasts",3,17,2.5800170011078,0.202515307495021,0.191359538396315
"N387690__Homeostatic/regulatory fibroblasts__PCA4","N387690","Normal","Homeostatic/regulatory fibroblasts",4,39,0.4189088017193,0.820971387824655,0.126696171120132
"N387690__Homeostatic/regulatory fibroblasts__PCA5","N387690","Normal","Homeostatic/regulatory fibroblasts",5,14,0.518506211340868,0.728015820410447,0.129339346682171
"N387690__Homeostatic/regulatory fibroblasts__PCA6","N387690","Normal","Homeostatic/regulatory fibroblasts",6,67,0.327280899036877,0.594534590704873,0.121598216878401
"N387690__Homeostatic/regulatory fibroblasts__PCA7","N387690","Normal","Homeostatic/regulatory fibroblasts",7,55,0.337710332182061,0.654087033348475,0.130970867306756
"N387690__Homeostatic/regulatory fibroblasts__PCA8","N387690","Normal","Homeostatic/regulatory fibroblasts",8,17,1.89951429062101,0.901333413843793,0.12946355851047
"N387690__Homeostatic/regulatory fibroblasts__PCA9","N387690","Normal","Homeostatic/regulatory fibroblasts",9,29,0.372482829864029,0.827411801252257,0.144439420093419
