"gene","module"
"RPL22","brown"
"CAMTA1","grey"
"PARK7","blue"
"RERE","turquoise"
"ENO1","blue"
"H6PD","red"
"CLSTN1","turquoise"
"UBE4B","turquoise"
"KIF1B","turquoise"
"NOC2L","turquoise"
"HES4","red"
"SDF4","yellow"
"ISG15","blue"
"AURKAIP1","blue"
"MRPL20","brown"
"CCNL2","turquoise"
"SSU72","brown"
"MXRA8","blue"
"GNB1","turquoise"
"FAAP20","blue"
"SKI","turquoise"
"RER1","blue"
"MEGF6","turquoise"
"SRM","blue"
"AGTRAP","blue"
"PLOD1","yellow"
"VPS13D","turquoise"
"DHRS3","turquoise"
"PRDM2","turquoise"
"KAZN","green"
"FBLIM1","red"
"PLEKHM2","turquoise"
"FBXO42","turquoise"
"SZRD1","blue"
"SDHB","brown"
"MFAP2","yellow"
"RCC2","grey"
"ARHGEF10L","turquoise"
"CAPZB","yellow"
"MINOS1","blue"
"NBL1","yellow"
"PLA2G2A","red"
"PINK1-AS","blue"
"CAMK2N1","brown"
"HP1BP3","turquoise"
"DDOST","blue"
"EIF4G3","turquoise"
"ECE1","green"
"HSPG2","yellow"
"CDC42","grey"
"EPHB2","yellow"
"HNRNPR","pink"
"RPL11","brown"
"TCEA3","turquoise"
"ASAP3","turquoise"
"ID3","blue"
"CLIC4","turquoise"
"SRRM1","green"
"SYF2","green"
"RUNX3","green"
"RSRP1","turquoise"
"TMEM50A","red"
"MAN1C1","turquoise"
"SEPN1","blue"
"STMN1","pink"
"SH3BGRL3","blue"
"ARID1A","turquoise"
"HMGN2","brown"
"SFN","grey"
"NUDC","brown"
"WASF2","brown"
"AHDC1","turquoise"
"IFI6","blue"
"DNAJC8","blue"
"PHACTR4","turquoise"
"ATPIF1","blue"
"SRSF4","turquoise"
"PUM1","turquoise"
"COL16A1","yellow"
"PTP4A2","blue"
"KHDRBS1","green"
"KPNA6","turquoise"
"MARCKSL1","blue"
"EIF3I","red"
"CCDC28B","blue"
"RBBP4","pink"
"PHC2","turquoise"
"CSMD2","turquoise"
"RP11-244H3.4","red"
"PSMB2","brown"
"AGO3","turquoise"
"THRAP3","turquoise"
"TRAPPC3","blue"
"MAP7D1","yellow"
"EVA1B","blue"
"MRPS15","blue"
"C1orf122","blue"
"MACF1","turquoise"
"NDUFS5","brown"
"HEYL","red"
"CAP1","blue"
"SCMH1","turquoise"
"YBX1","blue"
"P3H1","yellow"
"MED8","blue"
"ST3GAL3","turquoise"
"B4GALT2","yellow"
"ATP6V0B","blue"
"ERI3","turquoise"
"RPS8","brown"
"PTCH2","turquoise"
"EIF2B3","turquoise"
"MAST2","turquoise"
"UQCRH","blue"
"FAF1","turquoise"
"NRDC","turquoise"
"ZCCHC11","turquoise"
"GPX7","blue"
"ECHDC2","turquoise"
"SCP2","yellow"
"C1orf123","blue"
"PODN","yellow"
"UROD","red"
"PRDX1","blue"
"GPBP1L1","turquoise"
"AKR1A1","yellow"
"GLIS1","turquoise"
"TMEM59","brown"
"SSBP3","green"
"PLPP3","black"
"DAB1","turquoise"
"JUN","turquoise"
"FGGY","turquoise"
"NFIA","black"
"ROR1","turquoise"
"JAK1","turquoise"
"CACHD1","green"
"LEPROT","black"
"SERBP1","brown"
"GADD45A","red"
"WLS","pink"
"SRSF11","turquoise"
"NEGR1","black"
"USP33","turquoise"
"PTGFR","green"
"GNG5","blue"
"CYR61","turquoise"
"LMO4","green"
"PKN2","turquoise"
"TGFBR3","turquoise"
"EVI5","turquoise"
"RPL5","brown"
"CNN3","yellow"
"PTBP2","turquoise"
"DPYD","turquoise"
"COL11A1","yellow"
"NTNG1","green"
"GSTM3","brown"
"LAMTOR5","brown"
"RAP1A","turquoise"
"ATP5F1","blue"
"RHOC","blue"
"SLC16A1-AS1","turquoise"
"OLFML3","yellow"
"CSDE1","brown"
"ATP1A1","green"
"TBX15","turquoise"
"RP11-14N7.2","blue"
"RNF115","turquoise"
"TXNIP","red"
"ANKRD35","red"
"RBM8A","brown"
"NBPF19","turquoise"
"HIST2H2BE","green"
"SF3B4","brown"
"APH1A","brown"
"C1orf54","red"
"MRPS21","red"
"RPRD2","turquoise"
"CTSK","blue"
"MCL1","turquoise"
"ENSA","green"
"ECM1","blue"
"PIP5K1A","turquoise"
"POGZ","turquoise"
"PSMD4","blue"
"S100A11","blue"
"SELENBP1","red"
"PSMB4","brown"
"S100A10","blue"
"S100A6","brown"
"S100A7","yellow"
"S100A8","yellow"
"S100A9","yellow"
"S100A4","brown"
"LOR","green"
"S100A14","grey"
"S100A2","green"
"S100A13","blue"
"S100A16","blue"
"GATAD2B","turquoise"
"ILF2","yellow"
"RPS27","brown"
"JTB","yellow"
"RAB13","red"
"SLC39A1","blue"
"TPM3","blue"
"KRTCAP2","blue"
"THBS3","yellow"
"DPM3","blue"
"ASH1L","turquoise"
"LMNA","green"
"SSR2","blue"
"LAMTOR2","blue"
"CCT3","blue"
"GLMP","yellow"
"PMVK","blue"
"CKS1B","brown"
"SHC1","red"
"CRABP2","yellow"
"HDGF","brown"
"APOA1BP","blue"
"KIRREL","turquoise"
"IFI16","red"
"ACKR1","yellow"
"TAGLN2","blue"
"DUSP23","blue"
"COPA","yellow"
"PEA15","blue"
"PFDN2","brown"
"UFC1","blue"
"OLFML2B","yellow"
"DDR2","turquoise"
"PBX1","turquoise"
"MGST3","blue"
"MPC2","blue"
"MPZL1","turquoise"
"DCAF6","turquoise"
"DPT","yellow"
"KIFAP3","turquoise"
"PRRX1","pink"
"RP1-79C4.4","turquoise"
"FMO1","red"
"PRRC2C","turquoise"
"PRDX6","brown"
"RC3H1","turquoise"
"RABGAP1L","turquoise"
"CACYBP","brown"
"TNN","green"
"RFWD2","turquoise"
"RASAL2","turquoise"
"ABL2","turquoise"
"QSOX1","yellow"
"XPR1","turquoise"
"IER5","brown"
"GLUL","black"
"RGS16","red"
"DHX9","brown"
"LAMC1","turquoise"
"FAM129A","turquoise"
"HMCN1","turquoise"
"CFH","red"
"CAMSAP2","turquoise"
"TMEM9","red"
"CSRP1","blue"
"PHLDA3","blue"
"NAV1","turquoise"
"FMOD","red"
"ZC3H11A","turquoise"
"PRELP","red"
"ATP2B4","turquoise"
"SNRPE","brown"
"NUCKS1","brown"
"SRGAP2","turquoise"
"PLXNA2","turquoise"
"NENF","blue"
"ATF3","turquoise"
"PTPN14","turquoise"
"TGFB2","green"
"DEGS1","blue"
"ENAH","turquoise"
"EPHX1","red"
"RP11-145A3.1","turquoise"
"H3F3A","brown"
"ACBD3","turquoise"
"CDC42BPA","turquoise"
"GUK1","blue"
"MRPL55","blue"
"ARF1","blue"
"RNF187","blue"
"GALNT2","yellow"
"PCNXL2","red"
"IRF2BP2","turquoise"
"TOMM20","brown"
"ARID4B","turquoise"
"LYST","turquoise"
"NID1","turquoise"
"RYR2","turquoise"
"CEP170","turquoise"
"SDCCAG8","turquoise"
"AKT3","turquoise"
"HNRNPU","brown"
"KIF26B","turquoise"
"SMYD3","turquoise"
"DIP2C","turquoise"
"LARP4B","turquoise"
"KLF6","turquoise"
"CALML5","green"
"AKR1C3","red"
"GDI2","yellow"
"FAM208B","turquoise"
"FBXO18","turquoise"
"ITIH5","black"
"ATP5C1","blue"
"CELF2","black"
"CAMK1D","turquoise"
"CCDC3","green"
"FRMD4A","turquoise"
"ITGA8","green"
"RSU1","turquoise"
"VIM","brown"
"CACNB2","turquoise"
"PLXDC2","turquoise"
"DNAJC1","turquoise"
"MLLT10","turquoise"
"COMMD3","brown"
"MSRB2","blue"
"KIAA1217","turquoise"
"ARHGAP21","turquoise"
"WAC","turquoise"
"SVIL","turquoise"
"ZEB1","turquoise"
"EPC1","turquoise"
"ITGB1","yellow"
"NRP1","turquoise"
"PARD3","turquoise"
"CCNY","turquoise"
"CXCL12","red"
"C10orf10","red"
"VSTM4","green"
"PRKG1","turquoise"
"CISD1","red"
"BICC1","turquoise"
"ARID5B","green"
"JMJD1C","turquoise"
"HERC4","turquoise"
"HNRNPH3","green"
"SAR1A","yellow"
"PPA1","grey"
"ADAMTS14","turquoise"
"UNC5B","grey"
"PSAP","blue"
"ANAPC16","brown"
"DDIT4","grey"
"MICU1","turquoise"
"P4HA1","turquoise"
"PPP3CB","turquoise"
"FUT11","blue"
"VCL","turquoise"
"CHCHD1","blue"
"PLAU","red"
"ADK","turquoise"
"KAT6B","turquoise"
"ZNF503","brown"
"VDAC2","blue"
"C10orf11","black"
"KCNMA1","turquoise"
"DLG5","turquoise"
"RPS24","brown"
"ZMIZ1","turquoise"
"ZCCHC24","red"
"ANXA11","grey"
"PLAC9","blue"
"FAM213A","green"
"ADIRF","brown"
"BMPR1A","turquoise"
"FAM35A","turquoise"
"NUTM2A-AS1","turquoise"
"PTEN","turquoise"
"ACTA2","yellow"
"MYOF","turquoise"
"PDLIM1","green"
"SORBS1","green"
"TM9SF3","turquoise"
"PGAM1","blue"
"MARVELD1","yellow"
"NDUFB8","blue"
"MRPL43","red"
"BTRC","turquoise"
"MGEA5","turquoise"
"C10orf76","turquoise"
"GBF1","turquoise"
"CUEDC2","blue"
"ARL3","brown"
"SUFU","turquoise"
"WBP1L","grey"
"BORCS7","blue"
"USMG5","blue"
"SH3PXD2A","yellow"
"GSTO1","blue"
"ADD3","turquoise"
"ADRA2A","red"
"VTI1A","turquoise"
"TCF7L2","turquoise"
"ABLIM1","turquoise"
"GFRA1","black"
"EIF3A","green"
"GRK5","turquoise"
"PLPP4","yellow"
"FGFR2","green"
"ATE1","green"
"HTRA1","yellow"
"CPXM2","red"
"CTBP2","turquoise"
"ADAM12","yellow"
"DOCK1","turquoise"
"MGMT","red"
"ECHS1","blue"
"IFITM3","red"
"PSMD13","grey"
"IFITM2","red"
"RPLP2","brown"
"RNH1","blue"
"IFITM1","red"
"CHID1","blue"
"POLR2L","blue"
"TALDO1","blue"
"PNPLA2","pink"
"TSPAN4","red"
"CD151","blue"
"CTSD","blue"
"LSP1","yellow"
"IGF2","yellow"
"CD81","brown"
"KCNQ1OT1","turquoise"
"CDKN1C","grey"
"OSBPL5","turquoise"
"PRKCDBP","blue"
"TAF10","blue"
"ILK","blue"
"MRPL17","blue"
"DCHS1","yellow"
"EIF3F","brown"
"RPL27A","brown"
"ST5","turquoise"
"DENND5A","turquoise"
"SBF2","turquoise"
"EIF4G2","grey"
"USP47","green"
"MICAL2","turquoise"
"DKK3","green"
"PARVA","turquoise"
"TEAD1","turquoise"
"SPON1","turquoise"
"PLEKHA7","brown"
"RPS13","brown"
"C11orf58","brown"
"LDHA","red"
"LUZP2","green"
"LGR4","turquoise"
"RCN1","yellow"
"CD59","blue"
"CD44","red"
"LDLRAD3","green"
"TTC17","turquoise"
"NUCB2","yellow"
"C11orf96","red"
"ALX4","green"
"CD82","red"
"TSPAN18","green"
"PHF21A","turquoise"
"CREB3L1","yellow"
"MDK","yellow"
"AMBRA1","blue"
"ARHGAP1","yellow"
"C11orf49","turquoise"
"DDB2","turquoise"
"PSMC3","blue"
"CELF1","turquoise"
"SLC39A13","yellow"
"PTPMT1","brown"
"NDUFS3","blue"
"SSRP1","pink"
"APLNR","red"
"TNKS1BP1","grey"
"TIMM10","brown"
"UBE2L6","red"
"SERPING1","red"
"TMX2-CTNND1","turquoise"
"C11orf31","blue"
"ZFP91","black"
"TMEM109","brown"
"TMEM258","blue"
"FTH1","blue"
"AHNAK","brown"
"EEF1G","brown"
"UBXN1","brown"
"GANAB","turquoise"
"TMEM179B","red"
"WDR74","green"
"SLC3A2","blue"
"POLR2G","blue"
"PPP1R14B","blue"
"PRDX5","blue"
"BAD","blue"
"TRMT112","brown"
"NRXN2","red"
"SF1","green"
"FAU","brown"
"NEAT1","turquoise"
"MALAT1","turquoise"
"ARL2","blue"
"VPS51","green"
"CAPN1","blue"
"RARRES3","red"
"COX8A","blue"
"FKBP2","blue"
"VEGFB","yellow"
"FAM89B","blue"
"LTBP3","yellow"
"CFL1","blue"
"RNASEH2C","blue"
"SSSCA1","blue"
"SF3B2","brown"
"PACS1","turquoise"
"BANF1","blue"
"DRAP1","blue"
"CCDC85B","blue"
"EFEMP2","blue"
"C11orf68","blue"
"FIBP","blue"
"RBM14-RBM4","blue"
"YIF1A","blue"
"CST6","green"
"CD248","blue"
"MRPL11","blue"
"CTSF","brown"
"KDM2A","turquoise"
"POLD4","blue"
"PPP1CA","blue"
"GSTP1","blue"
"AIP","brown"
"KMT5B","turquoise"
"NDUFS8","blue"
"C11orf24","yellow"
"PPP6R3","turquoise"
"MRGPRF","blue"
"PPFIA1","turquoise"
"CTTN","turquoise"
"NUMA1","green"
"LAMTOR1","blue"
"ARAP1","yellow"
"FCHSD2","turquoise"
"FAM168A","turquoise"
"RAB6A","turquoise"
"P4HA3","yellow"
"PGM2L1","green"
"SPCS2","brown"
"RPS3","brown"
"SERPINH1","yellow"
"UVRAG","turquoise"
"LRRC32","blue"
"AAMDC","blue"
"NDUFC2","blue"
"GAB2","turquoise"
"TENM4","turquoise"
"PRCP","black"
"DLG2","turquoise"
"PICALM","turquoise"
"C11orf73","blue"
"PRSS23","red"
"CTSC","red"
"AMOTL1","green"
"MAML2","turquoise"
"ARHGAP42","turquoise"
"YAP1","turquoise"
"PDGFD","turquoise"
"ATM","turquoise"
"SIK2","turquoise"
"CRYAB","red"
"TIMM8B","blue"
"NCAM1","green"
"ZBTB16","black"
"NNMT","red"
"REXO2","blue"
"CADM1","yellow"
"SIK3","turquoise"
"TAGLN","yellow"
"PCSK7","turquoise"
"ATP5L","blue"
"PHLDB1","turquoise"
"KMT2A","turquoise"
"RPS25","brown"
"C1QTNF5","blue"
"THY1","red"
"PVRL1","green"
"OAF","turquoise"
"ARHGEF12","turquoise"
"HSPA8","blue"
"CLMP","turquoise"
"EI24","brown"
"ST3GAL4","pink"
"ARHGAP32","turquoise"
"APLP2","green"
"NTM","turquoise"
"WNK1","turquoise"
"ERC1","turquoise"
"CACNA1C","turquoise"
"TSPAN9","turquoise"
"ANO2","green"
"CD9","brown"
"TNFRSF1A","red"
"MRPL51","blue"
"LTBR","red"
"GAPDH","blue"
"CHD4","brown"
"MLF2","brown"
"PHB2","blue"
"PTMS","blue"
"C12orf57","brown"
"P3H3","yellow"
"ATN1","grey"
"C1R","red"
"TPI1","blue"
"C1S","red"
"RBP5","red"
"CLSTN3","red"
"SLC2A3","turquoise"
"MFAP5","brown"
"A2M","red"
"CLEC2B","red"
"YBX3","red"
"PRH1","turquoise"
"ETV6","turquoise"
"HEBP1","red"
"EMP1","turquoise"
"MGP","blue"
"H2AFJ","blue"
"EPS8","turquoise"
"PLEKHA5","turquoise"
"PDE3A","green"
"LDHB","brown"
"PPFIBP1","turquoise"
"TMTC1","turquoise"
"DENND5B","turquoise"
"BICD1","turquoise"
"PDZRN4","turquoise"
"ZCRB1","blue"
"PRICKLE1","turquoise"
"SCAF11","turquoise"
"ARID2","turquoise"
"SLC38A2","green"
"HDAC7","turquoise"
"ARF3","blue"
"FKBP11","blue"
"TUBA1A","yellow"
"TUBA1B","blue"
"SPATS2","turquoise"
"TUBA1C","yellow"
"FMNL3","turquoise"
"TMBIM6","brown"
"LIMA1","turquoise"
"COX14","blue"
"DIP2B","turquoise"
"METTL7A","red"
"TFCP2","turquoise"
"DAZAP2","brown"
"ACVRL1","red"
"KRT5","grey"
"NR4A1","green"
"KRT6A","yellow"
"KRT1","grey"
"KRT2","green"
"EIF4B","green"
"SPRYD3","green"
"RARG","pink"
"ATP5G2","brown"
"IGFBP6","blue"
"PFDN5","brown"
"PCBP2","brown"
"SP1","green"
"PRR13","blue"
"COPZ1","blue"
"HNRNPA1","brown"
"DCD","grey"
"CD63","blue"
"SARNP","turquoise"
"BLOC1S1","blue"
"RPS26","blue"
"RPL41","brown"
"PA2G4","brown"
"MYL6","blue"
"RBMS2","turquoise"
"PTGES3","brown"
"CNPY2","yellow"
"STAT2","turquoise"
"NACA","brown"
"MYL6B","blue"
"ATP5B","brown"
"BAZ2A","turquoise"
"R3HDM2","turquoise"
"LRP1","yellow"
"CTDSP2","grey"
"OS9","blue"
"CDK4","blue"
"MON2","turquoise"
"AVPR1A","green"
"SRGAP1","turquoise"
"MSRB3","yellow"
"WIF1","pink"
"TMBIM4","brown"
"RAP1B","turquoise"
"MDM2","turquoise"
"PHLDA1","green"
"NAP1L1","brown"
"OSBPL8","turquoise"
"CSRP2","yellow"
"RP1-34H18.1","turquoise"
"NAV3","turquoise"
"PPP1R12A","turquoise"
"TMTC2","turquoise"
"ATP2B1","green"
"LUM","blue"
"DCN","red"
"BTG1","green"
"EEA1","turquoise"
"NDUFA12","red"
"METAP2","turquoise"
"SNRPF","blue"
"CDK17","turquoise"
"IKBIP","yellow"
"SLC25A3","brown"
"IGF1","grey"
"HSP90B1","brown"
"GLT8D2","yellow"
"TXNRD1","blue"
"CHST11","turquoise"
"APPL2","turquoise"
"NUAK1","green"
"CKAP4","yellow"
"CMKLR1","turquoise"
"TMEM119","blue"
"SSH1","turquoise"
"ISCU","brown"
"ATP2A2","turquoise"
"ARPC3","blue"
"ATXN2","turquoise"
"ALDH2","black"
"ERP29","blue"
"RPL6","brown"
"DTX1","green"
"TPCN1","turquoise"
"MED13L","turquoise"
"TAOK3","turquoise"
"PEBP1","brown"
"RPLP0","blue"
"PXN","turquoise"
"DYNLL1","blue"
"COX6A1","blue"
"MLEC","blue"
"SRSF9","blue"
"SPPL3","turquoise"
"TMEM120B","turquoise"
"PSMD9","blue"
"MLXIP","turquoise"
"CLIP1","turquoise"
"ARL6IP4","blue"
"RP11-282O18.3","blue"
"SBNO1","turquoise"
"CDK2AP1","blue"
"TMED2","blue"
"NCOR2","turquoise"
"UBC","blue"
"TMEM132C","green"
"RAN","blue"
"SFSWAP","turquoise"
"GOLGA3","yellow"
"CHFR","turquoise"
"MPHOSPH8","turquoise"
"ZMYM2","turquoise"
"SAP18","brown"
"LATS2","turquoise"
"ZDHHC20","turquoise"
"MRPL57","blue"
"TNFRSF19","turquoise"
"RP11-307N16.6","turquoise"
"PARP4","turquoise"
"RPL21","brown"
"MTIF3","red"
"GTF3A","blue"
"POLR1D","brown"
"PAN3","turquoise"
"POMP","blue"
"HMGB1","brown"
"FRY","turquoise"
"N4BP2L2","turquoise"
"PDS5B","turquoise"
"STARD13","turquoise"
"NBEA","turquoise"
"DCLK1","turquoise"
"POSTN","yellow"
"LHFP","black"
"FOXO1","turquoise"
"ELF1","turquoise"
"RGCC","grey"
"DGKH","green"
"DNAJC15","brown"
"ENOX1","turquoise"
"TSC22D1","green"
"TPT1","brown"
"TPT1-AS1","turquoise"
"ESD","red"
"LRCH1","turquoise"
"ITM2B","red"
"EBPL","brown"
"DLEU2","turquoise"
"INTS6","green"
"WDFY2","turquoise"
"PIBF1","turquoise"
"KLF5","green"
"KLF12","turquoise"
"COMMD6","brown"
"TBC1D4","turquoise"
"KCTD12","red"
"MYCBP2","green"
"GPC6","turquoise"
"MBNL2","turquoise"
"STK24","turquoise"
"FARP1","turquoise"
"DOCK9","turquoise"
"PCCA","turquoise"
"ITGBL1","turquoise"
"ARGLU1","turquoise"
"FAM155A","turquoise"
"TNFSF13B","red"
"IRS2","green"
"COL4A1","red"
"COL4A2","pink"
"ANKRD10","turquoise"
"ARHGEF7","turquoise"
"F10","black"
"LAMP1","blue"
"GAS6","yellow"
"UPF3A","green"
"RNASE4","brown"
"HNRNPC","red"
"NDRG2","green"
"DAD1","blue"
"MRPL52","blue"
"PSMB5","blue"
"ACIN1","turquoise"
"LRP10","green"
"MMP14","yellow"
"BCL2L2-PABPN1","brown"
"PSME2","red"
"NEDD8","blue"
"PSME1","brown"
"NFATC4","green"
"NOVA1","black"
"PRKD1","turquoise"
"SCFD1","turquoise"
"HECTD1","turquoise"
"SNX6","blue"
"EAPP","brown"
"NFKBIA","turquoise"
"RPS29","brown"
"RPL36AL","brown"
"SOS2","turquoise"
"SAV1","black"
"FRMD6","turquoise"
"C14orf166","blue"
"NID2","turquoise"
"FERMT2","turquoise"
"BMP4","green"
"SAMD4A","turquoise"
"LGALS3","red"
"KTN1","turquoise"
"C14orf37","turquoise"
"HIF1A","turquoise"
"PPP2R5E","turquoise"
"CHURC1","blue"
"FUT8","turquoise"
"GPHN","turquoise"
"VTI1B","blue"
"RAD51B","turquoise"
"ZFP36L1","turquoise"
"ACTN1","yellow"
"ERH","brown"
"SRSF5","turquoise"
"PCNX","turquoise"
"SIPA1L1","turquoise"
"RBM25","turquoise"
"NUMB","turquoise"
"NPC2","red"
"TMED10","blue"
"FOS","grey"
"TGFB3","yellow"
"IFT43","turquoise"
"SLIRP","blue"
"NRXN3","pink"
"DIO2","brown"
"STON2","turquoise"
"FLRT2","black"
"FOXN3","turquoise"
"CALM1","blue"
"PSMC1","blue"
"NDUFB1","blue"
"FBLN5","black"
"ATXN3","turquoise"
"LGMN","yellow"
"BTBD7","turquoise"
"IFI27L2","blue"
"IFI27","blue"
"DDX24","black"
"SERPINA3","red"
"SYNE3","green"
"EVL","yellow"
"YY1","green"
"MEG3","turquoise"
"MEG8","turquoise"
"DIO3OS","green"
"DIO3","green"
"DYNC1H1","turquoise"
"HSP90AA1","grey"
"MARK3","turquoise"
"TNFAIP2","red"
"KLC1","turquoise"
"EIF5","grey"
"C14orf2","blue"
"KIF26A","green"
"AKT1","brown"
"AHNAK2","yellow"
"SIVA1","blue"
"CRIP2","brown"
"CRIP1","brown"
"NDN","brown"
"SNRPN","green"
"RP11-701H24.9","green"
"ATP10A","turquoise"
"HERC2","pink"
"KLF13","green"
"OTUD7A","green"
"EMC7","blue"
"NOP10","blue"
"EMC4","brown"
"MEIS2","turquoise"
"SPRED1","turquoise"
"THBS1","yellow"
"SRP14","brown"
"RTF1","brown"
"MAPKBP1","turquoise"
"TMEM87A","turquoise"
"ZNF106","turquoise"
"STARD9","turquoise"
"EPB42","brown"
"MAP1A","grey"
"PDIA3","red"
"SERF2","blue"
"CASC4","turquoise"
"B2M","red"
"DUT","brown"
"FBN1","yellow"
"EID1","brown"
"USP8","turquoise"
"TRPM7","turquoise"
"SPPL2A","turquoise"
"TMOD3","turquoise"
"RSL24D1","brown"
"ZNF280D","turquoise"
"TCF12","turquoise"
"FAM63B","turquoise"
"MYO1E","turquoise"
"ANXA2","blue"
"RORA","turquoise"
"TLN2","turquoise"
"RPS27L","blue"
"TPM1","yellow"
"HERC1","turquoise"
"PPIB","blue"
"CSNK1G1","turquoise"
"ZNF609","turquoise"
"CILP","yellow"
"IGDCC4","turquoise"
"DENND4A","turquoise"
"RAB11A","yellow"
"RPL4","brown"
"SMAD3","turquoise"
"MAP2K5","turquoise"
"PIAS1","turquoise"
"ITGA11","yellow"
"ANP32A","brown"
"RPLP1","brown"
"UACA","turquoise"
"THSD4","green"
"MYO9A","turquoise"
"PKM","blue"
"HEXA","blue"
"ARIH1","turquoise"
"NEO1","turquoise"
"CD276","yellow"
"ISLR","yellow"
"LOXL1","blue"
"COX5A","blue"
"PTPN9","turquoise"
"ETFA","turquoise"
"TSPAN3","red"
"RCN2","green"
"PEAK1","turquoise"
"TBC1D2B","turquoise"
"RPS17","brown"
"SEC11A","blue"
"AKAP13","turquoise"
"NTRK3","green"
"MFGE8","blue"
"ACAN","yellow"
"ANPEP","red"
"IDH2","yellow"
"CIB1","blue"
"IQGAP1","turquoise"
"MORF4L1","red"
"CRABP1","pink"
"PSMA4","red"
"CTSH","red"
"TMED3","blue"
"MESDC2","red"
"IL16","black"
"CRTC3","turquoise"
"SLCO3A1","turquoise"
"CHD2","turquoise"
"RP11-437B10.1","black"
"NR2F2-AS1","black"
"NR2F2","grey"
"IGF1R","turquoise"
"MEF2A","turquoise"
"ALDH1A3","red"
"VIMP","blue"
"MPG","blue"
"STUB1","blue"
"NME4","blue"
"RAB11FIP3","turquoise"
"C16orf13","blue"
"RHOT2","turquoise"
"METRN","yellow"
"TPSB2","red"
"UBE2I","brown"
"TSR3","yellow"
"RPS2","brown"
"MRPS34","blue"
"NME3","blue"
"TMEM204","green"
"NDUFB10","blue"
"HS3ST6","green"
"PKD1","turquoise"
"SNHG19","green"
"RNPS1","turquoise"
"RP11-20I23.1","blue"
"TCEB2","blue"
"SRRM2","turquoise"
"HCFC1R1","blue"
"TNFRSF12A","yellow"
"IL32","red"
"CREBBP","turquoise"
"ADCY9","green"
"PPL","green"
"USP7","green"
"EMP2","grey"
"CLEC16A","turquoise"
"LITAF","green"
"RSL1D1","brown"
"SNX29","turquoise"
"PDXDC1","turquoise"
"C16orf45","turquoise"
"ABCC1","turquoise"
"XYLT1","turquoise"
"RPS15A","brown"
"ITPRIPL2","green"
"C16orf52","pink"
"EEF2K","turquoise"
"CDR2","turquoise"
"USP31","green"
"NDUFAB1","blue"
"GGA2","turquoise"
"TNRC6A","turquoise"
"NSMCE1","blue"
"GTF3C1","turquoise"
"NUPR1","brown"
"TUFM","blue"
"CDIPT","grey"
"MAZ","blue"
"TMEM219","blue"
"YPEL3","grey"
"MVP","blue"
"ALDOA","blue"
"BCL7C","blue"
"VKORC1","blue"
"FUS","green"
"TGFB1I1","blue"
"ITFG1","turquoise"
"NKD1","green"
"CHD9","turquoise"
"FTO","turquoise"
"MMP2","yellow"
"MT2A","red"
"MT1X","yellow"
"MT1E","brown"
"MT1M","black"
"CDH11","turquoise"
"FAM96B","blue"
"CMTM3","blue"
"DYNC1LI2","grey"
"CKLF","blue"
"TPPP3","red"
"TMEM208","yellow"
"ATP6V0D1","blue"
"NUTF2","blue"
"CTC-479C5.12","blue"
"NFATC3","turquoise"
"SLC7A6","turquoise"
"SNTB2","turquoise"
"NFAT5","turquoise"
"ST3GAL2","turquoise"
"ZFHX3","turquoise"
"GLG1","turquoise"
"CFDP1","turquoise"
"BCAR1","turquoise"
"TERF2IP","brown"
"WWOX","turquoise"
"MAF","grey"
"CMIP","turquoise"
"HSBP1","blue"
"CRISPLD2","turquoise"
"COX4I1","blue"
"ZCCHC14","turquoise"
"BANP","turquoise"
"CYBA","blue"
"APRT","red"
"ZNF469","yellow"
"GALNS","yellow"
"TRAPPC2L","blue"
"RPL13","brown"
"ANKRD11","turquoise"
"SPG7","turquoise"
"TCF25","turquoise"
"FAM101B","green"
"VPS53","turquoise"
"NXN","turquoise"
"ABR","turquoise"
"MYO1C","yellow"
"YWHAE","turquoise"
"PRPF8","green"
"CRK","turquoise"
"PITPNA","turquoise"
"SERPINF1","red"
"SMG6","turquoise"
"METTL16","turquoise"
"HIC1","red"
"PAFAH1B1","turquoise"
"RAP1GAP2","green"
"TAX1BP3","blue"
"PFN1","blue"
"PSMB6","blue"
"NLRP1","turquoise"
"TXNDC17","blue"
"GABARAP","blue"
"RNASEK-C17orf49","blue"
"TMEM256","blue"
"RNASEK","blue"
"SENP3-EIF4A1","brown"
"CTDNEP1","blue"
"GPS2","blue"
"SAT2","blue"
"TMEM256-PLSCR3","blue"
"EIF5A","blue"
"EIF4A1","brown"
"POLR2A","green"
"NLGN2","turquoise"
"NAA38","blue"
"TRAPPC1","blue"
"CHD3","yellow"
"RPL26","brown"
"VAMP2","green"
"PER1","green"
"RP11-849F2.7","brown"
"MYH10","turquoise"
"NTN1","green"
"STX8","turquoise"
"GAS7","turquoise"
"ARHGAP44","green"
"PMP22","red"
"NCOR1","turquoise"
"UBB","blue"
"MPRIP","turquoise"
"RASD1","green"
"TOM1L2","turquoise"
"SREBF1","black"
"AC004448.5","blue"
"EPN2","turquoise"
"MFAP4","blue"
"USP22","grey"
"WSB1","turquoise"
"IFT20","yellow"
"RPL23A","brown"
"RAB34","brown"
"FAM222B","turquoise"
"NUFIP2","turquoise"
"MYO18A","turquoise"
"SSH2","turquoise"
"TAOK1","turquoise"
"TP53I13","yellow"
"NSRP1","turquoise"
"NF1","turquoise"
"MYO1D","turquoise"
"TMEM98","red"
"CCL2","red"
"CCL14","yellow"
"TAF15","turquoise"
"ACACA","turquoise"
"RPL23","brown"
"MLLT6","turquoise"
"CISD3","blue"
"PSMB3","blue"
"FBXL20","turquoise"
"LASP1","yellow"
"RPL19","brown"
"PLXDC1","turquoise"
"MIEN1","blue"
"ERBB2","turquoise"
"PSMD3","grey"
"IGFBP4","red"
"KRT10","grey"
"TMEM99","grey"
"KRT14","grey"
"KRT15","brown"
"KRT16","yellow"
"RAB5C","blue"
"KRT17","pink"
"EIF1","brown"
"JUP","grey"
"P3H4","yellow"
"STAT3","turquoise"
"FKBP10","yellow"
"PTRF","blue"
"VAT1","yellow"
"RAMP2","black"
"COA3","blue"
"RPL27","brown"
"IFI35","red"
"HDAC5","green"
"UBTF","pink"
"G6PC3","blue"
"GPATCH8","turquoise"
"GRN","blue"
"HEXIM1","green"
"KANSL1","turquoise"
"KPNB1","brown"
"COPZ2","yellow"
"NFE2L1","blue"
"SNF8","yellow"
"ATP5G1","blue"
"PHB","blue"
"ZNF652","turquoise"
"NGFR","red"
"COL1A1","yellow"
"MRPL27","blue"
"NME1-NME2","blue"
"MBTD1","turquoise"
"SCPEP1","black"
"CUEDC1","yellow"
"SUPT4H1","brown"
"DYNLL2","brown"
"TEX14","green"
"VMP1","turquoise"
"USP32","turquoise"
"BCAS3","turquoise"
"MED13","turquoise"
"MRC2","yellow"
"TANC2","turquoise"
"CYB561","yellow"
"MAP3K3","turquoise"
"LUC7L3","turquoise"
"LRRC59","yellow"
"CACNA1G","green"
"SPAG9","turquoise"
"NME1","blue"
"PSMC5","blue"
"DDX5","pink"
"SMURF2","turquoise"
"CEP112","turquoise"
"PRKCA","turquoise"
"BPTF","turquoise"
"FAM20A","red"
"PRKAR1A","black"
"ABCA8","black"
"ABCA6","black"
"ABCA10","black"
"LINC00511","turquoise"
"SLC39A11","turquoise"
"CDC42EP4","green"
"RPL38","brown"
"ATP5H","blue"
"HN1","blue"
"SUMO2","brown"
"GRB2","turquoise"
"H3F3B","brown"
"UNK","turquoise"
"TRIM47","brown"
"EXOC7","turquoise"
"CYGB","red"
"MXRA7","yellow"
"SEPT9","turquoise"
"SOCS3","green"
"TNRC6C","turquoise"
"TIMP2","grey"
"LGALS3BP","red"
"C1QTNF1","green"
"TBC1D16","turquoise"
"RNF213","turquoise"
"GAA","blue"
"ACTG1","brown"
"BAIAP2","green"
"SLC38A10","yellow"
"C17orf89","blue"
"P4HB","yellow"
"NPLOC4","turquoise"
"DCXR","pink"
"FAM195B","yellow"
"ALYREF","blue"
"ARHGDIA","blue"
"ANAPC11","blue"
"MRPL12","blue"
"PYCR1","yellow"
"METRNL","yellow"
"COLEC12","turquoise"
"ENOSF1","turquoise"
"MYL12A","blue"
"MYL12B","blue"
"ARHGAP28","turquoise"
"PTPRM","turquoise"
"ANKRD12","turquoise"
"NDUFV2","brown"
"RALBP1","brown"
"RAB31","yellow"
"APCDD1","brown"
"PIEZO2","turquoise"
"TUBB6","turquoise"
"SPIRE1","turquoise"
"LDLRAD4","turquoise"
"ROCK1","turquoise"
"SNRPD1","blue"
"MIB1","turquoise"
"LAMA3","pink"
"ZNF521","turquoise"
"GAREM1","turquoise"
"GALNT1","pink"
"FHOD3","turquoise"
"SETBP1","turquoise"
"ATP5A1","brown"
"RPL17","brown"
"RPL17-C18orf32","brown"
"DCC","green"
"TCF4","green"
"ZNF532","turquoise"
"LMAN1","yellow"
"CCBE1","black"
"BCL2","green"
"KDSR","green"
"DOK6","turquoise"
"CYB5A","red"
"ATP9B","turquoise"
"TXNL4A","blue"
"BSG","blue"
"CFD","black"
"PTBP1","turquoise"
"POLR2E","brown"
"TMEM259","turquoise"
"CNN2","yellow"
"RPS15","brown"
"MUM1","turquoise"
"ATP5D","blue"
"UQCR11","blue"
"CIRBP","brown"
"GPX4","blue"
"MIDN","green"
"NDUFS7","blue"
"C19orf24","blue"
"AC005943.2","blue"
"AP3D1","turquoise"
"LSM7","blue"
"OAZ1","brown"
"GADD45B","green"
"TIMM13","blue"
"AES","brown"
"NFIC","grey"
"GNA11","grey"
"EEF2","brown"
"MAP2K2","blue"
"DAPK3","yellow"
"MRPL54","blue"
"ZBTB7A","grey"
"SH3GL1","yellow"
"UBXN6","blue"
"SEMA6B","red"
"MYDGF","blue"
"PLIN3","blue"
"KDM4B","turquoise"
"PTPRS","turquoise"
"RPL36","brown"
"C19orf70","blue"
"NDUFA11","blue"
"AC024592.12","blue"
"ALKBH7","blue"
"C3","red"
"INSR","turquoise"
"ZNF358","blue"
"PET100","brown"
"MAP2K7","green"
"CTD-3214H19.16","blue"
"ELAVL1","turquoise"
"RPS28","brown"
"HNRNPM","green"
"RAB11B","brown"
"UBL5","blue"
"OLFM2","turquoise"
"COL5A3","yellow"
"CDC37","blue"
"EIF3G","blue"
"DNM2","turquoise"
"ILF3","turquoise"
"SLC44A2","green"
"KANK2","pink"
"SMARCA4","turquoise"
"TMEM205","red"
"PRKCSH","blue"
"WDR83OS","blue"
"C19orf43","brown"
"HOOK2","turquoise"
"JUNB","green"
"GADD45GIP1","blue"
"PRDX2","red"
"CALR","blue"
"IER2","green"
"NFIX","red"
"RAD23A","green"
"C19orf53","blue"
"DNAJB1","green"
"GIPC1","turquoise"
"NDUFB7","blue"
"TECR","brown"
"NOTCH3","red"
"BRD4","turquoise"
"SMIM7","blue"
"TPM4","blue"
"KLF2","grey"
"MYO9B","turquoise"
"BST2","red"
"BABAM1","brown"
"MRPL34","red"
"PGLS","blue"
"COLGALT1","yellow"
"RPL18A","brown"
"JUND","green"
"CCDC124","blue"
"FKBP8","blue"
"UBA52","brown"
"AC007192.4","red"
"CRLF1","brown"
"SSBP4","grey"
"COMP","yellow"
"KXD1","blue"
"C19orf60","blue"
"COPE","yellow"
"NDUFA13","blue"
"CILP2","yellow"
"TSHZ3","turquoise"
"PDCD5","brown"
"CEBPA","green"
"GPI","red"
"KRTDAP","grey"
"DMKN","grey"
"FXYD3","grey"
"FXYD5","green"
"SBSN","grey"
"FXYD1","red"
"HSPB6","blue"
"TMEM147","blue"
"PSENEN","blue"
"COX6B1","blue"
"POLR2I","brown"
"COX7A1","blue"
"TBCB","blue"
"CAPNS1","blue"
"SIPA1L3","turquoise"
"SPINT2","grey"
"LGALS7B","grey"
"ECH1","red"
"PSMD8","blue"
"EIF3K","brown"
"ACTN4","yellow"
"HNRNPL","turquoise"
"FBXO17","blue"
"RPS16","brown"
"ZFP36","green"
"SAMD4B","turquoise"
"FBL","brown"
"SERTAD1","brown"
"PLD3","yellow"
"LTBP4","black"
"TGFB1","green"
"HNRNPUL1","brown"
"AXL","turquoise"
"RPS19","blue"
"RABAC1","blue"
"CIC","green"
"LYPD3","grey"
"ETHE1","red"
"ZNF428","blue"
"PLAUR","yellow"
"APOE","red"
"CLPTM1","blue"
"BCL3","red"
"MARK4","turquoise"
"APOC1","red"
"ERCC1","yellow"
"SNRPD2","brown"
"FOSB","turquoise"
"CCDC8","yellow"
"CALM3","blue"
"AP2S1","blue"
"NAPA","grey"
"INAFM1","blue"
"EHD2","yellow"
"GLTSCR2","brown"
"CTD-2571L23.8","turquoise"
"SEPW1","blue"
"KDELR1","blue"
"RPL18","brown"
"EMP3","blue"
"PPP1R15A","grey"
"NUCB1","blue"
"PLEKHA4","red"
"SNRNP70","turquoise"
"FTL","blue"
"RPS11","brown"
"RPL13A","brown"
"RRAS","brown"
"RCN3","yellow"
"FCGRT","brown"
"PRMT1","blue"
"AKT1S1","blue"
"JOSD2","blue"
"CLEC11A","blue"
"ETFB","blue"
"PPP2R1A","yellow"
"ZNF83","turquoise"
"NDUFA3","blue"
"MYADM","brown"
"RPS9","brown"
"CDC42EP5","blue"
"ISOC2","blue"
"RPL28","blue"
"SSC5D","yellow"
"ZNF580","brown"
"EPN1","yellow"
"A1BG","blue"
"RPS5","brown"
"CHMP2A","blue"
"TRIM28","green"
"PXDN","yellow"
"RPS7","brown"
"RNF144A","turquoise"
"ID2","green"
"ITGB1BP1","red"
"YWHAQ","green"
"PDIA6","red"
"NBAS","turquoise"
"LAPTM4A","brown"
"SDC1","yellow"
"RHOB","green"
"KLHL29","turquoise"
"SF3B6","blue"
"ATAD2B","turquoise"
"TP53I3","blue"
"NCOA1","turquoise"
"ADCY3","green"
"HADHA","brown"
"RAB10","turquoise"
"OST4","blue"
"EMILIN1","blue"
"TMEM214","yellow"
"CGREF1","yellow"
"ATRAID","blue"
"MRPL33","brown"
"NRBP1","blue"
"BRE","turquoise"
"FOSL2","turquoise"
"BIRC6","turquoise"
"YIPF4","turquoise"
"LTBP1","black"
"CRIM1","turquoise"
"VIT","black"
"CYP1B1","red"
"SRSF7","green"
"SOS1","turquoise"
"MAP4K3","turquoise"
"COX7A2L","brown"
"EML4","turquoise"
"ZFP36L2","brown"
"THADA","turquoise"
"PLEKHH2","green"
"PPM1B","turquoise"
"PRKCE","turquoise"
"EPAS1","turquoise"
"CALM2","brown"
"TTC7A","turquoise"
"FBXO11","turquoise"
"ERLEC1","yellow"
"ACYP2","turquoise"
"SPTBN1","black"
"RTN4","turquoise"
"RPS27A","brown"
"EFEMP1","red"
"USP34","turquoise"
"XPO1","turquoise"
"COMMD1","turquoise"
"EHBP1","turquoise"
"RAB1A","turquoise"
"SPRED2","turquoise"
"ACTR2","turquoise"
"MEIS1","turquoise"
"ANTXR1","turquoise"
"ANXA4","turquoise"
"AAK1","turquoise"
"GFPT1","turquoise"
"SNRPG","blue"
"PCBP1","brown"
"NAGK","yellow"
"ZNF638","turquoise"
"CYP26B1","brown"
"EXOC6B","turquoise"
"CCT7","brown"
"AUP1","blue"
"POLE4","red"
"TMSB10","blue"
"CAPG","yellow"
"TCF7L1","turquoise"
"TGOLN2","brown"
"VAMP5","red"
"RNF181","blue"
"CHMP3","brown"
"LINC00152","yellow"
"SNRNP200","turquoise"
"COX5B","blue"
"EIF5B","brown"
"AFF3","turquoise"
"RPL31","brown"
"NPAS2","turquoise"
"RNF149","turquoise"
"MAP4K4","turquoise"
"IL1R1","turquoise"
"LIMS1","turquoise"
"SH3RF3","turquoise"
"MIR4435-2HG","turquoise"
"FBLN7","red"
"CHCHD5","blue"
"DDX18","green"
"DBI","red"
"INHBB","green"
"GLI2","turquoise"
"CLASP1","turquoise"
"GYPC","blue"
"MAP3K2","turquoise"
"WDR33","turquoise"
"HS6ST1","grey"
"TANC1","turquoise"
"BAZ2B","turquoise"
"CD302","brown"
"PLA2R1","green"
"RBMS1","turquoise"
"FAP","yellow"
"CERS6","turquoise"
"PPIG","turquoise"
"SSB","brown"
"UBR3","turquoise"
"CYBRD1","turquoise"
"AC013461.1","black"
"SP3","turquoise"
"CIR1","brown"
"AC018890.6","brown"
"WIPF1","turquoise"
"ATP5G3","blue"
"MZT2B","blue"
"MZT2A","blue"
"NCKAP5","black"
"MGAT5","turquoise"
"RAB3GAP1","turquoise"
"HNMT","black"
"LRP1B","green"
"ZEB2","turquoise"
"MBD5","turquoise"
"RND3","green"
"TNFAIP6","yellow"
"CACNB4","turquoise"
"FMNL2","turquoise"
"PKP4","pink"
"NFE2L2","black"
"HNRNPA3","brown"
"FKBP7","blue"
"FRZB","red"
"NCKAP1","turquoise"
"ZC3H15","brown"
"TFPI","red"
"COL5A2","yellow"
"COL3A1","yellow"
"MYO1B","turquoise"
"SF3B1","turquoise"
"HSPE1","brown"
"SATB2","turquoise"
"SPATS2L","yellow"
"BZW1","black"
"CFLAR","turquoise"
"BMPR2","turquoise"
"NBEAL1","red"
"ABI2","turquoise"
"CYP20A1","turquoise"
"PARD3B","turquoise"
"NRP2","turquoise"
"EEF1B2","blue"
"KLF7","turquoise"
"AC072062.1","blue"
"FN1","yellow"
"XRCC5","pink"
"IGFBP5","black"
"RPL37A","brown"
"IGFBP2","green"
"TNS1","turquoise"
"ARPC2","blue"
"CTDSP1","brown"
"PNKD","brown"
"CYP27A1","black"
"CHPF","yellow"
"GMPPA","yellow"
"SERPINE2","green"
"CUL3","turquoise"
"PID1","black"
"ARMC9","yellow"
"ITM2C","red"
"NCL","brown"
"PTMA","brown"
"EIF4E2","blue"
"EFHD1","green"
"GIGYF2","turquoise"
"ARL4C","yellow"
"AGAP1","turquoise"
"COL6A3","yellow"
"LRRFIP1","turquoise"
"TWIST2","black"
"HDAC4","turquoise"
"MYEOV2","blue"
"GPC1","red"
"SNED1","turquoise"
"HDLBP","yellow"
"SEPT2","turquoise"
"RBCK1","blue"
"PSMF1","brown"
"RSPO4","black"
"FKBP1A","red"
"NSFL1C","grey"
"SNRPB","brown"
"PTPRA","turquoise"
"CPXM1","blue"
"NOP56","brown"
"LINC00493","brown"
"SLC24A3","pink"
"RIN2","turquoise"
"KIZ-AS1","blue"
"XRN2","grey"
"CST3","red"
"C20orf194","turquoise"
"ITPA","grey"
"CENPB","blue"
"RNF24","turquoise"
"ADAM33","turquoise"
"PRNP","black"
"TMEM230","blue"
"LAMP5","blue"
"JAG1","pink"
"TASP1","turquoise"
"SNRPB2","brown"
"DSTN","brown"
"RRBP1","yellow"
"ID1","green"
"HM13","yellow"
"CBFA2T2","turquoise"
"EIF2S2","blue"
"ITCH","turquoise"
"ASIP","green"
"NCOA6","turquoise"
"MAP1LC3A","brown"
"DYNLRB1","blue"
"TRPC4AP","turquoise"
"EIF6","brown"
"MMP24-AS1","blue"
"ERGIC3","blue"
"CPNE1","yellow"
"ROMO1","blue"
"RBM39","turquoise"
"PHF20","turquoise"
"SCAND1","blue"
"LINC00657","brown"
"DLGAP4","turquoise"
"MYL9","blue"
"SAMHD1","red"
"RPN2","blue"
"MAFB","grey"
"TOP1","turquoise"
"ZHX3","turquoise"
"CHD6","pink"
"PTPRT","pink"
"SERINC3","green"
"PKIG","red"
"YWHAB","brown"
"WISP2","yellow"
"PIGT","brown"
"PLTP","blue"
"CTSA","blue"
"EYA2","turquoise"
"SULF2","yellow"
"ZNFX1","turquoise"
"ZFAS1","brown"
"PTGIS","red"
"UBE2V1","brown"
"SNAI1","green"
"CEBPB","green"
"FAM65C","turquoise"
"ADNP","turquoise"
"NFATC2","turquoise"
"TSHZ2","turquoise"
"BMP7","green"
"PMEPA1","green"
"ATP5E","blue"
"GNAS","brown"
"CTSZ","red"
"RPS21","brown"
"PSMA7","blue"
"OGFR","turquoise"
"ARFGAP1","yellow"
"PPDPF","blue"
"ARFRP1","blue"
"RTEL1-TNFRSF6B","red"
"SLC2A4RG","blue"
"SOX18","pink"
"PRPF6","brown"
"MIR99AHG","turquoise"
"NCAM2","turquoise"
"ATP5J","blue"
"APP","turquoise"
"ADAMTS1","black"
"GRIK1","green"
"SOD1","brown"
"SON","brown"
"ATP5O","blue"
"ITSN1","turquoise"
"MRPS6","green"
"SLC5A3","green"
"RUNX1","turquoise"
"CBR3","grey"
"HLCS","turquoise"
"TTC3","turquoise"
"DYRK1A","turquoise"
"HMGN1","blue"
"BACE2","turquoise"
"PDE9A","green"
"PDXK","yellow"
"CSTB","blue"
"SUMO3","brown"
"PTTG1IP","red"
"UBE2G2","turquoise"
"COL18A1","red"
"COL6A2","blue"
"COL6A1","blue"
"PRMT2","yellow"
"DGCR2","turquoise"
"SLC25A1","blue"
"MRPL40","red"
"COMT","red"
"DGCR6L","blue"
"RANBP1","blue"
"MED15","turquoise"
"SCARF2","yellow"
"UBE2L3","blue"
"MAPK1","turquoise"
"CHCHD10","brown"
"AP000350.10","blue"
"GGT5","red"
"DDT","blue"
"MMP11","red"
"MIF","blue"
"SNRPD3","brown"
"TTC28","turquoise"
"XBP1","yellow"
"KREMEN1","green"
"EMID1","green"
"UQCR10","blue"
"MTMR3","turquoise"
"SELM","blue"
"SMTN","yellow"
"TIMP3","green"
"LARGE","turquoise"
"RBFOX2","brown"
"MYH9","yellow"
"APOL2","blue"
"APOL1","red"
"TXN2","blue"
"C1QTNF6","yellow"
"LGALS1","blue"
"TRIOBP","yellow"
"CDC42EP1","blue"
"EIF3L","brown"
"POLR2F","brown"
"H1F0","brown"
"DDX17","turquoise"
"CSNK1E","green"
"SUN2","green"
"KDELR3","yellow"
"CBX6","brown"
"RPL3","brown"
"APOBEC3C","blue"
"RPS19BP1","blue"
"ATF4","brown"
"TNRC6B","turquoise"
"MKL1","turquoise"
"ST13","brown"
"RBX1","blue"
"XRCC6","brown"
"SNU13","blue"
"NDUFA6","blue"
"SREBF2","turquoise"
"SMDT1","brown"
"CYB5R3","brown"
"A4GALT","red"
"ARFGAP3","turquoise"
"PACSIN2","turquoise"
"TSPO","blue"
"PARVB","yellow"
"KIAA0930","red"
"FBLN1","yellow"
"ATXN10","turquoise"
"MIRLET7BHG","turquoise"
"TBC1D22A","turquoise"
"FAM19A5","green"
"CRELD2","blue"
"SCO2","blue"
"PLXNB2","yellow"
"PPP6R2","turquoise"
"TYMP","blue"
"LMF2","yellow"
"ARSA","yellow"
"CNTN4","turquoise"
"LMCD1","yellow"
"SETD5","turquoise"
"ARPC4","blue"
"BRK1","blue"
"SEC13","yellow"
"ATG7","turquoise"
"VGLL4","turquoise"
"RAF1","turquoise"
"RPL32","brown"
"FBLN2","red"
"LSM3","brown"
"TMEM43","black"
"SLC6A6","turquoise"
"PLCL2","turquoise"
"TBC1D5","turquoise"
"ZNF385D","turquoise"
"UBE2E2","turquoise"
"RPL15","brown"
"UBE2E1","turquoise"
"RPSA","blue"
"RPL14","brown"
"CTNNB1","turquoise"
"EXOSC7","black"
"THRB","turquoise"
"RBMS3","turquoise"
"TGFBR2","turquoise"
"OSBPL10","turquoise"
"CRTAP","blue"
"CLASP2","turquoise"
"GOLGA4","turquoise"
"CTDSPL","turquoise"
"PTH1R","green"
"SETD2","turquoise"
"SMARCC1","turquoise"
"MAP4","turquoise"
"SHISA5","red"
"PRKAR2A","turquoise"
"TMA7","blue"
"IP6K2","turquoise"
"ARIH2","turquoise"
"IMPDH2","brown"
"LAMB2","yellow"
"GPX1","blue"
"RHOA","brown"
"NDUFAF3","blue"
"RBM6","turquoise"
"GNAI2","blue"
"SEMA3B","yellow"
"MANF","blue"
"RPL29","brown"
"TWF2","blue"
"WDR82","brown"
"SPCS1","brown"
"MUSTN1","green"
"CACNA1D","pink"
"SELK","brown"
"CACNA2D3","green"
"WNT5A","pink"
"ARHGEF3","turquoise"
"APPL1","brown"
"ARF4","yellow"
"SLMAP","turquoise"
"FLNB","turquoise"
"PTPRG","turquoise"
"CADPS","turquoise"
"THOC7","red"
"PRICKLE2","turquoise"
"ADAMTS9-AS2","turquoise"
"MAGI1","turquoise"
"LRIG1","black"
"ARL6IP5","black"
"NT5DC2","yellow"
"SEMA3G","green"
"PBRM1","turquoise"
"FOXP1","turquoise"
"GXYLT2","yellow"
"PDZRN3","turquoise"
"ROBO2","pink"
"ROBO1","turquoise"
"VGLL3","turquoise"
"CHMP2B","red"
"EPHA3","turquoise"
"COL8A1","yellow"
"TMEM45A","yellow"
"ABI3BP","turquoise"
"RPL24","brown"
"CBLB","green"
"BBX","turquoise"
"CCDC80","red"
"BOC","turquoise"
"ZBTB20","turquoise"
"LSAMP","turquoise"
"GSK3B","turquoise"
"FSTL1","yellow"
"NDUFB4","blue"
"CSTA","blue"
"FAM162A","blue"
"MYLK","yellow"
"HEG1","turquoise"
"ITGB5","yellow"
"ZNF148","turquoise"
"MGLL","green"
"SEC61A1","yellow"
"EEFSEC","green"
"RPN1","blue"
"RAB7A","turquoise"
"CNBP","brown"
"PLXND1","green"
"H1FX","brown"
"COPG1","yellow"
"TMCC1","turquoise"
"COL6A5","black"
"COL6A6","black"
"SRPRB","yellow"
"RYK","green"
"STAG1","turquoise"
"SLC25A36","turquoise"
"ZBTB38","green"
"ATP1B3","green"
"TFDP2","green"
"XRN1","turquoise"
"SLC9A9","turquoise"
"PLSCR4","black"
"WWTR1","turquoise"
"TSC22D2","turquoise"
"SERP1","blue"
"MBNL1","turquoise"
"DHX36","green"
"SSR3","blue"
"YEATS2","turquoise"
"AP2M1","blue"
"EIF4G1","yellow"
"CHRD","yellow"
"EPHB3","yellow"
"TRA2B","green"
"EIF4A2","green"
"BCL6","turquoise"
"LPP","turquoise"
"HES1","red"
"LRRC15","yellow"
"FAM43A","green"
"ACAP2","turquoise"
"APOD","black"
"LINC00969","turquoise"
"TNK2","turquoise"
"DLG1","turquoise"
"PAK2","turquoise"
"LRCH3","turquoise"
"RPL35A","brown"
"SHOX2","green"
"RSRC1","turquoise"
"GOLIM4","turquoise"
"SEC62","brown"
"RPL22L1","blue"
"TNIK","turquoise"
"PLD1","turquoise"
"FNDC3B","turquoise"
"TNFSF10","red"
"NLGN1","green"
"NAALADL2","turquoise"
"TBL1XR1","turquoise"
"LINC00578","pink"
"ZMAT3","yellow"
"ATP5I","blue"
"SPON2","yellow"
"MXD4","yellow"
"C4orf48","blue"
"FAM193A","turquoise"
"ADD1","turquoise"
"LRPAP1","blue"
"MRFAP1","brown"
"SORCS2","turquoise"
"AFAP1","turquoise"
"HTRA3","blue"
"GPR78","yellow"
"LDB2","turquoise"
"SLIT2","turquoise"
"SOD3","red"
"RBPJ","turquoise"
"PCDH7","turquoise"
"RPL9","brown"
"UBE2K","turquoise"
"PDS5A","turquoise"
"APBB2","turquoise"
"UCHL1","yellow"
"FAM114A1","yellow"
"SCFD2","turquoise"
"RP11-231C18.3","turquoise"
"PDGFRA","green"
"IGFBP7","red"
"ADGRL3","turquoise"
"RP11-25H12.1","red"
"YTHDC1","pink"
"RUFY3","turquoise"
"ANKRD17","turquoise"
"CCNI","brown"
"SEPT11","yellow"
"ANTXR2","black"
"HNRNPDL","green"
"HNRNPD","green"
"TMEM150C","red"
"SEC31A","turquoise"
"WDFY3","turquoise"
"ARHGAP24","turquoise"
"PTPN13","turquoise"
"AFF1","turquoise"
"SPARCL1","yellow"
"PKD2","turquoise"
"FAM13A","turquoise"
"PDLIM5","turquoise"
"TSPAN5","turquoise"
"ADH5","black"
"H2AFZ","brown"
"PPP3CA","turquoise"
"UBE2D3","turquoise"
"AIMP1","brown"
"DKK2","green"
"PAPSS1","turquoise"
"LEF1","pink"
"RPL34","brown"
"NDUFC1","brown"
"GAB1","turquoise"
"EDNRA","green"
"ARHGAP10","turquoise"
"NR3C2","black"
"LRBA","turquoise"
"SH3D19","turquoise"
"RPS3A","brown"
"OSTC","blue"
"ANK2","turquoise"
"CAMK2D","turquoise"
"SNHG8","brown"
"SEC24D","turquoise"
"C4orf3","blue"
"USP53","black"
"ANXA5","blue"
"SPRY1","red"
"ELF2","turquoise"
"TRIM2","turquoise"
"SFRP2","yellow"
"GUCY1A3","turquoise"
"CPE","green"
"PALLD","turquoise"
"TENM3","turquoise"
"SNX25","turquoise"
"MRPL36","blue"
"NDUFS6","blue"
"SEMA5A","turquoise"
"SNHG18","yellow"
"DAP","yellow"
"TRIO","turquoise"
"ANKH","turquoise"
"FBXL7","turquoise"
"FAM134B","turquoise"
"MYO10","turquoise"
"BASP1","yellow"
"PDZD2","turquoise"
"GOLPH3","turquoise"
"ZFR","turquoise"
"SUB1","blue"
"ADAMTS12","turquoise"
"C1QTNF3","yellow"
"RAI14","turquoise"
"PRLR","green"
"NIPBL","turquoise"
"WDR70","turquoise"
"EGFLAM","pink"
"DAB2","red"
"RPL37","brown"
"GHR","turquoise"
"SEPP1","black"
"ZNF131","turquoise"
"NDUFS4","brown"
"FST","grey"
"ARL15","turquoise"
"GPX8","yellow"
"PLPP1","turquoise"
"IL6ST","red"
"PLK2","pink"
"PDE4D","turquoise"
"NDUFAF2","grey"
"ZSWIM6","turquoise"
"KIF2A","turquoise"
"SREK1IP1","green"
"ADAMTS6","turquoise"
"ERBB2IP","turquoise"
"MAST4","turquoise"
"PIK3R1","black"
"MAP1B","turquoise"
"TNPO1","green"
"ARHGEF28","green"
"BTF3","brown"
"FOXD1","green"
"NSA2","brown"
"HEXB","red"
"IQGAP2","pink"
"F2R","green"
"TBCA","brown"
"AP3B1","turquoise"
"LHFPL2","turquoise"
"THBS4","red"
"SSBP2","turquoise"
"RPS23","brown"
"VCAN","yellow"
"HAPLN1","red"
"EDIL3","turquoise"
"COX7C","blue"
"FAM172A","turquoise"
"RHOBTB3","turquoise"
"CAST","turquoise"
"PAM","turquoise"
"EFNA5","turquoise"
"FBXL17","turquoise"
"FER","turquoise"
"NREP","yellow"
"EPB41L4A-AS1","green"
"MCC","turquoise"
"PRR16","turquoise"
"LOX","yellow"
"PPIC","blue"
"CHSY3","turquoise"
"HINT1","blue"
"P4HA2","yellow"
"PDLIM4","blue"
"IRF1","green"
"AFF4","turquoise"
"UQCRQ","blue"
"SKP1","brown"
"TCF7","pink"
"UBE2B","pink"
"CAMLG","brown"
"DDX46","green"
"H2AFY","turquoise"
"CXCL14","red"
"TGFBI","blue"
"SMAD5","green"
"HNRNPA0","brown"
"EGR1","turquoise"
"CTNNA1","pink"
"SIL1","yellow"
"MATR3","turquoise"
"TMEM173","red"
"UBE2D2","turquoise"
"CXXC5","red"
"PURA","green"
"CYSTM1","red"
"NDUFA2","blue"
"SRA1","yellow"
"ANKHD1","turquoise"
"PCDHGA1","grey"
"NDFIP1","turquoise"
"NR3C1","black"
"YIPF5","blue"
"DPYSL3","yellow"
"CSNK1A1","turquoise"
"PDGFRB","red"
"CD74","red"
"RPS14","brown"
"ANXA6","blue"
"ATOX1","blue"
"SPARC","yellow"
"G3BP1","brown"
"GALNT10","turquoise"
"LARP1","grey"
"SGCD","turquoise"
"CLINT1","turquoise"
"EBF1","turquoise"
"RNF145","blue"
"TENM2","black"
"SLIT3","turquoise"
"NPM1","brown"
"UBTD2","turquoise"
"SH3PXD2B","turquoise"
"DUSP1","green"
"ERGIC1","turquoise"
"NHP2","brown"
"HNRNPAB","blue"
"COL23A1","green"
"ADAMTS2","yellow"
"HNRNPH1","pink"
"CANX","brown"
"SQSTM1","grey"
"MGAT1","blue"
"GNB2L1","brown"
"ATP6V0E1","blue"
"CLTB","blue"
"HIGD2A","blue"
"NSD1","turquoise"
"LMAN2","blue"
"PDLIM7","yellow"
"PRELID1","blue"
"DBN1","yellow"
"TMED9","blue"
"GMDS-AS1","turquoise"
"SERPINB6","yellow"
"RIPK1","turquoise"
"TUBB2A","yellow"
"FARS2","turquoise"
"RREB1","turquoise"
"DSP","grey"
"TXNDC5","blue"
"TFAP2A","green"
"TMEM14B","turquoise"
"TMEM14C","blue"
"NOL7","brown"
"JARID2","green"
"MYLIP","green"
"ATXN1","turquoise"
"KIF13A","turquoise"
"DEK","green"
"ID4","green"
"CDKAL1","turquoise"
"SOX4","green"
"CASC15","turquoise"
"HIST1H2BB","green"
"HIST1H4C","brown"
"HIST1H1C","green"
"HIST1H2BG","green"
"HIST1H2BD","green"
"BTN3A2","red"
"HIST1H2BJ","green"
"HLA-F","red"
"UBD","red"
"HLA-E","brown"
"HLA-A","red"
"PPP1R10","green"
"GNL1","grey"
"IER3","green"
"TUBB","blue"
"HLA-C","red"
"HLA-B","red"
"DDX39B","pink"
"CLIC1","blue"
"LSM2","blue"
"DDAH2","blue"
"HSPA1A","green"
"HSPA1B","green"
"CSNK2B","brown"
"C2","red"
"C6orf48","brown"
"XXbac-BPG116M5.17","red"
"TNXB","black"
"HLA-DRA","yellow"
"HLA-DRB1","yellow"
"PSMB8","red"
"RPS18","brown"
"TAPBP","red"
"PSMB9","red"
"BRD2","turquoise"
"CUTA","blue"
"SLC39A7","blue"
"SYNGAP1","turquoise"
"UQCC2","blue"
"RPS10","brown"
"RPS10-NUDT3","brown"
"NUDT3","green"
"SNRPC","blue"
"SCUBE3","green"
"RPL10A","brown"
"FKBP5","black"
"MAPK14","turquoise"
"STK38","turquoise"
"MTCH1","blue"
"SRSF3","green"
"C6orf89","black"
"CDKN1A","grey"
"PI16","black"
"ZFAND3","turquoise"
"BTBD9","turquoise"
"DAAM2","green"
"PRICKLE4","brown"
"MDFI","blue"
"TRERF1","turquoise"
"MEA1","blue"
"RPL7L1","brown"
"PTK7","turquoise"
"DNPH1","blue"
"KLHDC3","yellow"
"YIPF3","blue"
"HSP90AB1","brown"
"MRPL14","blue"
"RUNX2","turquoise"
"TRAM2","grey"
"COL21A1","pink"
"DST","turquoise"
"ADGRB3","green"
"EEF1A1","brown"
"OOEP","brown"
"COL12A1","yellow"
"COX7A2","blue"
"SENP6","turquoise"
"HMGN3","black"
"PHIP","turquoise"
"FAM46A","turquoise"
"TPBG","green"
"SNX14","turquoise"
"SYNCRIP","brown"
"ZNF292","turquoise"
"PNRC1","black"
"RWDD1","brown"
"GOPC","blue"
"SLC35F1","brown"
"MAN1A1","turquoise"
"GJA1","yellow"
"SERINC1","green"
"NCOA7","black"
"CENPW","pink"
"RSPO3","pink"
"PTPRK","turquoise"
"LAMA2","black"
"EPB41L2","turquoise"
"CTGF","yellow"
"RP11-69I8.3","green"
"MOXD1","red"
"RPS12","brown"
"BACH2","turquoise"
"PNISR","black"
"PRDM1","green"
"PDSS2","turquoise"
"SOBP","pink"
"SEC63","turquoise"
"SNX3","blue"
"FOXO3","green"
"CDK19","pink"
"AMD1","green"
"GTF3C6","blue"
"REV3L","turquoise"
"TRAF3IP2-AS1","turquoise"
"FYN","turquoise"
"LAMA4","red"
"FAM229B","blue"
"MARCKS","yellow"
"HDAC2","green"
"AHI1","turquoise"
"PERP","grey"
"NHSL1","turquoise"
"HEBP2","blue"
"PHACTR2","turquoise"
"SF3B5","brown"
"PLAGL1","turquoise"
"UTRN","turquoise"
"STXBP5","turquoise"
"SASH1","turquoise"
"UST","turquoise"
"GINM1","red"
"PLEKHG1","turquoise"
"MTHFD1L","turquoise"
"AKAP12","turquoise"
"SYNE1","turquoise"
"TIAM2","turquoise"
"SCAF8","turquoise"
"ARID1B","turquoise"
"ZDHHC14","green"
"GTF2H5","blue"
"SNX9","turquoise"
"DYNLT1","blue"
"SOD2","red"
"FNDC1","yellow"
"TCP1","brown"
"WTAP","black"
"IGF2R","turquoise"
"MAP3K4","turquoise"
"PARK2","turquoise"
"QKI","black"
"RNASET2","red"
"SMOC2","red"
"RP11-417E7.2","yellow"
"THBS2","yellow"
"PSMB1","blue"
"DLL1","green"
"FAM20C","red"
"C7orf50","yellow"
"SNX8","yellow"
"NUDT1","blue"
"TTYH3","yellow"
"SDK1","turquoise"
"FOXK1","turquoise"
"TNRC18","turquoise"
"ACTB","blue"
"RNF216","turquoise"
"FSCN1","yellow"
"RAC1","brown"
"KDELR2","blue"
"CYTH3","turquoise"
"DAGLB","turquoise"
"NDUFA4","blue"
"PHF14","turquoise"
"AHR","red"
"HDAC9","green"
"TWIST1","green"
"TWISTNB","green"
"STEAP1B","brown"
"TOMM7","brown"
"GPNMB","black"
"TRA2A","turquoise"
"HNRNPA2B1","brown"
"CDK13","turquoise"
"SUGCT","turquoise"
"GLI3","turquoise"
"INHBA","green"
"MRPS24","blue"
"YKT6","yellow"
"AEBP1","yellow"
"DBNL","blue"
"PPIA","brown"
"OGDH","turquoise"
"TAX1BP1","grey"
"JAZF1","turquoise"
"FKBP14","yellow"
"GARS","yellow"
"AQP1","yellow"
"AVL9","turquoise"
"FKBP9","yellow"
"BBS9","turquoise"
"SEPT7","red"
"SFRP4","yellow"
"RALA","turquoise"
"CCM2","turquoise"
"IGFBP3","green"
"TNS3","turquoise"
"GRB10","turquoise"
"SEC61G","blue"
"EGFR","black"
"VOPP1","turquoise"
"SUMF2","turquoise"
"CHCHD2","blue"
"TPST1","pink"
"KCTD7","turquoise"
"SBDS","black"
"TMEM248","green"
"AUTS2","turquoise"
"WBSCR17","turquoise"
"CLDN4","yellow"
"ELN","yellow"
"CLIP2","turquoise"
"GTF2IRD1","turquoise"
"EIF4H","green"
"GTF2I","turquoise"
"HIP1","turquoise"
"MDH2","blue"
"HSPB1","blue"
"FGL2","red"
"PTPN12","turquoise"
"RSBN1L","green"
"MAGI2","turquoise"
"SEMA3C","turquoise"
"CACNA2D1","turquoise"
"SEMA3A","turquoise"
"SRI","brown"
"CDK14","turquoise"
"AKAP9","turquoise"
"ANKIB1","turquoise"
"GNG11","red"
"COL1A2","yellow"
"SHFM1","brown"
"BAIAP2L1","turquoise"
"BRI3","blue"
"PDAP1","brown"
"SMURF1","turquoise"
"BUD31","blue"
"ATP5J2","blue"
"ARPC1B","blue"
"ZKSCAN1","turquoise"
"LAMTOR4","blue"
"COPS6","blue"
"PCOLCE","blue"
"GNB2","brown"
"FIS1","blue"
"TRIM56","green"
"SERPINE1","turquoise"
"ZNHIT1","blue"
"CUX1","turquoise"
"POLR2J","blue"
"KMT2E","turquoise"
"SRPK2","turquoise"
"ATXN7L1","turquoise"
"COG5","turquoise"
"LAMB1","turquoise"
"IMMP2L","turquoise"
"DOCK4","turquoise"
"FOXP2","turquoise"
"MDFIC","turquoise"
"CAV1","black"
"ST7","turquoise"
"KCND2","turquoise"
"ARF5","blue"
"CALU","yellow"
"ATP6V1F","blue"
"FLNC","yellow"
"UBE2H","turquoise"
"KLHDC10","turquoise"
"AC058791.1","turquoise"
"LINC-PINT","turquoise"
"MKLN1","turquoise"
"CHCHD3","grey"
"EXOC4","turquoise"
"CALD1","turquoise"
"CNOT4","turquoise"
"C7orf73","yellow"
"MTPN","brown"
"PTN","yellow"
"AC090498.1","blue"
"DGKI","turquoise"
"CREB3L2","turquoise"
"LUC7L2","turquoise"
"DENND2A","turquoise"
"NDUFB2","blue"
"BRAF","turquoise"
"SSBP1","brown"
"GSTK1","red"
"ZYX","blue"
"PDIA4","blue"
"RARRES2","blue"
"TMEM176B","red"
"TMEM176A","red"
"AGAP3","green"
"CHPF2","yellow"
"WDR86","green"
"KMT2C","turquoise"
"UBE3C","turquoise"
"ESYT2","turquoise"
"TNFRSF10D","green"
"LOXL2","turquoise"
"SLC25A37","turquoise"
"EBF2","turquoise"
"BNIP3L","brown"
"DPYSL2","green"
"CLU","red"
"SCARA5","red"
"ZNF395","brown"
"SARAF","black"
"RBPMS","turquoise"
"PPP2CB","turquoise"
"ZNF703","brown"
"ADGRA2","black"
"WHSC1L1","black"
"EIF4EBP1","blue"
"FGFR1","green"
"TACC1","turquoise"
"SFRP1","black"
"KAT6A","green"
"SLC20A2","turquoise"
"HOOK3","turquoise"
"HGSNAT","turquoise"
"SPIDR","turquoise"
"CEBPD","black"
"SNAI2","pink"
"RPS20","brown"
"ARHGEF10","turquoise"
"DEFB1","yellow"
"TNKS","turquoise"
"CTSB","red"
"DLC1","turquoise"
"PDGFRL","yellow"
"PCM1","turquoise"
"PSD3","turquoise"
"CSGALNACT1","red"
"LZTS1","red"
"BMP1","yellow"
"PPP3CC","turquoise"
"SORBS3","brown"
"PDLIM2","blue"
"RAB2A","turquoise"
"ASPH","turquoise"
"NKAIN3","turquoise"
"CYP7B1","turquoise"
"PREX2","green"
"SULF1","turquoise"
"NCOA2","turquoise"
"TRAM1","black"
"MSC-AS1","turquoise"
"RPL7","brown"
"ZFHX4","turquoise"
"STMN2","red"
"ZNF704","green"
"FABP5","grey"
"C8orf59","brown"
"MMP16","turquoise"
"RUNX1T1","turquoise"
"GEM","turquoise"
"UQCRB","brown"
"SDC2","turquoise"
"CPQ","red"
"MTDH","turquoise"
"RPL30","brown"
"MATN2","green"
"STK3","turquoise"
"OSR2","black"
"VPS13B","turquoise"
"COX6C","red"
"PABPC1","brown"
"YWHAZ","turquoise"
"UBR5","turquoise"
"CTHRC1","yellow"
"ZFPM2","turquoise"
"OXR1","turquoise"
"EIF3E","brown"
"ENY2","blue"
"TRPS1","green"
"EIF3H","brown"
"EXT1","turquoise"
"ENPP2","brown"
"COL14A1","yellow"
"HAS2","red"
"ZHX2","turquoise"
"NDUFB9","brown"
"NSMCE2","turquoise"
"MYC","blue"
"ASAP1","turquoise"
"NDRG1","green"
"KHDRBS3","turquoise"
"PTK2","turquoise"
"LY6D","yellow"
"CYC1","yellow"
"VPS28","blue"
"SCX","yellow"
"RPL8","brown"
"LY6E","red"
"EEF1D","brown"
"PUF60","yellow"
"PLEC","blue"
"GPAA1","blue"
"GRINA","blue"
"SMARCA2","turquoise"
"GLIS3","turquoise"
"RP11-146B14.1","turquoise"
"TMEM261","blue"
"PTPRD","turquoise"
"NFIB","turquoise"
"FREM1","pink"
"BNC2","turquoise"
"ADAMTSL1","turquoise"
"RPS6","brown"
"DENND4C","turquoise"
"CDKN2A","yellow"
"NDUFB6","blue"
"B4GALT1","turquoise"
"AQP3","turquoise"
"DNAJA1","green"
"UBE2R2","turquoise"
"CCL27","yellow"
"SIGMAR1","blue"
"DCTN3","brown"
"CCL19","red"
"IL11RA","red"
"ZCCHC7","turquoise"
"GRHPR","blue"
"TOMM5","blue"
"KLF9","black"
"ZFAND5","green"
"ANXA1","turquoise"
"RORB","turquoise"
"PCSK5","turquoise"
"GNAQ","turquoise"
"TLE4","turquoise"
"TLE1","green"
"HNRNPK","green"
"NTRK2","green"
"GOLM1","yellow"
"GAS1","black"
"DAPK1","green"
"CTSL","blue"
"SPIN1","turquoise"
"VCP","grey"
"TLN1","yellow"
"TPM2","yellow"
"CCDC107","yellow"
"CLTA","blue"
"RNF38","turquoise"
"GLIPR2","yellow"
"GADD45G","green"
"ROR2","turquoise"
"ASPN","yellow"
"ECM2","turquoise"
"CENPP","turquoise"
"OGN","yellow"
"FAM120A","pink"
"PHF2","turquoise"
"C9orf3","turquoise"
"PTCH1","pink"
"CDC14B","turquoise"
"ANP32B","brown"
"COL15A1","red"
"SEC61B","blue"
"INVS","turquoise"
"ABCA1","turquoise"
"SLC44A1","turquoise"
"KLF4","green"
"TXN","brown"
"SVEP1","green"
"LPAR1","turquoise"
"KIAA0368","turquoise"
"CDC26","brown"
"ZNF618","pink"
"COL27A1","turquoise"
"ATP6V1G1","brown"
"TNC","yellow"
"ASTN2","pink"
"STOM","green"
"RAB14","green"
"GSN","black"
"NDUFA8","brown"
"RABGAP1","turquoise"
"DENND1A","turquoise"
"NEK6","turquoise"
"PSMB7","brown"
"RPL35","brown"
"HSPA5","blue"
"PBX3","turquoise"
"RPL12","brown"
"ANGPTL2","yellow"
"ST6GALNAC6","red"
"ENG","red"
"DPM2","blue"
"AK1","yellow"
"GOLGA2","turquoise"
"CIZ1","grey"
"C9orf16","blue"
"DNM1","turquoise"
"SLC27A4","blue"
"CERCAM","yellow"
"SWI5","blue"
"SPTAN1","turquoise"
"ZER1","turquoise"
"SET","brown"
"IER5L","green"
"C9orf78","brown"
"RP11-492E3.51","yellow"
"FNBP1","turquoise"
"PRRX2","green"
"HMCN2","turquoise"
"ABL1","turquoise"
"PRRC2B","turquoise"
"LAMC3","green"
"RPL7A","brown"
"SURF4","blue"
"VAV2","turquoise"
"RXRA","green"
"COL5A1","yellow"
"DNLZ","blue"
"EDF1","blue"
"AGPAT2","red"
"SNHG7","brown"
"NPDC1","red"
"RABL6","turquoise"
"PTGDS","red"
"TMEM141","blue"
"PHPT1","blue"
"MT-CO3","green"
"MT-ND2","green"
"MT-CO1","green"
"MT-ND4","green"
"MT-CYB","green"
"MT-ATP6","green"
"MT-CO2","green"
"MT-ND3","green"
"MT-ND5","grey"
"MT-ND1","green"
"DPP7","red"
"MAN1B1","yellow"
"TUBB4B","green"
"EHMT1","turquoise"
"MRPL41","blue"
"SLC25A6","brown"
"CD99","blue"
"DHRSX","turquoise"
"XG","turquoise"
"MXRA5","yellow"
"TBL1X","turquoise"
"WWC3","grey"
"TMSB4X","blue"
"NHS","turquoise"
"SH3KBP1","turquoise"
"EIF1AX","brown"
"PRDX4","blue"
"APOO","brown"
"SAT1","turquoise"
"SRPX","pink"
"USP9X","turquoise"
"CASK","turquoise"
"KDM6A","turquoise"
"NDUFB11","blue"
"UXT","blue"
"UBA1","yellow"
"TIMP1","red"
"RBM3","blue"
"PRAF2","blue"
"PCSK1N","green"
"PQBP1","brown"
"PLP2","blue"
"MAGED1","yellow"
"GPR173","turquoise"
"HSD17B10","brown"
"MAGED2","yellow"
"MSN","brown"
"OPHN1","turquoise"
"EFNB1","green"
"TAF1","turquoise"
"RPS4X","brown"
"PIN4","blue"
"NONO","brown"
"NHSL2","turquoise"
"XIST","turquoise"
"JPX","turquoise"
"FTX","turquoise"
"ATRX","turquoise"
"COX7B","blue"
"PGK1","blue"
"ITM2A","red"
"PCDH11X","green"
"DIAPH2","turquoise"
"RPL36A","brown"
"TCEAL2","green"
"TCEAL8","blue"
"WBP5","yellow"
"NGFRAP1","blue"
"TCEAL4","brown"
"TCEAL3","brown"
"TSC22D3","green"
"RPL39","brown"
"SLC25A43","turquoise"
"SLC25A5","blue"
"NDUFA1","blue"
"XIAP","turquoise"
"STAG2","turquoise"
"GPC3","black"
"FAM127B","blue"
"FAM127A","blue"
"FHL1","black"
"CDR1-AS","black"
"IDS","green"
"BGN","blue"
"BCAP31","blue"
"SSR4","blue"
"RPL10","brown"
"FLNA","yellow"
"MECP2","turquoise"
"NAA10","blue"
"LAGE3","blue"
"ATP6AP1","brown"
"FAM50A","blue"
"FUNDC2","blue"
