"p_val","avg_log2FC","pct.1","pct.2","p_val_adj","cluster","gene"
6.69265283884797e-94,2.37925228619814,0.971,0.812,1.7759623573167e-89,"ECM-producing fibroblasts","COL1A1"
5.49952492068038e-79,3.40205489112686,0.668,0.142,1.45935393295174e-74,"ECM-producing fibroblasts","ASPN"
9.92058007690671e-79,1.92268481399934,0.95,0.673,2.63252512920796e-74,"ECM-producing fibroblasts","SPARC"
2.33511806495707e-76,2.78478427443117,0.751,0.203,6.19646929717008e-72,"ECM-producing fibroblasts","COMP"
1.18332251219111e-75,1.7620512788407,0.976,0.844,3.14006461835032e-71,"ECM-producing fibroblasts","COL1A2"
1.53701371001664e-61,1.61243659970388,0.893,0.571,4.07861958090015e-57,"ECM-producing fibroblasts","COL5A1"
7.46351773155375e-58,3.60526289686756,0.466,0.058,1.9805190652451e-53,"ECM-producing fibroblasts","CILP2"
5.88060129280861e-55,2.14167027300669,0.746,0.328,1.56047635905969e-50,"ECM-producing fibroblasts","CTHRC1"
1.98229013831128e-53,2.09224945537771,0.715,0.326,5.26020511102281e-49,"ECM-producing fibroblasts","GXYLT2"
2.48585973476912e-53,2.04354507799912,0.785,0.427,6.59647739218334e-49,"ECM-producing fibroblasts","FN1"
5.90290076874856e-50,1.31649570810237,0.958,0.781,1.56639374799512e-45,"ECM-producing fibroblasts","COL3A1"
3.0534569025791e-49,1.65704975003517,0.77,0.391,8.1026532366839e-45,"ECM-producing fibroblasts","CERCAM"
1.11442611540987e-48,4.07475837220819,0.38,0.038,2.95724113985162e-44,"ECM-producing fibroblasts","HMCN2"
2.76998967650537e-48,2.2068718758745,0.607,0.183,7.35044460557465e-44,"ECM-producing fibroblasts","COL8A1"
1.45531524684394e-47,1.76273591867897,0.754,0.334,3.86182453902508e-43,"ECM-producing fibroblasts","COL16A1"
9.9594477431208e-46,1.84942075948934,0.759,0.385,2.64283905311454e-41,"ECM-producing fibroblasts","NBL1"
7.82231897450747e-45,2.20773126058215,0.772,0.378,2.0757305630753e-40,"ECM-producing fibroblasts","IGF2"
1.12533126014133e-44,2.44331790545034,0.647,0.269,2.98617903191104e-40,"ECM-producing fibroblasts","COL12A1"
1.68430490383898e-44,2.12053929252746,0.584,0.185,4.46947149282711e-40,"ECM-producing fibroblasts","ARL4C"
4.78372736341043e-44,1.43207374434135,0.801,0.452,1.26940989315459e-39,"ECM-producing fibroblasts","RCN3"
1.30519792211993e-43,1.82234145577374,0.623,0.219,3.46347320613745e-39,"ECM-producing fibroblasts","LRRC15"
8.41584897276668e-43,2.23175444032453,0.526,0.144,2.23322968341337e-38,"ECM-producing fibroblasts","OGN"
4.72090392207276e-42,1.34890919990871,0.843,0.555,1.25273906476123e-37,"ECM-producing fibroblasts","COL5A2"
8.11391317474983e-42,2.13079723343835,0.699,0.314,2.15310800005161e-37,"ECM-producing fibroblasts","POSTN"
1.27650915691073e-41,1.20174675341386,0.906,0.673,3.38734469877832e-37,"ECM-producing fibroblasts","AEBP1"
5.36026161450587e-41,2.00239444907232,0.558,0.166,1.42239902202528e-36,"ECM-producing fibroblasts","GPR78"
6.22477884854081e-41,2.07466937477731,0.644,0.241,1.65180731524879e-36,"ECM-producing fibroblasts","ADAM12"
1.88512930522966e-40,1.98500310773066,0.571,0.179,5.00237912435742e-36,"ECM-producing fibroblasts","SSC5D"
2.55795824727878e-40,1.5386054426224,0.725,0.349,6.78779800497898e-36,"ECM-producing fibroblasts","CREB3L1"
2.98409871638979e-40,2.16688160947291,0.372,0.049,7.91860435381196e-36,"ECM-producing fibroblasts","ACAN"
1.89418503153891e-39,1.22031957843495,0.822,0.451,5.02640939969165e-35,"ECM-producing fibroblasts","SFRP2"
3.12404000432907e-39,2.24971034616189,0.521,0.151,8.28995255548762e-35,"ECM-producing fibroblasts","COL11A1"
3.15850904515068e-39,2.49500360926438,0.432,0.092,8.38141960221185e-35,"ECM-producing fibroblasts","ZNF469"
8.26522911013273e-39,1.27403264630659,0.819,0.536,2.19326119666482e-34,"ECM-producing fibroblasts","SERPINH1"
1.00071981504668e-38,2.47819182411838,0.421,0.09,2.65551010120787e-34,"ECM-producing fibroblasts","NT5DC2"
1.07769695866393e-38,1.38418053416137,0.817,0.512,2.85977664951061e-34,"ECM-producing fibroblasts","MDK"
3.97135470372161e-38,2.12862648231208,0.55,0.177,1.05383868417957e-33,"ECM-producing fibroblasts","SFRP4"
4.57330433849098e-38,3.96745046135523,0.301,0.029,1.21357203926197e-33,"ECM-producing fibroblasts","C1QTNF3"
5.62765780402273e-38,1.37750542320988,0.825,0.541,1.49335527487547e-33,"ECM-producing fibroblasts","MMP2"
2.41654895364693e-37,1.2270733952946,0.924,0.901,6.41255430339748e-33,"ECM-producing fibroblasts","LGALS1"
4.07796384795517e-37,1.91058806774924,0.592,0.233,1.08212848669338e-32,"ECM-producing fibroblasts","CHPF"
1.60245264188981e-36,2.60512655422364,0.369,0.064,4.25226833051879e-32,"ECM-producing fibroblasts","FNDC1"
5.08530209431408e-36,2.02439601459052,0.558,0.205,1.34943576374719e-31,"ECM-producing fibroblasts","NREP"
8.51852859443461e-36,1.34502863357938,0.754,0.414,2.26047674781917e-31,"ECM-producing fibroblasts","COL14A1"
3.86025106592667e-35,5.29939874316069,0.251,0.016,1.0243562228543e-30,"ECM-producing fibroblasts","KCNMA1"
4.04289561472177e-35,1.16540733871571,0.801,0.475,1.07282278032257e-30,"ECM-producing fibroblasts","HDLBP"
4.70653159770388e-35,1.4180591964429,0.725,0.41,1.2489252247667e-30,"ECM-producing fibroblasts","COPZ2"
4.24908266781068e-34,1.12268295079369,0.832,0.558,1.12753657673024e-29,"ECM-producing fibroblasts","MRC2"
4.07277775309967e-33,1.32590285765401,0.788,0.549,1.08075230456253e-28,"ECM-producing fibroblasts","HTRA1"
4.22834572391782e-33,1.80868598039475,0.634,0.269,1.12203382129883e-28,"ECM-producing fibroblasts","FOXP1"
1.03590775501037e-53,1.3229618888742,0.983,0.959,2.74888481869553e-49,"Homeostatic/regulatory fibroblasts","PTMA"
5.38146086957105e-51,1.17157374680235,0.948,0.876,1.42802445634937e-46,"Homeostatic/regulatory fibroblasts","H3F3B"
5.63242289915223e-45,1.58241765357186,0.865,0.655,1.49461974051904e-40,"Homeostatic/regulatory fibroblasts","TCF4"
9.96083915735919e-40,2.1623468828561,0.686,0.422,2.64320827879684e-35,"Homeostatic/regulatory fibroblasts","TIMP3"
6.30425836057671e-39,3.671832015611,0.351,0.047,1.67289799856263e-34,"Homeostatic/regulatory fibroblasts","LAMC3"
5.63664930778017e-38,3.60622767390812,0.329,0.038,1.49574126031255e-33,"Homeostatic/regulatory fibroblasts","ALX4"
4.00485244434115e-37,3.55961723393061,0.329,0.039,1.06272764463037e-32,"Homeostatic/regulatory fibroblasts","SEMA3G"
7.15466848405173e-34,2.73426297546994,0.401,0.098,1.89856282892797e-29,"Homeostatic/regulatory fibroblasts","COL23A1"
8.11973117564171e-34,3.64191374771986,0.403,0.111,2.15465186476828e-29,"Homeostatic/regulatory fibroblasts","TFAP2A"
7.36870276799171e-33,3.02827659075519,0.362,0.077,1.95535896651428e-28,"Homeostatic/regulatory fibroblasts","BCL2"
9.06941841106508e-32,1.38463436762307,0.815,0.718,2.40666086956023e-27,"Homeostatic/regulatory fibroblasts","SLC35F1"
1.14620077225182e-31,3.55909611436168,0.603,0.375,3.04155836924743e-27,"Homeostatic/regulatory fibroblasts","IGFBP3"
1.4719162778986e-31,2.4173645923642,0.59,0.327,3.90587703503172e-27,"Homeostatic/regulatory fibroblasts","TRPS1"
4.12061195801769e-30,0.789619789161745,0.974,0.971,1.09344558917958e-25,"Homeostatic/regulatory fibroblasts","RPL34"
2.39625172484455e-29,2.68071208923378,0.514,0.25,6.35869357704749e-25,"Homeostatic/regulatory fibroblasts","SERPINE2"
4.08524468280771e-28,4.05628014472239,0.29,0.054,1.08406052902986e-23,"Homeostatic/regulatory fibroblasts","PTCH1"
1.51627760698204e-27,0.661927428662869,0.965,0.944,4.02359425788754e-23,"Homeostatic/regulatory fibroblasts","RPL35A"
6.07353298406085e-27,2.71027084605061,0.375,0.115,1.61167271265039e-22,"Homeostatic/regulatory fibroblasts","DAAM2"
3.67997157327451e-26,3.28856618492994,0.349,0.103,9.76517256684124e-22,"Homeostatic/regulatory fibroblasts","BMP4"
1.18393615348995e-25,4.29862392010981,0.211,0.018,3.14169297690094e-21,"Homeostatic/regulatory fibroblasts","PRLR"
5.13543277595428e-25,3.1924137223643,0.338,0.103,1.36273844142723e-20,"Homeostatic/regulatory fibroblasts","GADD45G"
1.15916089714626e-24,1.48456109134271,0.686,0.542,3.07594935666731e-20,"Homeostatic/regulatory fibroblasts","FGFR1"
3.19904899963177e-24,0.674278970444399,0.817,0.663,8.48899642542287e-20,"Homeostatic/regulatory fibroblasts","MALAT1"
1.25742917461673e-23,3.37620767781386,0.281,0.065,3.33671405776295e-19,"Homeostatic/regulatory fibroblasts","SLC5A3"
1.40468576608809e-23,3.61855538824004,0.266,0.057,3.72747414889134e-19,"Homeostatic/regulatory fibroblasts","BMP7"
1.44173253569076e-23,4.05032599652596,0.237,0.039,3.825781456709e-19,"Homeostatic/regulatory fibroblasts","PRDM1"
7.22447447060217e-23,4.07342006688957,0.194,0.018,1.91708654551899e-18,"Homeostatic/regulatory fibroblasts","NTRK3"
7.45770991306633e-22,3.34622959914728,0.266,0.062,1.97897790253128e-17,"Homeostatic/regulatory fibroblasts","ZDHHC14"
1.05363796554119e-21,3.62424299289008,0.27,0.067,2.7959337053601e-17,"Homeostatic/regulatory fibroblasts","HIST1H2BD"
1.76469930523768e-21,1.69789981487481,0.497,0.26,4.68280607637871e-17,"Homeostatic/regulatory fibroblasts","PTPRG"
2.13373707275259e-21,0.645223050403237,0.95,0.941,5.66208469625628e-17,"Homeostatic/regulatory fibroblasts","RPS27A"
2.83699580515157e-21,2.47667912094603,0.344,0.119,7.52825206855021e-17,"Homeostatic/regulatory fibroblasts","PLEKHH2"
2.95836360163936e-21,0.618938907284682,0.946,0.925,7.85031365331019e-17,"Homeostatic/regulatory fibroblasts","GNB2L1"
3.87230477922192e-21,4.2794854097734,0.192,0.023,1.02755479621433e-16,"Homeostatic/regulatory fibroblasts","GRIK1"
4.56325851769131e-21,0.602177794778769,0.969,0.949,1.21090628025457e-16,"Homeostatic/regulatory fibroblasts","RPL5"
8.8850795440071e-21,3.21726813668899,0.248,0.056,2.35774470779772e-16,"Homeostatic/regulatory fibroblasts","INHBB"
1.04681951449642e-20,0.884453531185963,0.826,0.751,2.7778402636677e-16,"Homeostatic/regulatory fibroblasts","NUCKS1"
2.24595505793334e-20,0.511979852499208,0.976,0.967,5.95986634173192e-16,"Homeostatic/regulatory fibroblasts","RPS13"
2.82864119152344e-20,0.446749975876299,0.989,0.985,7.50608226582661e-16,"Homeostatic/regulatory fibroblasts","RPL11"
4.69674424903724e-20,1.79588943527262,0.556,0.373,1.24632805392452e-15,"Homeostatic/regulatory fibroblasts","RUNX1T1"
9.54279629415425e-20,7.0407066816704,0.137,0.003,2.53227642461677e-15,"Homeostatic/regulatory fibroblasts","PCDH11X"
1.12401949028923e-19,0.923284233291227,0.782,0.771,2.98269811943151e-15,"Homeostatic/regulatory fibroblasts","RPL22"
1.70453731612279e-19,0.610385950222376,0.935,0.913,4.52316022206343e-15,"Homeostatic/regulatory fibroblasts","RPL6"
2.29325808180991e-19,1.75925277249922,0.643,0.517,6.08538964589077e-15,"Homeostatic/regulatory fibroblasts","LMO4"
2.66019172994889e-19,3.0319876902173,0.229,0.051,7.05908477459238e-15,"Homeostatic/regulatory fibroblasts","CENPW"
7.23963359521356e-19,0.574750493569841,0.967,0.941,1.92110917082587e-14,"Homeostatic/regulatory fibroblasts","RPL26"
2.5193716301118e-18,0.770695624220743,0.471,0.232,6.68540455766467e-14,"Homeostatic/regulatory fibroblasts","APCDD1"
1.06651542774535e-17,1.42169870941834,0.795,0.784,2.83010533906505e-13,"Homeostatic/regulatory fibroblasts","JUNB"
1.07162000004658e-17,3.08690847884716,0.235,0.061,2.84365083212361e-13,"Homeostatic/regulatory fibroblasts","IGFBP2"
1.78112403869405e-17,0.994350830074741,0.871,0.809,4.72639074907852e-13,"Homeostatic/regulatory fibroblasts","CXCL14"
1.12587075394463e-64,1.522811893766,0.996,0.841,2.98761063266746e-60,"Matrix-remodeling fibroblasts","IFITM3"
4.36508969995988e-56,2.72840480590029,0.699,0.205,1.15832020278135e-51,"Matrix-remodeling fibroblasts","CTSC"
1.27727966235783e-54,2.00472946935297,0.978,0.655,3.38938931203275e-50,"Matrix-remodeling fibroblasts","TIMP1"
4.56161560817197e-54,1.57432440610821,0.948,0.533,1.21047031778451e-49,"Matrix-remodeling fibroblasts","SERPINF1"
9.27559029798807e-50,1.55298878902848,0.956,0.57,2.46137064147411e-45,"Matrix-remodeling fibroblasts","IGFBP7"
1.14758953861491e-48,1.35497543281524,0.965,0.792,3.04524359966853e-44,"Matrix-remodeling fibroblasts","IFITM2"
4.24497584845677e-48,1.47213011310503,0.961,0.628,1.12644679114649e-43,"Matrix-remodeling fibroblasts","C1R"
4.84301120132597e-47,1.91679766789946,0.904,0.568,1.28514145238386e-42,"Matrix-remodeling fibroblasts","APOE"
1.86180536537049e-46,1.40552863818973,0.943,0.548,4.94048671754714e-42,"Matrix-remodeling fibroblasts","IGFBP4"
1.65065464116078e-43,1.3550516335573,0.926,0.515,4.38017715578425e-39,"Matrix-remodeling fibroblasts","C1S"
1.31913597564124e-40,1.26829313043913,0.493,0.1,3.5004592249616e-36,"Matrix-remodeling fibroblasts","CCL19"
2.07180523852252e-40,1.64362368785779,0.882,0.508,5.49774238094336e-36,"Matrix-remodeling fibroblasts","THY1"
3.90224484038941e-40,1.10662627465787,0.996,0.685,1.03549969084573e-35,"Matrix-remodeling fibroblasts","CST3"
1.94598843767718e-39,1.77507508714264,0.734,0.323,5.16387491822016e-35,"Matrix-remodeling fibroblasts","LGALS3BP"
7.65036914098381e-36,0.97725179935367,0.987,0.883,2.03010195525146e-31,"Matrix-remodeling fibroblasts","COL6A1"
4.12001579135057e-35,2.27109004040897,0.511,0.149,1.09328739039279e-30,"Matrix-remodeling fibroblasts","RARRES3"
6.968329018494e-35,1.68071670083178,0.751,0.326,1.84911578834757e-30,"Matrix-remodeling fibroblasts","PTGDS"
7.43756288854837e-35,2.58180080051153,0.52,0.162,1.9736316881052e-30,"Matrix-remodeling fibroblasts","NGFR"
6.19473701911959e-34,0.82810079865501,0.996,0.902,1.64383541539358e-29,"Matrix-remodeling fibroblasts","B2M"
1.83538587383001e-33,1.40573742967913,0.834,0.488,4.87037995479532e-29,"Matrix-remodeling fibroblasts","NNMT"
2.00059223662085e-33,1.03962023236928,0.961,0.725,5.30877155909708e-29,"Matrix-remodeling fibroblasts","HLA-A"
2.2345228109568e-31,1.52187411251867,0.755,0.409,5.92952973115496e-27,"Matrix-remodeling fibroblasts","RP11-25H12.1"
2.79071213953209e-31,2.52236815279586,0.463,0.122,7.40543373346235e-27,"Matrix-remodeling fibroblasts","HAS2"
7.12057900899612e-30,0.991945635445391,0.961,0.665,1.88951684582721e-25,"Matrix-remodeling fibroblasts","PCOLCE"
1.87142209414151e-29,0.765118900129444,1,0.891,4.9660056690139e-25,"Matrix-remodeling fibroblasts","COL6A2"
2.08980010453335e-29,2.32031735582299,0.437,0.119,5.54549355738969e-25,"Matrix-remodeling fibroblasts","BST2"
4.41198022232934e-29,1.35962226024874,0.598,0.219,1.17076307179731e-24,"Matrix-remodeling fibroblasts","COL15A1"
4.91975803471709e-29,0.99937851186434,0.917,0.684,1.30550699209253e-24,"Matrix-remodeling fibroblasts","SERPING1"
1.92848305864277e-27,1.19508447767441,0.76,0.358,5.11742264441445e-23,"Matrix-remodeling fibroblasts","SPRY1"
2.29418902453331e-27,1.88743717121898,0.515,0.177,6.08785999550158e-23,"Matrix-remodeling fibroblasts","CYGB"
2.32713281259504e-27,1.24984528796682,0.703,0.293,6.1752796315022e-23,"Matrix-remodeling fibroblasts","SOD3"
5.35089074138873e-27,1.6106887757544,0.734,0.389,1.41991236713491e-22,"Matrix-remodeling fibroblasts","COL18A1"
3.85263517858662e-26,0.745083998450016,0.996,0.95,1.02233527098975e-21,"Matrix-remodeling fibroblasts","TMSB10"
3.24060092739128e-25,0.518089249488479,1,0.983,8.5992586209255e-21,"Matrix-remodeling fibroblasts","TPT1"
3.53404614047753e-25,1.15769311383019,0.825,0.501,9.37794483837118e-21,"Matrix-remodeling fibroblasts","LY6E"
6.06874701869722e-25,0.928354181586236,0.926,0.717,1.6104027088815e-20,"Matrix-remodeling fibroblasts","COL6A3"
3.50397257191641e-24,0.804896316567942,0.952,0.747,9.29814161683739e-20,"Matrix-remodeling fibroblasts","S100A11"
4.0707423052506e-24,0.899060947929649,0.886,0.526,1.0802121781213e-19,"Matrix-remodeling fibroblasts","RARRES2"
4.83572822240688e-23,2.0446502176591,0.459,0.174,1.28320884109789e-18,"Matrix-remodeling fibroblasts","RTEL1-TNFRSF6B"
4.88881335287587e-22,0.60719486202955,0.987,0.886,1.29729551131914e-17,"Matrix-remodeling fibroblasts","CD63"
2.1946053463513e-21,1.5611689285305,0.376,0.107,5.8236047470778e-17,"Matrix-remodeling fibroblasts","STMN2"
3.68279314020393e-21,0.692735816405893,0.961,0.75,9.77265987684515e-17,"Matrix-remodeling fibroblasts","ATP5E"
3.97671877005725e-21,1.15785166864377,0.751,0.453,1.05526209282239e-16,"Matrix-remodeling fibroblasts","GGT5"
7.62940707131137e-21,1.63801403381269,0.515,0.225,2.02453946044319e-16,"Matrix-remodeling fibroblasts","FAM20C"
1.2785946882063e-20,1.49854867718934,0.502,0.214,3.39287886462423e-16,"Matrix-remodeling fibroblasts","C11orf96"
3.48885776748245e-20,2.20074803254447,0.349,0.107,9.25803297179142e-16,"Matrix-remodeling fibroblasts","FMO1"
4.52392940995554e-20,2.29955473794553,0.323,0.09,1.2004699082258e-15,"Matrix-remodeling fibroblasts","APOL1"
1.21635728210365e-19,1.01323307257974,0.821,0.553,3.22772568379026e-15,"Matrix-remodeling fibroblasts","EMILIN1"
1.22272110382928e-19,4.12557862942828,0.144,0.012,3.24461272112138e-15,"Matrix-remodeling fibroblasts","CHST1"
1.44604385248546e-19,1.44011343257905,0.546,0.25,3.83722196695542e-15,"Matrix-remodeling fibroblasts","COL4A1"
