"gene","program_membership_count"
"ARMC9",2
"BGN",2
"C1QTNF5",2
"C9orf16",2
"CD81",2
"COL3A1",2
"COL6A1",2
"COL6A2",2
"CPXM1",2
"ECM1",2
"EMILIN1",2
"MARCKS",2
"MDK",2
"MYL9",2
"NME1-NME2",2
"OLFML2B",2
"OST4",2
"PCOLCE",2
"PDLIM2",2
"PHPT1",2
"PPIB",2
"PPIC",2
"RCN3",2
"RPL37",2
"S100A8",2
"SERF2",2
"SERPINH1",2
"SFRP2",2
"TMSB10",2
"WISP2",2
"ZFP36L2",2
"ABCA10",1
"ABCA8",1
"ABHD14A",1
"ABI3BP",1
"AC005943.2",1
"AC007192.4",1
"AC090498.1",1
"ACAN",1
"ACKR1",1
"ACTA2",1
"ACTB",1
"ACTN1",1
"ACVRL1",1
"ADAM12",1
"ADAMTS14",1
"ADAMTS16",1
"ADAMTS2",1
"ADAMTS4",1
"ADAMTS6",1
"ADAMTS9-AS2",1
"ADGRA2",1
"ADGRB3",1
"ADH1B",1
"ADIRF",1
"AEBP1",1
"AHNAK2",1
"AHR",1
"AK1",1
"AKAP13",1
"ALDH18A1",1
"ALDH1A3",1
"ALDH1L2",1
"ALX4",1
"AMOTL1",1
"ANAPC11",1
"ANGPTL2",1
"ANKRD35",1
"ANO2",1
"ANPEP",1
"ANXA6",1
"AP000350.10",1
"AP2S1",1
"APCDD1",1
"APLNR",1
"APOBEC3C",1
"APOC1",1
"APOD",1
"APOE",1
"APOL1",1
"APRT",1
"ARF5",1
"ARFGAP1",1
"ARHGAP1",1
"ARHGAP10",1
"ARHGAP44",1
"ARHGEF28",1
"ARID5B",1
"ARL4C",1
"ARPC1B",1
"ASIP",1
"ASPN",1
"ATOX1",1
"ATP5D",1
"ATP5E",1
"ATP5G1",1
"ATP5J2",1
"AUTS2",1
"AVPR1A",1
"B2M",1
"B4GALNT1",1
"B4GALT2",1
"BASP1",1
"BBOX1-AS1",1
"BCL2",1
"BCL3",1
"BMP1",1
"BMP4",1
"BMP7",1
"BSG",1
"BST2",1
"BTF3",1
"BTG1",1
"BTN3A2",1
"C11orf24",1
"C11orf96",1
"C12orf75",1
"C17orf89",1
"C1QTNF3",1
"C1QTNF6",1
"C1R",1
"C1S",1
"C1orf122",1
"C1orf54",1
"C3",1
"C4orf3",1
"C4orf48",1
"C6orf48",1
"C7orf50",1
"CA8",1
"CACHD1",1
"CACNA1D",1
"CACNA2D3",1
"CADM1",1
"CADM3",1
"CAMK1D",1
"CAMK2N1",1
"CAPG",1
"CAPZB",1
"CBLB",1
"CCDC3",1
"CCL19",1
"CCL2",1
"CD248",1
"CD59",1
"CD63",1
"CD74",1
"CD99",1
"CDKN2A",1
"CEBPA",1
"CENPW",1
"CERCAM",1
"CFB",1
"CFH",1
"CFI",1
"CFL1",1
"CGREF1",1
"CHCHD10",1
"CHPF",1
"CHST1",1
"CHST6",1
"CILP2",1
"CIRBP",1
"CISD1",1
"CKAP4",1
"CLEC11A",1
"CLEC2B",1
"CMKLR1",1
"COL10A1",1
"COL11A1",1
"COL12A1",1
"COL14A1",1
"COL15A1",1
"COL16A1",1
"COL18A1",1
"COL1A1",1
"COL1A2",1
"COL23A1",1
"COL4A1",1
"COL4A2",1
"COL5A1",1
"COL5A2",1
"COL5A3",1
"COL6A3",1
"COL6A5",1
"COL6A6",1
"COL8A1",1
"COMP",1
"COPE",1
"COPG1",1
"COPZ2",1
"COTL1",1
"COX7C",1
"CPE",1
"CPXM2",1
"CRABP1",1
"CRABP2",1
"CREB3L1",1
"CRIP1",1
"CSRP2",1
"CST3",1
"CSTB",1
"CTC-479C5.12",1
"CTHRC1",1
"CTSB",1
"CTSC",1
"CTSD",1
"CTSK",1
"CTSZ",1
"CUEDC1",1
"CXCL12",1
"CXCL14",1
"CYB561",1
"CYBA",1
"CYGB",1
"CYP1B1",1
"CYSTM1",1
"DAAM2",1
"DAB2",1
"DAP",1
"DAPK1",1
"DAPK3",1
"DBN1",1
"DCC",1
"DCHS1",1
"DCN",1
"DHRS3",1
"DIO2",1
"DIO3",1
"DKK2",1
"DLL1",1
"DPM3",1
"DPP4",1
"DPT",1
"DRD4",1
"DTX1",1
"DYNLT1",1
"EBF1",1
"ECE1",1
"ECHS1",1
"EDIL3",1
"EDNRA",1
"EEF1A1",1
"EFEMP1",1
"EFEMP2",1
"EFHD1",1
"EGFLAM",1
"EHD2",1
"EIF1",1
"ELN",1
"ENAH",1
"ENTPD1",1
"EPHB3",1
"EVA1B",1
"EVL",1
"EYA4",1
"F13A1",1
"F2R",1
"FAM114A1",1
"FAM129A",1
"FAM20A",1
"FAM20C",1
"FAP",1
"FASTK",1
"FAU",1
"FBLIM1",1
"FBLN1",1
"FBLN2",1
"FBLN7",1
"FBN1",1
"FGD4",1
"FGFR1",1
"FGGY",1
"FGL2",1
"FHL3",1
"FIBIN",1
"FKBP10",1
"FKBP11",1
"FKBP14",1
"FKBP1A",1
"FKBP9",1
"FLNA",1
"FLNC",1
"FMO1",1
"FMO3",1
"FMOD",1
"FN1",1
"FNDC1",1
"FNTB",1
"FOXD1",1
"FOXO3",1
"FOXP1",1
"FOXP2",1
"FOXS1",1
"FREM1",1
"FSCN1",1
"FST",1
"FSTL1",1
"FTL",1
"FTX",1
"FXYD1",1
"GADD45A",1
"GADD45G",1
"GADD45GIP1",1
"GALNT15",1
"GAPDH",1
"GCN1",1
"GGT5",1
"GLI2",1
"GLIPR2",1
"GLTSCR2",1
"GMPPA",1
"GNB2L1",1
"GOLM1",1
"GPR78",1
"GPX1",1
"GPX8",1
"GRIK1",1
"GRIN2D",1
"GRN",1
"GSN",1
"GUCY1A3",1
"GXYLT2",1
"H2AFJ",1
"H3F3B",1
"H6PD",1
"HAS2",1
"HCFC1R1",1
"HDAC9",1
"HDLBP",1
"HEYL",1
"HIC1",1
"HIST1H2BD",1
"HIST1H2BG",1
"HIST1H2BJ",1
"HIST1H4C",1
"HIST2H2BE",1
"HLA-A",1
"HLA-B",1
"HLA-C",1
"HLA-DRA",1
"HM13",1
"HMCN1",1
"HMCN2",1
"HMGB1",1
"HNRNPA1",1
"HNRNPC",1
"HSD11B2",1
"HSP90AB1",1
"HSPA1A",1
"HSPA1B",1
"HSPG2",1
"HTRA1",1
"IDH2",1
"IER2",1
"IER3",1
"IFI16",1
"IFI27",1
"IFI27L2",1
"IFI6",1
"IFITM1",1
"IFITM2",1
"IFITM3",1
"IFT20",1
"IGF2",1
"IGFBP2",1
"IGFBP3",1
"IGFBP4",1
"IGFBP6",1
"IGFBP7",1
"IL11RA",1
"IL18BP",1
"IL1R1",1
"IL32",1
"IL6ST",1
"IMPDH1",1
"INAFM1",1
"INHBA",1
"INHBB",1
"INPPL1",1
"IRS2",1
"ISG15",1
"ISLR",1
"ISOC2",1
"ITGA10",1
"ITGA11",1
"ITGA8",1
"ITGB5",1
"ITGBL1",1
"JMJD1C",1
"JOSD2",1
"JUN",1
"JUNB",1
"KAZN",1
"KCNJ12",1
"KCNK6",1
"KCNMA1",1
"KCTD12",1
"KDELR2",1
"KDELR3",1
"KHDRBS3",1
"KIF26A",1
"KRT16",1
"KRTCAP2",1
"LAMA2",1
"LAMA3",1
"LAMA4",1
"LAMC3",1
"LAMTOR2",1
"LDLRAD3",1
"LGALS1",1
"LGALS3",1
"LGALS3BP",1
"LGALS9",1
"LINC-PINT",1
"LINC00578",1
"LMCD1",1
"LMO4",1
"LOX",1
"LRP1B",1
"LRRC15",1
"LRRC17",1
"LRRC32",1
"LRRN1",1
"LTBP4",1
"LTBR",1
"LUM",1
"LUZP2",1
"LY6E",1
"LZTS1",1
"MAGED1",1
"MALAT1",1
"MAN1C1",1
"MAP4K4",1
"MED8",1
"MEGF6",1
"METRN",1
"METRNL",1
"METTL7A",1
"MFAP2",1
"MICAL2",1
"MINOS1-NBL1",1
"MIR4435-2HG",1
"MIR99AHG",1
"MKLN1",1
"MMP2",1
"MRC2",1
"MRPL36",1
"MRPS21",1
"MRPS6",1
"MSC",1
"MT2A",1
"MUSTN1",1
"MVP",1
"MXRA5",1
"MXRA7",1
"MYCBP2",1
"MYDGF",1
"MYL6",1
"MYLIP",1
"NACA",1
"NAGK",1
"NAP1L1",1
"NBL1",1
"NCAM1",1
"NCS1",1
"NDUFA1",1
"NDUFA12",1
"NDUFB1",1
"NDUFB10",1
"NDUFB2",1
"NDUFS3",1
"NES",1
"NGFR",1
"NKAIN3",1
"NKD1",1
"NKD2",1
"NLGN1",1
"NME3",1
"NME4",1
"NNMT",1
"NOP10",1
"NOTCH3",1
"NPC2",1
"NPM3",1
"NPTX2",1
"NR2F2",1
"NR4A1",1
"NREP",1
"NRXN2",1
"NRXN3",1
"NT5DC2",1
"NTNG1",1
"NTRK1",1
"NTRK2",1
"NTRK3",1
"NUCB1",1
"NUCKS1",1
"OGN",1
"OLFM2",1
"OLFML3",1
"OPCML",1
"OPHN1",1
"OTUD7A",1
"P3H1",1
"P3H3",1
"P3H4",1
"P4HA2",1
"P4HA3",1
"P4HB",1
"PALLD",1
"PARK7",1
"PCDH11X",1
"PCED1A",1
"PCSK1N",1
"PDGFRL",1
"PDIA4",1
"PDLIM7",1
"PDS5B",1
"PDZRN4",1
"PER1",1
"PGM1",1
"PGM2L1",1
"PHLDA1",1
"PI16",1
"PIEZO2",1
"PIK3R1",1
"PKP4",1
"PLA2R1",1
"PLAC9",1
"PLAUR",1
"PLEKHA4",1
"PLEKHH2",1
"PLEKHO1",1
"PLOD1",1
"PLPP4",1
"PLXDC2",1
"PLXNA3",1
"PMP22",1
"PODN",1
"POLR2G",1
"POLR2L",1
"POSTN",1
"PPP1R14B",1
"PRAF2",1
"PRDM1",1
"PRDX4",1
"PREX2",1
"PRKCDBP",1
"PRKD1",1
"PRKG1",1
"PRLR",1
"PRRX1",1
"PRSS23",1
"PSENEN",1
"PSMB1",1
"PSMB3",1
"PSMB8",1
"PSMB9",1
"PSME1",1
"PSME2",1
"PTCH1",1
"PTGDS",1
"PTGFR",1
"PTMA",1
"PTN",1
"PTPRD",1
"PTPRG",1
"PTPRK",1
"PTPRT",1
"PYCR1",1
"QSOX1",1
"RAB13",1
"RAB15",1
"RABAC1",1
"RABGAP1L",1
"RAC3",1
"RAD51B",1
"RAP1GAP2",1
"RARRES2",1
"RARRES3",1
"RASD1",1
"RASL12",1
"RBP4",1
"RCN1",1
"RERE",1
"RHOB",1
"RHOC",1
"RND3",1
"ROBO2",1
"RP11-145A3.1",1
"RP11-25H12.1",1
"RP11-492E3.51",1
"RP11-69E11.4",1
"RP11-863P13.3",1
"RP5-1172A22.1",1
"RPL10A",1
"RPL11",1
"RPL12",1
"RPL13",1
"RPL13A",1
"RPL14",1
"RPL17-C18orf32",1
"RPL18",1
"RPL19",1
"RPL21",1
"RPL22",1
"RPL22L1",1
"RPL23",1
"RPL24",1
"RPL26",1
"RPL28",1
"RPL29",1
"RPL3",1
"RPL30",1
"RPL32",1
"RPL34",1
"RPL35",1
"RPL35A",1
"RPL36A",1
"RPL37A",1
"RPL38",1
"RPL4",1
"RPL5",1
"RPL6",1
"RPL7",1
"RPL9",1
"RPLP0",1
"RPS13",1
"RPS14",1
"RPS16",1
"RPS20",1
"RPS21",1
"RPS23",1
"RPS26",1
"RPS27",1
"RPS27A",1
"RPS3",1
"RPS3A",1
"RPS4X",1
"RPS5",1
"RPS6",1
"RPS8",1
"RPS9",1
"RRBP1",1
"RSPO3",1
"RTEL1-TNFRSF6B",1
"RUNX1T1",1
"RUNX3",1
"RYR2",1
"S100A11",1
"S100A13",1
"S100A9",1
"SAMHD1",1
"SCARF2",1
"SCUBE3",1
"SCX",1
"SDC1",1
"SDF4",1
"SEC24D",1
"SEC61A1",1
"SELM",1
"SEMA3B",1
"SEMA3C",1
"SEMA3G",1
"SEMA6B",1
"SEPT11",1
"SERPINA3",1
"SERPINE2",1
"SERPINF1",1
"SERPING1",1
"SFRP4",1
"SH3BGRL3",1
"SH3PXD2A",1
"SHISA4",1
"SHISA5",1
"SIK2",1
"SLC27A4",1
"SLC35F1",1
"SLC5A3",1
"SMCO4",1
"SMOC2",1
"SMTN",1
"SNED1",1
"SNF8",1
"SNHG8",1
"SNX8",1
"SOBP",1
"SOD3",1
"SON",1
"SORBS1",1
"SORCS2",1
"SOX18",1
"SPARC",1
"SPON2",1
"SPRY1",1
"SPTBN1",1
"SRA1",1
"SRPX",1
"SRPX2",1
"SSBP2",1
"SSC5D",1
"SSR3",1
"SSR4",1
"ST13",1
"ST6GALNAC6",1
"STAG1",1
"STMN2",1
"SUB1",1
"SULF1",1
"SULF2",1
"SUSD2",1
"SYNDIG1",1
"SYNE1",1
"SYNE3",1
"SYT7",1
"TAGLN",1
"TANC2",1
"TAPBP",1
"TBC1D1",1
"TCEAL2",1
"TCEB2",1
"TCF4",1
"TCF7L2",1
"TENM3",1
"TENM4",1
"TFAP2A",1
"TFPI",1
"TGFB1I1",1
"TGFB2",1
"TGFB3",1
"TGFBI",1
"THBS1",1
"THBS2",1
"THBS3",1
"THBS4",1
"THOC7",1
"THY1",1
"TIMP1",1
"TIMP3",1
"TMA7",1
"TMED3",1
"TMEM119",1
"TMEM173",1
"TMEM176A",1
"TMEM176B",1
"TMEM205",1
"TMEM208",1
"TMEM214",1
"TMEM219",1
"TMEM258",1
"TMEM98",1
"TMSB4X",1
"TNFAIP6",1
"TNFRSF12A",1
"TNFRSF1A",1
"TNFRSF9",1
"TNFSF10",1
"TNN",1
"TNRC6B",1
"TP53I13",1
"TP53I3",1
"TPM2",1
"TPM4",1
"TPST1",1
"TPT1",1
"TRAPPC1",1
"TRAPPC2L",1
"TRIM47",1
"TRPS1",1
"TSC22D1",1
"TSC22D3",1
"TSPAN13",1
"TSPAN4",1
"TTYH3",1
"TUBA1A",1
"TUBA1C",1
"TUBB2A",1
"TUBB2B",1
"TWIST1",1
"TYMP",1
"UBA52",1
"UBE2L6",1
"UCHL1",1
"UQCR10",1
"UQCR11",1
"UQCRQ",1
"UROD",1
"VAMP5",1
"VAT1",1
"VCAN",1
"VIM",1
"VKORC1",1
"VSNL1",1
"VTI1B",1
"WDFY2",1
"WDR86",1
"WIF1",1
"WNT5A",1
"XBP1",1
"XIST",1
"XPOT",1
"XXbac-BPG116M5.17",1
"XYLT1",1
"YIF1A",1
"YIF1B",1
"ZBTB20",1
"ZCCHC24",1
"ZDHHC14",1
"ZEB2",1
"ZFAS1",1
"ZMAT3",1
"ZNF469",1
