"program","gene","rank"
"ECM-producing fibroblasts","COL1A1",1
"ECM-producing fibroblasts","ASPN",2
"ECM-producing fibroblasts","SPARC",3
"ECM-producing fibroblasts","COMP",4
"ECM-producing fibroblasts","COL1A2",5
"ECM-producing fibroblasts","COL5A1",6
"ECM-producing fibroblasts","CILP2",7
"ECM-producing fibroblasts","CTHRC1",8
"ECM-producing fibroblasts","GXYLT2",9
"ECM-producing fibroblasts","FN1",10
"ECM-producing fibroblasts","COL3A1",11
"ECM-producing fibroblasts","CERCAM",12
"ECM-producing fibroblasts","HMCN2",13
"ECM-producing fibroblasts","COL8A1",14
"ECM-producing fibroblasts","COL16A1",15
"ECM-producing fibroblasts","NBL1",16
"ECM-producing fibroblasts","IGF2",17
"ECM-producing fibroblasts","COL12A1",18
"ECM-producing fibroblasts","ARL4C",19
"ECM-producing fibroblasts","RCN3",20
"ECM-producing fibroblasts","LRRC15",21
"ECM-producing fibroblasts","OGN",22
"ECM-producing fibroblasts","COL5A2",23
"ECM-producing fibroblasts","POSTN",24
"ECM-producing fibroblasts","AEBP1",25
"ECM-producing fibroblasts","GPR78",26
"ECM-producing fibroblasts","ADAM12",27
"ECM-producing fibroblasts","SSC5D",28
"ECM-producing fibroblasts","CREB3L1",29
"ECM-producing fibroblasts","ACAN",30
"ECM-producing fibroblasts","SFRP2",31
"ECM-producing fibroblasts","COL11A1",32
"ECM-producing fibroblasts","ZNF469",33
"ECM-producing fibroblasts","SERPINH1",34
"ECM-producing fibroblasts","NT5DC2",35
"ECM-producing fibroblasts","MDK",36
"ECM-producing fibroblasts","SFRP4",37
"ECM-producing fibroblasts","C1QTNF3",38
"ECM-producing fibroblasts","MMP2",39
"ECM-producing fibroblasts","LGALS1",40
"ECM-producing fibroblasts","CHPF",41
"ECM-producing fibroblasts","FNDC1",42
"ECM-producing fibroblasts","NREP",43
"ECM-producing fibroblasts","COL14A1",44
"ECM-producing fibroblasts","KCNMA1",45
"ECM-producing fibroblasts","HDLBP",46
"ECM-producing fibroblasts","COPZ2",47
"ECM-producing fibroblasts","MRC2",48
"ECM-producing fibroblasts","HTRA1",49
"ECM-producing fibroblasts","FOXP1",50
"ECM-producing fibroblasts","P3H4",51
"ECM-producing fibroblasts","PYCR1",52
"ECM-producing fibroblasts","PDLIM7",53
"ECM-producing fibroblasts","PLPP4",54
"ECM-producing fibroblasts","TAGLN",55
"ECM-producing fibroblasts","ANGPTL2",56
"ECM-producing fibroblasts","PIEZO2",57
"ECM-producing fibroblasts","THBS2",58
"ECM-producing fibroblasts","P4HA3",59
"ECM-producing fibroblasts","DPT",60
"ECM-producing fibroblasts","SEMA3B",61
"ECM-producing fibroblasts","FTL",62
"ECM-producing fibroblasts","SCX",63
"ECM-producing fibroblasts","SEPT11",64
"ECM-producing fibroblasts","BGN",65
"ECM-producing fibroblasts","TTYH3",66
"ECM-producing fibroblasts","ADAMTS2",67
"ECM-producing fibroblasts","CRABP2",68
"ECM-producing fibroblasts","COL6A2",69
"ECM-producing fibroblasts","SERF2",70
"ECM-producing fibroblasts","MFAP2",71
"ECM-producing fibroblasts","P3H3",72
"ECM-producing fibroblasts","BMP1",73
"ECM-producing fibroblasts","ELN",74
"ECM-producing fibroblasts","CSRP2",75
"ECM-producing fibroblasts","P3H1",76
"ECM-producing fibroblasts","CKAP4",77
"ECM-producing fibroblasts","HCFC1R1",78
"ECM-producing fibroblasts","ITGA11",79
"ECM-producing fibroblasts","TGFB3",80
"ECM-producing fibroblasts","GALNT15",81
"ECM-producing fibroblasts","UCHL1",82
"ECM-producing fibroblasts","SULF1",83
"ECM-producing fibroblasts","DRD4",84
"ECM-producing fibroblasts","CDKN2A",85
"ECM-producing fibroblasts","OLFML3",86
"ECM-producing fibroblasts","TNFRSF9",87
"ECM-producing fibroblasts","B4GALT2",88
"ECM-producing fibroblasts","BASP1",89
"ECM-producing fibroblasts","SPON2",90
"ECM-producing fibroblasts","FLNC",91
"ECM-producing fibroblasts","C1QTNF6",92
"ECM-producing fibroblasts","EPHB3",93
"ECM-producing fibroblasts","CUEDC1",94
"ECM-producing fibroblasts","MARCKS",95
"ECM-producing fibroblasts","P4HA2",96
"ECM-producing fibroblasts","ENAH",97
"ECM-producing fibroblasts","TNFRSF12A",98
"ECM-producing fibroblasts","FKBP10",99
"ECM-producing fibroblasts","ACTB",100
"ECM-producing fibroblasts","FIBIN",101
"ECM-producing fibroblasts","GOLM1",102
"ECM-producing fibroblasts","METRN",103
"ECM-producing fibroblasts","LOX",104
"ECM-producing fibroblasts","ATOX1",105
"ECM-producing fibroblasts","AK1",106
"ECM-producing fibroblasts","MYL9",107
"ECM-producing fibroblasts","HSPG2",108
"ECM-producing fibroblasts","P4HB",109
"ECM-producing fibroblasts","COL10A1",110
"ECM-producing fibroblasts","COL6A1",111
"ECM-producing fibroblasts","SORCS2",112
"ECM-producing fibroblasts","TSPAN13",113
"ECM-producing fibroblasts","KDELR3",114
"ECM-producing fibroblasts","FAM114A1",115
"ECM-producing fibroblasts","GRIN2D",116
"ECM-producing fibroblasts","DCHS1",117
"ECM-producing fibroblasts","CHST6",118
"ECM-producing fibroblasts","GLIPR2",119
"ECM-producing fibroblasts","PALLD",120
"ECM-producing fibroblasts","ARFGAP1",121
"ECM-producing fibroblasts","RP11-145A3.1",122
"ECM-producing fibroblasts","THBS1",123
"ECM-producing fibroblasts","FBN1",124
"ECM-producing fibroblasts","ZMAT3",125
"ECM-producing fibroblasts","CGREF1",126
"ECM-producing fibroblasts","HMCN1",127
"ECM-producing fibroblasts","ISLR",128
"ECM-producing fibroblasts","MEGF6",129
"ECM-producing fibroblasts","DPP4",130
"ECM-producing fibroblasts","SCARF2",131
"ECM-producing fibroblasts","RCN1",132
"ECM-producing fibroblasts","TMEM214",133
"ECM-producing fibroblasts","FAP",134
"ECM-producing fibroblasts","CPXM1",135
"ECM-producing fibroblasts","ADAMTS6",136
"ECM-producing fibroblasts","RRBP1",137
"ECM-producing fibroblasts","GMPPA",138
"ECM-producing fibroblasts","ITGBL1",139
"ECM-producing fibroblasts","OPCML",140
"ECM-producing fibroblasts","SNX8",141
"ECM-producing fibroblasts","ACTA2",142
"ECM-producing fibroblasts","EHD2",143
"ECM-producing fibroblasts","PLOD1",144
"ECM-producing fibroblasts","MXRA5",145
"ECM-producing fibroblasts","SULF2",146
"ECM-producing fibroblasts","ITGA10",147
"ECM-producing fibroblasts","C7orf50",148
"ECM-producing fibroblasts","ADAMTS14",149
"ECM-producing fibroblasts","PPP1R14B",150
"ECM-producing fibroblasts","PPIB",151
"ECM-producing fibroblasts","WISP2",152
"ECM-producing fibroblasts","FLNA",153
"ECM-producing fibroblasts","MAGED1",154
"ECM-producing fibroblasts","OST4",155
"ECM-producing fibroblasts","RYR2",156
"ECM-producing fibroblasts","PRDX4",157
"ECM-producing fibroblasts","YIF1B",158
"ECM-producing fibroblasts","ARHGAP1",159
"ECM-producing fibroblasts","LRRN1",160
"ECM-producing fibroblasts","CAPZB",161
"ECM-producing fibroblasts","FBLN1",162
"ECM-producing fibroblasts","VKORC1",163
"ECM-producing fibroblasts","FGGY",164
"ECM-producing fibroblasts","C1orf122",165
"ECM-producing fibroblasts","EDIL3",166
"ECM-producing fibroblasts","DBN1",167
"ECM-producing fibroblasts","TENM3",168
"ECM-producing fibroblasts","NME1-NME2",169
"ECM-producing fibroblasts","PPIC",170
"ECM-producing fibroblasts","FKBP11",171
"ECM-producing fibroblasts","PDLIM2",172
"ECM-producing fibroblasts","IFT20",173
"ECM-producing fibroblasts","MICAL2",174
"ECM-producing fibroblasts","NAGK",175
"ECM-producing fibroblasts","RP5-1172A22.1",176
"ECM-producing fibroblasts","PDZRN4",177
"ECM-producing fibroblasts","RBP4",178
"ECM-producing fibroblasts","ADAMTS16",179
"ECM-producing fibroblasts","PTN",180
"ECM-producing fibroblasts","C11orf24",181
"ECM-producing fibroblasts","TMEM208",182
"ECM-producing fibroblasts","NKAIN3",183
"ECM-producing fibroblasts","MIR99AHG",184
"ECM-producing fibroblasts","KDELR2",185
"ECM-producing fibroblasts","DAPK3",186
"ECM-producing fibroblasts","PDGFRL",187
"ECM-producing fibroblasts","EVL",188
"ECM-producing fibroblasts","LRRC32",189
"ECM-producing fibroblasts","COTL1",190
"ECM-producing fibroblasts","KCNK6",191
"ECM-producing fibroblasts","TBC1D1",192
"ECM-producing fibroblasts","ARMC9",193
"ECM-producing fibroblasts","B4GALNT1",194
"ECM-producing fibroblasts","THBS3",195
"ECM-producing fibroblasts","SYNDIG1",196
"ECM-producing fibroblasts","TNFAIP6",197
"ECM-producing fibroblasts","PLXDC2",198
"ECM-producing fibroblasts","CADM1",199
"ECM-producing fibroblasts","IGFBP6",200
"ECM-producing fibroblasts","TUBA1C",201
"ECM-producing fibroblasts","CYB561",202
"ECM-producing fibroblasts","SEC24D",203
"ECM-producing fibroblasts","SSR4",204
"ECM-producing fibroblasts","TPM2",205
"ECM-producing fibroblasts","PCOLCE",206
"ECM-producing fibroblasts","SNF8",207
"ECM-producing fibroblasts","SMTN",208
"ECM-producing fibroblasts","ALDH1L2",209
"ECM-producing fibroblasts","YIF1A",210
"ECM-producing fibroblasts","TMSB10",211
"ECM-producing fibroblasts","PHPT1",212
"ECM-producing fibroblasts","EFEMP2",213
"ECM-producing fibroblasts","SRA1",214
"ECM-producing fibroblasts","ECM1",215
"ECM-producing fibroblasts","TMED3",216
"ECM-producing fibroblasts","PLAUR",217
"ECM-producing fibroblasts","NCS1",218
"ECM-producing fibroblasts","IDH2",219
"ECM-producing fibroblasts","SMCO4",220
"ECM-producing fibroblasts","FKBP14",221
"ECM-producing fibroblasts","TUBB2B",222
"ECM-producing fibroblasts","TP53I3",223
"ECM-producing fibroblasts","MYL6",224
"ECM-producing fibroblasts","TUBA1A",225
"ECM-producing fibroblasts","C12orf75",226
"ECM-producing fibroblasts","RAC3",227
"ECM-producing fibroblasts","DAP",228
"ECM-producing fibroblasts","MINOS1-NBL1",229
"ECM-producing fibroblasts","RABAC1",230
"ECM-producing fibroblasts","PGM1",231
"ECM-producing fibroblasts","RAD51B",232
"ECM-producing fibroblasts","IMPDH1",233
"ECM-producing fibroblasts","OLFML2B",234
"ECM-producing fibroblasts","VSNL1",235
"ECM-producing fibroblasts","NPTX2",236
"ECM-producing fibroblasts","SDC1",237
"ECM-producing fibroblasts","KRT16",238
"ECM-producing fibroblasts","PTPRD",239
"ECM-producing fibroblasts","TP53I13",240
"ECM-producing fibroblasts","ADAMTS4",241
"ECM-producing fibroblasts","MED8",242
"ECM-producing fibroblasts","SEMA3C",243
"ECM-producing fibroblasts","VAT1",244
"ECM-producing fibroblasts","MYDGF",245
"ECM-producing fibroblasts","LMCD1",246
"ECM-producing fibroblasts","QSOX1",247
"ECM-producing fibroblasts","ITGB5",248
"ECM-producing fibroblasts","BBOX1-AS1",249
"ECM-producing fibroblasts","GPX8",250
"ECM-producing fibroblasts","TGFB1I1",251
"ECM-producing fibroblasts","KCNJ12",252
"ECM-producing fibroblasts","S100A9",253
"ECM-producing fibroblasts","C1QTNF5",254
"ECM-producing fibroblasts","FAM129A",255
"ECM-producing fibroblasts","SDF4",256
"ECM-producing fibroblasts","ALDH18A1",257
"ECM-producing fibroblasts","C9orf16",258
"ECM-producing fibroblasts","METRNL",259
"ECM-producing fibroblasts","FNTB",260
"ECM-producing fibroblasts","PODN",261
"ECM-producing fibroblasts","ACKR1",262
"ECM-producing fibroblasts","RP11-863P13.3",263
"ECM-producing fibroblasts","EMILIN1",264
"ECM-producing fibroblasts","TANC2",265
"ECM-producing fibroblasts","NME4",266
"ECM-producing fibroblasts","FKBP9",267
"ECM-producing fibroblasts","PLXNA3",268
"ECM-producing fibroblasts","XPOT",269
"ECM-producing fibroblasts","PLEKHO1",270
"ECM-producing fibroblasts","TUBB2A",271
"ECM-producing fibroblasts","SRPX2",272
"ECM-producing fibroblasts","CAMK1D",273
"ECM-producing fibroblasts","S100A8",274
"ECM-producing fibroblasts","LRRC17",275
"ECM-producing fibroblasts","COPE",276
"ECM-producing fibroblasts","DHRS3",277
"ECM-producing fibroblasts","FASTK",278
"ECM-producing fibroblasts","RP11-492E3.51",279
"ECM-producing fibroblasts","ACTN1",280
"ECM-producing fibroblasts","HM13",281
"ECM-producing fibroblasts","EYA4",282
"ECM-producing fibroblasts","FHL3",283
"ECM-producing fibroblasts","CAPG",284
"ECM-producing fibroblasts","XBP1",285
"ECM-producing fibroblasts","AHNAK2",286
"ECM-producing fibroblasts","SH3PXD2A",287
"ECM-producing fibroblasts","COPG1",288
"ECM-producing fibroblasts","CD99",289
"ECM-producing fibroblasts","SEC61A1",290
"ECM-producing fibroblasts","JOSD2",291
"ECM-producing fibroblasts","FST",292
"ECM-producing fibroblasts","INPPL1",293
"ECM-producing fibroblasts","TPM4",294
"ECM-producing fibroblasts","SHISA4",295
"ECM-producing fibroblasts","HLA-DRA",296
"ECM-producing fibroblasts","SSR3",297
"ECM-producing fibroblasts","GCN1",298
"ECM-producing fibroblasts","RAB15",299
"ECM-producing fibroblasts","FSCN1",300
"Homeostatic/regulatory fibroblasts","PTMA",1
"Homeostatic/regulatory fibroblasts","H3F3B",2
"Homeostatic/regulatory fibroblasts","TCF4",3
"Homeostatic/regulatory fibroblasts","TIMP3",4
"Homeostatic/regulatory fibroblasts","LAMC3",5
"Homeostatic/regulatory fibroblasts","ALX4",6
"Homeostatic/regulatory fibroblasts","SEMA3G",7
"Homeostatic/regulatory fibroblasts","COL23A1",8
"Homeostatic/regulatory fibroblasts","TFAP2A",9
"Homeostatic/regulatory fibroblasts","BCL2",10
"Homeostatic/regulatory fibroblasts","SLC35F1",11
"Homeostatic/regulatory fibroblasts","IGFBP3",12
"Homeostatic/regulatory fibroblasts","TRPS1",13
"Homeostatic/regulatory fibroblasts","RPL34",14
"Homeostatic/regulatory fibroblasts","SERPINE2",15
"Homeostatic/regulatory fibroblasts","PTCH1",16
"Homeostatic/regulatory fibroblasts","RPL35A",17
"Homeostatic/regulatory fibroblasts","DAAM2",18
"Homeostatic/regulatory fibroblasts","BMP4",19
"Homeostatic/regulatory fibroblasts","PRLR",20
"Homeostatic/regulatory fibroblasts","GADD45G",21
"Homeostatic/regulatory fibroblasts","FGFR1",22
"Homeostatic/regulatory fibroblasts","MALAT1",23
"Homeostatic/regulatory fibroblasts","SLC5A3",24
"Homeostatic/regulatory fibroblasts","BMP7",25
"Homeostatic/regulatory fibroblasts","PRDM1",26
"Homeostatic/regulatory fibroblasts","NTRK3",27
"Homeostatic/regulatory fibroblasts","ZDHHC14",28
"Homeostatic/regulatory fibroblasts","HIST1H2BD",29
"Homeostatic/regulatory fibroblasts","PTPRG",30
"Homeostatic/regulatory fibroblasts","RPS27A",31
"Homeostatic/regulatory fibroblasts","PLEKHH2",32
"Homeostatic/regulatory fibroblasts","GNB2L1",33
"Homeostatic/regulatory fibroblasts","GRIK1",34
"Homeostatic/regulatory fibroblasts","RPL5",35
"Homeostatic/regulatory fibroblasts","INHBB",36
"Homeostatic/regulatory fibroblasts","NUCKS1",37
"Homeostatic/regulatory fibroblasts","RPS13",38
"Homeostatic/regulatory fibroblasts","RPL11",39
"Homeostatic/regulatory fibroblasts","RUNX1T1",40
"Homeostatic/regulatory fibroblasts","PCDH11X",41
"Homeostatic/regulatory fibroblasts","RPL22",42
"Homeostatic/regulatory fibroblasts","RPL6",43
"Homeostatic/regulatory fibroblasts","LMO4",44
"Homeostatic/regulatory fibroblasts","CENPW",45
"Homeostatic/regulatory fibroblasts","RPL26",46
"Homeostatic/regulatory fibroblasts","APCDD1",47
"Homeostatic/regulatory fibroblasts","JUNB",48
"Homeostatic/regulatory fibroblasts","IGFBP2",49
"Homeostatic/regulatory fibroblasts","CXCL14",50
"Homeostatic/regulatory fibroblasts","EFHD1",51
"Homeostatic/regulatory fibroblasts","RPL13",52
"Homeostatic/regulatory fibroblasts","TWIST1",53
"Homeostatic/regulatory fibroblasts","ROBO2",54
"Homeostatic/regulatory fibroblasts","NLGN1",55
"Homeostatic/regulatory fibroblasts","RPL12",56
"Homeostatic/regulatory fibroblasts","VIM",57
"Homeostatic/regulatory fibroblasts","FOXD1",58
"Homeostatic/regulatory fibroblasts","BTF3",59
"Homeostatic/regulatory fibroblasts","FAU",60
"Homeostatic/regulatory fibroblasts","HMGB1",61
"Homeostatic/regulatory fibroblasts","WIF1",62
"Homeostatic/regulatory fibroblasts","CBLB",63
"Homeostatic/regulatory fibroblasts","ANO2",64
"Homeostatic/regulatory fibroblasts","ZBTB20",65
"Homeostatic/regulatory fibroblasts","EIF1",66
"Homeostatic/regulatory fibroblasts","INHBA",67
"Homeostatic/regulatory fibroblasts","CEBPA",68
"Homeostatic/regulatory fibroblasts","MYLIP",69
"Homeostatic/regulatory fibroblasts","DIO2",70
"Homeostatic/regulatory fibroblasts","DKK2",71
"Homeostatic/regulatory fibroblasts","CD81",72
"Homeostatic/regulatory fibroblasts","PCSK1N",73
"Homeostatic/regulatory fibroblasts","ARID5B",74
"Homeostatic/regulatory fibroblasts","ZFP36L2",75
"Homeostatic/regulatory fibroblasts","PRKG1",76
"Homeostatic/regulatory fibroblasts","ARHGEF28",77
"Homeostatic/regulatory fibroblasts","RPL19",78
"Homeostatic/regulatory fibroblasts","RPL4",79
"Homeostatic/regulatory fibroblasts","RPS23",80
"Homeostatic/regulatory fibroblasts","PHLDA1",81
"Homeostatic/regulatory fibroblasts","DCC",82
"Homeostatic/regulatory fibroblasts","ADH1B",83
"Homeostatic/regulatory fibroblasts","NKD1",84
"Homeostatic/regulatory fibroblasts","JMJD1C",85
"Homeostatic/regulatory fibroblasts","RPL9",86
"Homeostatic/regulatory fibroblasts","RND3",87
"Homeostatic/regulatory fibroblasts","RPS4X",88
"Homeostatic/regulatory fibroblasts","IER2",89
"Homeostatic/regulatory fibroblasts","CIRBP",90
"Homeostatic/regulatory fibroblasts","ADGRB3",91
"Homeostatic/regulatory fibroblasts","EBF1",92
"Homeostatic/regulatory fibroblasts","TCF7L2",93
"Homeostatic/regulatory fibroblasts","LUZP2",94
"Homeostatic/regulatory fibroblasts","RPS6",95
"Homeostatic/regulatory fibroblasts","PREX2",96
"Homeostatic/regulatory fibroblasts","LAMA3",97
"Homeostatic/regulatory fibroblasts","NACA",98
"Homeostatic/regulatory fibroblasts","RPL24",99
"Homeostatic/regulatory fibroblasts","RASD1",100
"Homeostatic/regulatory fibroblasts","RPL38",101
"Homeostatic/regulatory fibroblasts","AVPR1A",102
"Homeostatic/regulatory fibroblasts","HIST2H2BE",103
"Homeostatic/regulatory fibroblasts","LINC-PINT",104
"Homeostatic/regulatory fibroblasts","RPL30",105
"Homeostatic/regulatory fibroblasts","JUN",106
"Homeostatic/regulatory fibroblasts","RPL7",107
"Homeostatic/regulatory fibroblasts","TSC22D1",108
"Homeostatic/regulatory fibroblasts","RUNX3",109
"Homeostatic/regulatory fibroblasts","HNRNPA1",110
"Homeostatic/regulatory fibroblasts","PGM2L1",111
"Homeostatic/regulatory fibroblasts","FOXO3",112
"Homeostatic/regulatory fibroblasts","MRPS6",113
"Homeostatic/regulatory fibroblasts","HSPA1B",114
"Homeostatic/regulatory fibroblasts","ITGA8",115
"Homeostatic/regulatory fibroblasts","HSP90AB1",116
"Homeostatic/regulatory fibroblasts","HIST1H2BG",117
"Homeostatic/regulatory fibroblasts","MKLN1",118
"Homeostatic/regulatory fibroblasts","CPE",119
"Homeostatic/regulatory fibroblasts","ZEB2",120
"Homeostatic/regulatory fibroblasts","ADAMTS9-AS2",121
"Homeostatic/regulatory fibroblasts","CA8",122
"Homeostatic/regulatory fibroblasts","ARHGAP10",123
"Homeostatic/regulatory fibroblasts","MYCBP2",124
"Homeostatic/regulatory fibroblasts","OTUD7A",125
"Homeostatic/regulatory fibroblasts","ADIRF",126
"Homeostatic/regulatory fibroblasts","RPS3A",127
"Homeostatic/regulatory fibroblasts","IRS2",128
"Homeostatic/regulatory fibroblasts","NTNG1",129
"Homeostatic/regulatory fibroblasts","RAP1GAP2",130
"Homeostatic/regulatory fibroblasts","HIST1H2BJ",131
"Homeostatic/regulatory fibroblasts","CRABP1",132
"Homeostatic/regulatory fibroblasts","GLTSCR2",133
"Homeostatic/regulatory fibroblasts","RPL14",134
"Homeostatic/regulatory fibroblasts","ARHGAP44",135
"Homeostatic/regulatory fibroblasts","RPL13A",136
"Homeostatic/regulatory fibroblasts","TCEAL2",137
"Homeostatic/regulatory fibroblasts","RPL3",138
"Homeostatic/regulatory fibroblasts","RPL37A",139
"Homeostatic/regulatory fibroblasts","BTG1",140
"Homeostatic/regulatory fibroblasts","SCUBE3",141
"Homeostatic/regulatory fibroblasts","EEF1A1",142
"Homeostatic/regulatory fibroblasts","SNED1",143
"Homeostatic/regulatory fibroblasts","EGFLAM",144
"Homeostatic/regulatory fibroblasts","WNT5A",145
"Homeostatic/regulatory fibroblasts","RPL10A",146
"Homeostatic/regulatory fibroblasts","XYLT1",147
"Homeostatic/regulatory fibroblasts","RPS14",148
"Homeostatic/regulatory fibroblasts","LRP1B",149
"Homeostatic/regulatory fibroblasts","TGFB2",150
"Homeostatic/regulatory fibroblasts","RSPO3",151
"Homeostatic/regulatory fibroblasts","GLI2",152
"Homeostatic/regulatory fibroblasts","RPL18",153
"Homeostatic/regulatory fibroblasts","PI16",154
"Homeostatic/regulatory fibroblasts","FTX",155
"Homeostatic/regulatory fibroblasts","SNHG8",156
"Homeostatic/regulatory fibroblasts","CACNA1D",157
"Homeostatic/regulatory fibroblasts","RPL32",158
"Homeostatic/regulatory fibroblasts","IER3",159
"Homeostatic/regulatory fibroblasts","RPL23",160
"Homeostatic/regulatory fibroblasts","RPL17-C18orf32",161
"Homeostatic/regulatory fibroblasts","PTPRK",162
"Homeostatic/regulatory fibroblasts","SOBP",163
"Homeostatic/regulatory fibroblasts","CADM3",164
"Homeostatic/regulatory fibroblasts","RPS5",165
"Homeostatic/regulatory fibroblasts","RPS8",166
"Homeostatic/regulatory fibroblasts","PKP4",167
"Homeostatic/regulatory fibroblasts","RPL21",168
"Homeostatic/regulatory fibroblasts","LAMA2",169
"Homeostatic/regulatory fibroblasts","SORBS1",170
"Homeostatic/regulatory fibroblasts","SYNE3",171
"Homeostatic/regulatory fibroblasts","GSN",172
"Homeostatic/regulatory fibroblasts","RHOB",173
"Homeostatic/regulatory fibroblasts","NCAM1",174
"Homeostatic/regulatory fibroblasts","RERE",175
"Homeostatic/regulatory fibroblasts","PIK3R1",176
"Homeostatic/regulatory fibroblasts","RPS27",177
"Homeostatic/regulatory fibroblasts","HSPA1A",178
"Homeostatic/regulatory fibroblasts","LTBP4",179
"Homeostatic/regulatory fibroblasts","ECE1",180
"Homeostatic/regulatory fibroblasts","PRKD1",181
"Homeostatic/regulatory fibroblasts","WDR86",182
"Homeostatic/regulatory fibroblasts","PTPRT",183
"Homeostatic/regulatory fibroblasts","KIF26A",184
"Homeostatic/regulatory fibroblasts","ASIP",185
"Homeostatic/regulatory fibroblasts","PRRX1",186
"Homeostatic/regulatory fibroblasts","ABCA10",187
"Homeostatic/regulatory fibroblasts","SSBP2",188
"Homeostatic/regulatory fibroblasts","DAPK1",189
"Homeostatic/regulatory fibroblasts","TSC22D3",190
"Homeostatic/regulatory fibroblasts","FREM1",191
"Homeostatic/regulatory fibroblasts","EDNRA",192
"Homeostatic/regulatory fibroblasts","NTRK2",193
"Homeostatic/regulatory fibroblasts","LINC00578",194
"Homeostatic/regulatory fibroblasts","PTGFR",195
"Homeostatic/regulatory fibroblasts","LDLRAD3",196
"Homeostatic/regulatory fibroblasts","PLA2R1",197
"Homeostatic/regulatory fibroblasts","CACHD1",198
"Homeostatic/regulatory fibroblasts","WDFY2",199
"Homeostatic/regulatory fibroblasts","DTX1",200
"Homeostatic/regulatory fibroblasts","PER1",201
"Homeostatic/regulatory fibroblasts","NRXN3",202
"Homeostatic/regulatory fibroblasts","KAZN",203
"Homeostatic/regulatory fibroblasts","NAP1L1",204
"Homeostatic/regulatory fibroblasts","RPS20",205
"Homeostatic/regulatory fibroblasts","AMOTL1",206
"Homeostatic/regulatory fibroblasts","ZFAS1",207
"Homeostatic/regulatory fibroblasts","CACNA2D3",208
"Homeostatic/regulatory fibroblasts","DIO3",209
"Homeostatic/regulatory fibroblasts","RPS9",210
"Homeostatic/regulatory fibroblasts","AUTS2",211
"Homeostatic/regulatory fibroblasts","ABCA8",212
"Homeostatic/regulatory fibroblasts","OPHN1",213
"Homeostatic/regulatory fibroblasts","FOXP2",214
"Homeostatic/regulatory fibroblasts","SOX18",215
"Homeostatic/regulatory fibroblasts","PDS5B",216
"Homeostatic/regulatory fibroblasts","RPS21",217
"Homeostatic/regulatory fibroblasts","DLL1",218
"Homeostatic/regulatory fibroblasts","SYNE1",219
"Homeostatic/regulatory fibroblasts","SON",220
"Homeostatic/regulatory fibroblasts","STAG1",221
"Homeostatic/regulatory fibroblasts","HIST1H4C",222
"Homeostatic/regulatory fibroblasts","XIST",223
"Homeostatic/regulatory fibroblasts","SIK2",224
"Homeostatic/regulatory fibroblasts","APOD",225
"Homeostatic/regulatory fibroblasts","TNN",226
"Homeostatic/regulatory fibroblasts","FGD4",227
"Homeostatic/regulatory fibroblasts","AKAP13",228
"Homeostatic/regulatory fibroblasts","NES",229
"Homeostatic/regulatory fibroblasts","HDAC9",230
"Homeostatic/regulatory fibroblasts","RPL37",231
"Homeostatic/regulatory fibroblasts","ST13",232
"Homeostatic/regulatory fibroblasts","CCDC3",233
"Homeostatic/regulatory fibroblasts","MUSTN1",234
"Homeostatic/regulatory fibroblasts","RPS16",235
"Homeostatic/regulatory fibroblasts","C6orf48",236
"Homeostatic/regulatory fibroblasts","TNRC6B",237
"Homeostatic/regulatory fibroblasts","RPS3",238
"Homeostatic/regulatory fibroblasts","NR4A1",239
"Homeostatic/regulatory fibroblasts","F2R",240
"Homeostatic/regulatory fibroblasts","TPST1",241
"Homeostatic/regulatory fibroblasts","RPL36A",242
"Homeostatic/regulatory fibroblasts","ENTPD1",243
"Homeostatic/regulatory fibroblasts","RABGAP1L",244
"Matrix-remodeling fibroblasts","IFITM3",1
"Matrix-remodeling fibroblasts","CTSC",2
"Matrix-remodeling fibroblasts","TIMP1",3
"Matrix-remodeling fibroblasts","SERPINF1",4
"Matrix-remodeling fibroblasts","IGFBP7",5
"Matrix-remodeling fibroblasts","IFITM2",6
"Matrix-remodeling fibroblasts","C1R",7
"Matrix-remodeling fibroblasts","APOE",8
"Matrix-remodeling fibroblasts","IGFBP4",9
"Matrix-remodeling fibroblasts","C1S",10
"Matrix-remodeling fibroblasts","CCL19",11
"Matrix-remodeling fibroblasts","THY1",12
"Matrix-remodeling fibroblasts","CST3",13
"Matrix-remodeling fibroblasts","LGALS3BP",14
"Matrix-remodeling fibroblasts","COL6A1",15
"Matrix-remodeling fibroblasts","RARRES3",16
"Matrix-remodeling fibroblasts","PTGDS",17
"Matrix-remodeling fibroblasts","NGFR",18
"Matrix-remodeling fibroblasts","B2M",19
"Matrix-remodeling fibroblasts","NNMT",20
"Matrix-remodeling fibroblasts","HLA-A",21
"Matrix-remodeling fibroblasts","RP11-25H12.1",22
"Matrix-remodeling fibroblasts","HAS2",23
"Matrix-remodeling fibroblasts","PCOLCE",24
"Matrix-remodeling fibroblasts","COL6A2",25
"Matrix-remodeling fibroblasts","BST2",26
"Matrix-remodeling fibroblasts","COL15A1",27
"Matrix-remodeling fibroblasts","SERPING1",28
"Matrix-remodeling fibroblasts","SPRY1",29
"Matrix-remodeling fibroblasts","CYGB",30
"Matrix-remodeling fibroblasts","SOD3",31
"Matrix-remodeling fibroblasts","COL18A1",32
"Matrix-remodeling fibroblasts","TMSB10",33
"Matrix-remodeling fibroblasts","TPT1",34
"Matrix-remodeling fibroblasts","LY6E",35
"Matrix-remodeling fibroblasts","COL6A3",36
"Matrix-remodeling fibroblasts","S100A11",37
"Matrix-remodeling fibroblasts","RARRES2",38
"Matrix-remodeling fibroblasts","RTEL1-TNFRSF6B",39
"Matrix-remodeling fibroblasts","CD63",40
"Matrix-remodeling fibroblasts","STMN2",41
"Matrix-remodeling fibroblasts","ATP5E",42
"Matrix-remodeling fibroblasts","GGT5",43
"Matrix-remodeling fibroblasts","FAM20C",44
"Matrix-remodeling fibroblasts","C11orf96",45
"Matrix-remodeling fibroblasts","FMO1",46
"Matrix-remodeling fibroblasts","APOL1",47
"Matrix-remodeling fibroblasts","EMILIN1",48
"Matrix-remodeling fibroblasts","CHST1",49
"Matrix-remodeling fibroblasts","COL4A1",50
"Matrix-remodeling fibroblasts","DAB2",51
"Matrix-remodeling fibroblasts","THBS4",52
"Matrix-remodeling fibroblasts","TMEM176A",53
"Matrix-remodeling fibroblasts","COL4A2",54
"Matrix-remodeling fibroblasts","SEMA6B",55
"Matrix-remodeling fibroblasts","RPS26",56
"Matrix-remodeling fibroblasts","IFITM1",57
"Matrix-remodeling fibroblasts","VCAN",58
"Matrix-remodeling fibroblasts","SH3BGRL3",59
"Matrix-remodeling fibroblasts","HEYL",60
"Matrix-remodeling fibroblasts","DCN",61
"Matrix-remodeling fibroblasts","NOTCH3",62
"Matrix-remodeling fibroblasts","NRXN2",63
"Matrix-remodeling fibroblasts","EFEMP1",64
"Matrix-remodeling fibroblasts","ALDH1A3",65
"Matrix-remodeling fibroblasts","PPIB",66
"Matrix-remodeling fibroblasts","AHR",67
"Matrix-remodeling fibroblasts","HLA-B",68
"Matrix-remodeling fibroblasts","GAPDH",69
"Matrix-remodeling fibroblasts","NTRK1",70
"Matrix-remodeling fibroblasts","COX7C",71
"Matrix-remodeling fibroblasts","SERF2",72
"Matrix-remodeling fibroblasts","FAM20A",73
"Matrix-remodeling fibroblasts","FOXS1",74
"Matrix-remodeling fibroblasts","LGALS3",75
"Matrix-remodeling fibroblasts","CAMK2N1",76
"Matrix-remodeling fibroblasts","UROD",77
"Matrix-remodeling fibroblasts","IFI27L2",78
"Matrix-remodeling fibroblasts","RAB13",79
"Matrix-remodeling fibroblasts","COL3A1",80
"Matrix-remodeling fibroblasts","CCL2",81
"Matrix-remodeling fibroblasts","INAFM1",82
"Matrix-remodeling fibroblasts","NPC2",83
"Matrix-remodeling fibroblasts","TMEM176B",84
"Matrix-remodeling fibroblasts","RPL28",85
"Matrix-remodeling fibroblasts","CYP1B1",86
"Matrix-remodeling fibroblasts","APLNR",87
"Matrix-remodeling fibroblasts","SERPINA3",88
"Matrix-remodeling fibroblasts","PSME2",89
"Matrix-remodeling fibroblasts","XXbac-BPG116M5.17",90
"Matrix-remodeling fibroblasts","COL6A5",91
"Matrix-remodeling fibroblasts","CFH",92
"Matrix-remodeling fibroblasts","C3",93
"Matrix-remodeling fibroblasts","TMEM119",94
"Matrix-remodeling fibroblasts","GUCY1A3",95
"Matrix-remodeling fibroblasts","SFRP2",96
"Matrix-remodeling fibroblasts","AP2S1",97
"Matrix-remodeling fibroblasts","MIR4435-2HG",98
"Matrix-remodeling fibroblasts","TNFRSF1A",99
"Matrix-remodeling fibroblasts","SMOC2",100
"Matrix-remodeling fibroblasts","TNFSF10",101
"Matrix-remodeling fibroblasts","CTSB",102
"Matrix-remodeling fibroblasts","AC007192.4",103
"Matrix-remodeling fibroblasts","PSMB8",104
"Matrix-remodeling fibroblasts","S100A13",105
"Matrix-remodeling fibroblasts","PLEKHA4",106
"Matrix-remodeling fibroblasts","ARPC1B",107
"Matrix-remodeling fibroblasts","MDK",108
"Matrix-remodeling fibroblasts","F13A1",109
"Matrix-remodeling fibroblasts","GPX1",110
"Matrix-remodeling fibroblasts","SUSD2",111
"Matrix-remodeling fibroblasts","CTSK",112
"Matrix-remodeling fibroblasts","UQCR11",113
"Matrix-remodeling fibroblasts","IFI16",114
"Matrix-remodeling fibroblasts","CMKLR1",115
"Matrix-remodeling fibroblasts","ATP5J2",116
"Matrix-remodeling fibroblasts","COL6A6",117
"Matrix-remodeling fibroblasts","APRT",118
"Matrix-remodeling fibroblasts","PSME1",119
"Matrix-remodeling fibroblasts","VAMP5",120
"Matrix-remodeling fibroblasts","ST6GALNAC6",121
"Matrix-remodeling fibroblasts","PPIC",122
"Matrix-remodeling fibroblasts","PLAC9",123
"Matrix-remodeling fibroblasts","DPM3",124
"Matrix-remodeling fibroblasts","COL5A3",125
"Matrix-remodeling fibroblasts","TAPBP",126
"Matrix-remodeling fibroblasts","SYT7",127
"Matrix-remodeling fibroblasts","IL1R1",128
"Matrix-remodeling fibroblasts","FBLN2",129
"Matrix-remodeling fibroblasts","RPL29",130
"Matrix-remodeling fibroblasts","CFB",131
"Matrix-remodeling fibroblasts","BGN",132
"Matrix-remodeling fibroblasts","TMEM205",133
"Matrix-remodeling fibroblasts","ANKRD35",134
"Matrix-remodeling fibroblasts","TMSB4X",135
"Matrix-remodeling fibroblasts","SHISA5",136
"Matrix-remodeling fibroblasts","CISD1",137
"Matrix-remodeling fibroblasts","OLFML2B",138
"Matrix-remodeling fibroblasts","CRIP1",139
"Matrix-remodeling fibroblasts","CLEC11A",140
"Matrix-remodeling fibroblasts","APOC1",141
"Matrix-remodeling fibroblasts","TMEM258",142
"Matrix-remodeling fibroblasts","TMA7",143
"Matrix-remodeling fibroblasts","OLFM2",144
"Matrix-remodeling fibroblasts","AP000350.10",145
"Matrix-remodeling fibroblasts","CYBA",146
"Matrix-remodeling fibroblasts","PSMB9",147
"Matrix-remodeling fibroblasts","FXYD1",148
"Matrix-remodeling fibroblasts","TYMP",149
"Matrix-remodeling fibroblasts","ISG15",150
"Matrix-remodeling fibroblasts","RP11-69E11.4",151
"Matrix-remodeling fibroblasts","ECHS1",152
"Matrix-remodeling fibroblasts","FSTL1",153
"Matrix-remodeling fibroblasts","LAMA4",154
"Matrix-remodeling fibroblasts","BTN3A2",155
"Matrix-remodeling fibroblasts","POLR2L",156
"Matrix-remodeling fibroblasts","BCL3",157
"Matrix-remodeling fibroblasts","GRN",158
"Matrix-remodeling fibroblasts","DYNLT1",159
"Matrix-remodeling fibroblasts","PRSS23",160
"Matrix-remodeling fibroblasts","CXCL12",161
"Matrix-remodeling fibroblasts","SAMHD1",162
"Matrix-remodeling fibroblasts","NDUFA12",163
"Matrix-remodeling fibroblasts","MSC",164
"Matrix-remodeling fibroblasts","FBLIM1",165
"Matrix-remodeling fibroblasts","MRPS21",166
"Matrix-remodeling fibroblasts","FGL2",167
"Matrix-remodeling fibroblasts","TFPI",168
"Matrix-remodeling fibroblasts","ANAPC11",169
"Matrix-remodeling fibroblasts","MVP",170
"Matrix-remodeling fibroblasts","IFI6",171
"Matrix-remodeling fibroblasts","ANPEP",172
"Matrix-remodeling fibroblasts","FKBP1A",173
"Matrix-remodeling fibroblasts","FBLN7",174
"Matrix-remodeling fibroblasts","S100A8",175
"Matrix-remodeling fibroblasts","CPXM2",176
"Matrix-remodeling fibroblasts","CLEC2B",177
"Matrix-remodeling fibroblasts","KHDRBS3",178
"Matrix-remodeling fibroblasts","NR2F2",179
"Matrix-remodeling fibroblasts","FMO3",180
"Matrix-remodeling fibroblasts","UQCRQ",181
"Matrix-remodeling fibroblasts","LAMTOR2",182
"Matrix-remodeling fibroblasts","CYSTM1",183
"Matrix-remodeling fibroblasts","UBE2L6",184
"Matrix-remodeling fibroblasts","NDUFB1",185
"Matrix-remodeling fibroblasts","LZTS1",186
"Matrix-remodeling fibroblasts","GADD45A",187
"Matrix-remodeling fibroblasts","TRAPPC2L",188
"Matrix-remodeling fibroblasts","PARK7",189
"Matrix-remodeling fibroblasts","MYL9",190
"Matrix-remodeling fibroblasts","NKD2",191
"Matrix-remodeling fibroblasts","ARF5",192
"Matrix-remodeling fibroblasts","ZCCHC24",193
"Matrix-remodeling fibroblasts","IL32",194
"Matrix-remodeling fibroblasts","TGFBI",195
"Matrix-remodeling fibroblasts","ATP5G1",196
"Matrix-remodeling fibroblasts","PDIA4",197
"Matrix-remodeling fibroblasts","CD59",198
"Matrix-remodeling fibroblasts","CFL1",199
"Matrix-remodeling fibroblasts","ACVRL1",200
"Matrix-remodeling fibroblasts","PRKCDBP",201
"Matrix-remodeling fibroblasts","NME1-NME2",202
"Matrix-remodeling fibroblasts","APOBEC3C",203
"Matrix-remodeling fibroblasts","CHCHD10",204
"Matrix-remodeling fibroblasts","TCEB2",205
"Matrix-remodeling fibroblasts","PSMB3",206
"Matrix-remodeling fibroblasts","MAP4K4",207
"Matrix-remodeling fibroblasts","H6PD",208
"Matrix-remodeling fibroblasts","CPXM1",209
"Matrix-remodeling fibroblasts","TMEM173",210
"Matrix-remodeling fibroblasts","IL18BP",211
"Matrix-remodeling fibroblasts","ARMC9",212
"Matrix-remodeling fibroblasts","CD74",213
"Matrix-remodeling fibroblasts","C1orf54",214
"Matrix-remodeling fibroblasts","CD81",215
"Matrix-remodeling fibroblasts","AC005943.2",216
"Matrix-remodeling fibroblasts","SERPINH1",217
"Matrix-remodeling fibroblasts","LUM",218
"Matrix-remodeling fibroblasts","MT2A",219
"Matrix-remodeling fibroblasts","NDUFA1",220
"Matrix-remodeling fibroblasts","NME3",221
"Matrix-remodeling fibroblasts","C9orf16",222
"Matrix-remodeling fibroblasts","H2AFJ",223
"Matrix-remodeling fibroblasts","CD248",224
"Matrix-remodeling fibroblasts","PHPT1",225
"Matrix-remodeling fibroblasts","CFI",226
"Matrix-remodeling fibroblasts","MAN1C1",227
"Matrix-remodeling fibroblasts","CTSZ",228
"Matrix-remodeling fibroblasts","ATP5D",229
"Matrix-remodeling fibroblasts","HSD11B2",230
"Matrix-remodeling fibroblasts","VTI1B",231
"Matrix-remodeling fibroblasts","TMEM219",232
"Matrix-remodeling fibroblasts","CSTB",233
"Matrix-remodeling fibroblasts","CTSD",234
"Matrix-remodeling fibroblasts","TSPAN4",235
"Matrix-remodeling fibroblasts","C17orf89",236
"Matrix-remodeling fibroblasts","HIC1",237
"Matrix-remodeling fibroblasts","RASL12",238
"Matrix-remodeling fibroblasts","ABHD14A",239
"Matrix-remodeling fibroblasts","HNRNPC",240
"Matrix-remodeling fibroblasts","HLA-C",241
"Matrix-remodeling fibroblasts","METTL7A",242
"Matrix-remodeling fibroblasts","ECM1",243
"Matrix-remodeling fibroblasts","OST4",244
"Matrix-remodeling fibroblasts","TRIM47",245
"Matrix-remodeling fibroblasts","RPLP0",246
"Matrix-remodeling fibroblasts","C4orf48",247
"Matrix-remodeling fibroblasts","IL11RA",248
"Matrix-remodeling fibroblasts","SUB1",249
"Matrix-remodeling fibroblasts","MXRA7",250
"Matrix-remodeling fibroblasts","SLC27A4",251
"Matrix-remodeling fibroblasts","LTBR",252
"Matrix-remodeling fibroblasts","LGALS9",253
"Matrix-remodeling fibroblasts","NDUFB10",254
"Matrix-remodeling fibroblasts","FMOD",255
"Matrix-remodeling fibroblasts","NPM3",256
"Matrix-remodeling fibroblasts","WISP2",257
"Matrix-remodeling fibroblasts","NOP10",258
"Matrix-remodeling fibroblasts","BSG",259
"Matrix-remodeling fibroblasts","UBA52",260
"Matrix-remodeling fibroblasts","NUCB1",261
"Matrix-remodeling fibroblasts","IFI27",262
"Matrix-remodeling fibroblasts","TMEM98",263
"Matrix-remodeling fibroblasts","ADGRA2",264
"Matrix-remodeling fibroblasts","C4orf3",265
"Matrix-remodeling fibroblasts","PSMB1",266
"Matrix-remodeling fibroblasts","UQCR10",267
"Matrix-remodeling fibroblasts","PSENEN",268
"Matrix-remodeling fibroblasts","THOC7",269
"Matrix-remodeling fibroblasts","MARCKS",270
"Matrix-remodeling fibroblasts","PMP22",271
"Matrix-remodeling fibroblasts","PRAF2",272
"Matrix-remodeling fibroblasts","ZFP36L2",273
"Matrix-remodeling fibroblasts","KRTCAP2",274
"Matrix-remodeling fibroblasts","NDUFS3",275
"Matrix-remodeling fibroblasts","POLR2G",276
"Matrix-remodeling fibroblasts","ANXA6",277
"Matrix-remodeling fibroblasts","C1QTNF5",278
"Matrix-remodeling fibroblasts","GADD45GIP1",279
"Matrix-remodeling fibroblasts","PCED1A",280
"Matrix-remodeling fibroblasts","TENM4",281
"Matrix-remodeling fibroblasts","PDLIM2",282
"Matrix-remodeling fibroblasts","SPTBN1",283
"Matrix-remodeling fibroblasts","RHOC",284
"Matrix-remodeling fibroblasts","RCN3",285
"Matrix-remodeling fibroblasts","KCTD12",286
"Matrix-remodeling fibroblasts","MRPL36",287
"Matrix-remodeling fibroblasts","ISOC2",288
"Matrix-remodeling fibroblasts","CTC-479C5.12",289
"Matrix-remodeling fibroblasts","RPL37",290
"Matrix-remodeling fibroblasts","RPL35",291
"Matrix-remodeling fibroblasts","EVA1B",292
"Matrix-remodeling fibroblasts","ABI3BP",293
"Matrix-remodeling fibroblasts","SELM",294
"Matrix-remodeling fibroblasts","RPL22L1",295
"Matrix-remodeling fibroblasts","IL6ST",296
"Matrix-remodeling fibroblasts","NDUFB2",297
"Matrix-remodeling fibroblasts","SRPX",298
"Matrix-remodeling fibroblasts","TRAPPC1",299
"Matrix-remodeling fibroblasts","AC090498.1",300
