run_accession	experiment_accession	sample_accession	fastq_ftp	submitted_ftp	sra_ftp	library_strategy	library_layout
SRR18245427	SRX14386932	SAMN26453744	ftp.sra.ebi.ac.uk/vol1/fastq/SRR182/027/SRR18245427/SRR18245427_1.fastq.gz;ftp.sra.ebi.ac.uk/vol1/fastq/SRR182/027/SRR18245427/SRR18245427_2.fastq.gz			RNA-Seq	PAIRED
SRR18245429	SRX14386930	SAMN26453811	ftp.sra.ebi.ac.uk/vol1/fastq/SRR182/029/SRR18245429/SRR18245429_1.fastq.gz;ftp.sra.ebi.ac.uk/vol1/fastq/SRR182/029/SRR18245429/SRR18245429_2.fastq.gz			RNA-Seq	PAIRED
SRR18245433	SRX14386926	SAMN26453807	ftp.sra.ebi.ac.uk/vol1/fastq/SRR182/033/SRR18245433/SRR18245433_1.fastq.gz;ftp.sra.ebi.ac.uk/vol1/fastq/SRR182/033/SRR18245433/SRR18245433_2.fastq.gz			RNA-Seq	PAIRED
SRR18245435	SRX14386924	SAMN26453743	ftp.sra.ebi.ac.uk/vol1/fastq/SRR182/035/SRR18245435/SRR18245435_1.fastq.gz;ftp.sra.ebi.ac.uk/vol1/fastq/SRR182/035/SRR18245435/SRR18245435_2.fastq.gz			RNA-Seq	PAIRED
SRR18245443	SRX14386916	SAMN26453798	ftp.sra.ebi.ac.uk/vol1/fastq/SRR182/043/SRR18245443/SRR18245443_1.fastq.gz;ftp.sra.ebi.ac.uk/vol1/fastq/SRR182/043/SRR18245443/SRR18245443_2.fastq.gz			RNA-Seq	PAIRED
SRR18245444	SRX14386915	SAMN26453797	ftp.sra.ebi.ac.uk/vol1/fastq/SRR182/044/SRR18245444/SRR18245444_1.fastq.gz;ftp.sra.ebi.ac.uk/vol1/fastq/SRR182/044/SRR18245444/SRR18245444_2.fastq.gz			RNA-Seq	PAIRED
SRR18245447	SRX14386912	SAMN26453795	ftp.sra.ebi.ac.uk/vol1/fastq/SRR182/047/SRR18245447/SRR18245447_1.fastq.gz;ftp.sra.ebi.ac.uk/vol1/fastq/SRR182/047/SRR18245447/SRR18245447_2.fastq.gz			RNA-Seq	PAIRED
SRR18245448	SRX14386911	SAMN26453794	ftp.sra.ebi.ac.uk/vol1/fastq/SRR182/048/SRR18245448/SRR18245448_1.fastq.gz;ftp.sra.ebi.ac.uk/vol1/fastq/SRR182/048/SRR18245448/SRR18245448_2.fastq.gz			RNA-Seq	PAIRED
SRR18245450	SRX14386909	SAMN26453792	ftp.sra.ebi.ac.uk/vol1/fastq/SRR182/050/SRR18245450/SRR18245450_1.fastq.gz;ftp.sra.ebi.ac.uk/vol1/fastq/SRR182/050/SRR18245450/SRR18245450_2.fastq.gz			RNA-Seq	PAIRED
SRR18245452	SRX14386907	SAMN26453790	ftp.sra.ebi.ac.uk/vol1/fastq/SRR182/052/SRR18245452/SRR18245452_1.fastq.gz;ftp.sra.ebi.ac.uk/vol1/fastq/SRR182/052/SRR18245452/SRR18245452_2.fastq.gz			RNA-Seq	PAIRED
SRR18245454	SRX14386905	SAMN26453788	ftp.sra.ebi.ac.uk/vol1/fastq/SRR182/054/SRR18245454/SRR18245454_1.fastq.gz;ftp.sra.ebi.ac.uk/vol1/fastq/SRR182/054/SRR18245454/SRR18245454_2.fastq.gz			RNA-Seq	PAIRED
SRR18245457	SRX14386902	SAMN26453741	ftp.sra.ebi.ac.uk/vol1/fastq/SRR182/057/SRR18245457/SRR18245457_1.fastq.gz;ftp.sra.ebi.ac.uk/vol1/fastq/SRR182/057/SRR18245457/SRR18245457_2.fastq.gz			RNA-Seq	PAIRED
SRR18245460	SRX14386899	SAMN26453783	ftp.sra.ebi.ac.uk/vol1/fastq/SRR182/060/SRR18245460/SRR18245460_1.fastq.gz;ftp.sra.ebi.ac.uk/vol1/fastq/SRR182/060/SRR18245460/SRR18245460_2.fastq.gz			RNA-Seq	PAIRED
SRR18245461	SRX14386898	SAMN26453782	ftp.sra.ebi.ac.uk/vol1/fastq/SRR182/061/SRR18245461/SRR18245461_1.fastq.gz;ftp.sra.ebi.ac.uk/vol1/fastq/SRR182/061/SRR18245461/SRR18245461_2.fastq.gz			RNA-Seq	PAIRED
SRR18245466	SRX14386893	SAMN26453777	ftp.sra.ebi.ac.uk/vol1/fastq/SRR182/066/SRR18245466/SRR18245466_1.fastq.gz;ftp.sra.ebi.ac.uk/vol1/fastq/SRR182/066/SRR18245466/SRR18245466_2.fastq.gz			RNA-Seq	PAIRED
SRR18245470	SRX14386889	SAMN26453774	ftp.sra.ebi.ac.uk/vol1/fastq/SRR182/070/SRR18245470/SRR18245470_1.fastq.gz;ftp.sra.ebi.ac.uk/vol1/fastq/SRR182/070/SRR18245470/SRR18245470_2.fastq.gz			RNA-Seq	PAIRED
SRR18245472	SRX14386887	SAMN26453772	ftp.sra.ebi.ac.uk/vol1/fastq/SRR182/072/SRR18245472/SRR18245472_1.fastq.gz;ftp.sra.ebi.ac.uk/vol1/fastq/SRR182/072/SRR18245472/SRR18245472_2.fastq.gz			RNA-Seq	PAIRED
SRR18245474	SRX14386885	SAMN26453770	ftp.sra.ebi.ac.uk/vol1/fastq/SRR182/074/SRR18245474/SRR18245474_1.fastq.gz;ftp.sra.ebi.ac.uk/vol1/fastq/SRR182/074/SRR18245474/SRR18245474_2.fastq.gz			RNA-Seq	PAIRED
SRR18245475	SRX14386884	SAMN26453769	ftp.sra.ebi.ac.uk/vol1/fastq/SRR182/075/SRR18245475/SRR18245475_1.fastq.gz;ftp.sra.ebi.ac.uk/vol1/fastq/SRR182/075/SRR18245475/SRR18245475_2.fastq.gz			RNA-Seq	PAIRED
SRR18245480	SRX14386879	SAMN26453765	ftp.sra.ebi.ac.uk/vol1/fastq/SRR182/080/SRR18245480/SRR18245480_1.fastq.gz;ftp.sra.ebi.ac.uk/vol1/fastq/SRR182/080/SRR18245480/SRR18245480_2.fastq.gz			RNA-Seq	PAIRED
SRR18245482	SRX14386877	SAMN26453763	ftp.sra.ebi.ac.uk/vol1/fastq/SRR182/082/SRR18245482/SRR18245482_1.fastq.gz;ftp.sra.ebi.ac.uk/vol1/fastq/SRR182/082/SRR18245482/SRR18245482_2.fastq.gz			RNA-Seq	PAIRED
SRR18245490	SRX14386869	SAMN26453738	ftp.sra.ebi.ac.uk/vol1/fastq/SRR182/090/SRR18245490/SRR18245490_1.fastq.gz;ftp.sra.ebi.ac.uk/vol1/fastq/SRR182/090/SRR18245490/SRR18245490_2.fastq.gz			RNA-Seq	PAIRED
SRR18245492	SRX14386867	SAMN26453754	ftp.sra.ebi.ac.uk/vol1/fastq/SRR182/092/SRR18245492/SRR18245492_1.fastq.gz;ftp.sra.ebi.ac.uk/vol1/fastq/SRR182/092/SRR18245492/SRR18245492_2.fastq.gz			RNA-Seq	PAIRED
SRR18245495	SRX14386864	SAMN26453751	ftp.sra.ebi.ac.uk/vol1/fastq/SRR182/095/SRR18245495/SRR18245495_1.fastq.gz;ftp.sra.ebi.ac.uk/vol1/fastq/SRR182/095/SRR18245495/SRR18245495_2.fastq.gz			RNA-Seq	PAIRED
SRR18245497	SRX14386862	SAMN26453749	ftp.sra.ebi.ac.uk/vol1/fastq/SRR182/097/SRR18245497/SRR18245497_1.fastq.gz;ftp.sra.ebi.ac.uk/vol1/fastq/SRR182/097/SRR18245497/SRR18245497_2.fastq.gz			RNA-Seq	PAIRED
SRR18245426	SRX14386933	SAMN26453745	ftp.sra.ebi.ac.uk/vol1/fastq/SRR182/026/SRR18245426/SRR18245426_1.fastq.gz;ftp.sra.ebi.ac.uk/vol1/fastq/SRR182/026/SRR18245426/SRR18245426_2.fastq.gz			RNA-Seq	PAIRED
SRR18245436	SRX14386923	SAMN26453805	ftp.sra.ebi.ac.uk/vol1/fastq/SRR182/036/SRR18245436/SRR18245436_1.fastq.gz;ftp.sra.ebi.ac.uk/vol1/fastq/SRR182/036/SRR18245436/SRR18245436_2.fastq.gz			RNA-Seq	PAIRED
SRR18245437	SRX14386922	SAMN26453804	ftp.sra.ebi.ac.uk/vol1/fastq/SRR182/037/SRR18245437/SRR18245437_1.fastq.gz;ftp.sra.ebi.ac.uk/vol1/fastq/SRR182/037/SRR18245437/SRR18245437_2.fastq.gz			RNA-Seq	PAIRED
SRR18245438	SRX14386921	SAMN26453803	ftp.sra.ebi.ac.uk/vol1/fastq/SRR182/038/SRR18245438/SRR18245438_1.fastq.gz;ftp.sra.ebi.ac.uk/vol1/fastq/SRR182/038/SRR18245438/SRR18245438_2.fastq.gz			RNA-Seq	PAIRED
SRR18245439	SRX14386920	SAMN26453802	ftp.sra.ebi.ac.uk/vol1/fastq/SRR182/039/SRR18245439/SRR18245439_1.fastq.gz;ftp.sra.ebi.ac.uk/vol1/fastq/SRR182/039/SRR18245439/SRR18245439_2.fastq.gz			RNA-Seq	PAIRED
SRR18245441	SRX14386918	SAMN26453800	ftp.sra.ebi.ac.uk/vol1/fastq/SRR182/041/SRR18245441/SRR18245441_1.fastq.gz;ftp.sra.ebi.ac.uk/vol1/fastq/SRR182/041/SRR18245441/SRR18245441_2.fastq.gz			RNA-Seq	PAIRED
SRR18245442	SRX14386917	SAMN26453799	ftp.sra.ebi.ac.uk/vol1/fastq/SRR182/042/SRR18245442/SRR18245442_1.fastq.gz;ftp.sra.ebi.ac.uk/vol1/fastq/SRR182/042/SRR18245442/SRR18245442_2.fastq.gz			RNA-Seq	PAIRED
SRR18245453	SRX14386906	SAMN26453789	ftp.sra.ebi.ac.uk/vol1/fastq/SRR182/053/SRR18245453/SRR18245453_1.fastq.gz;ftp.sra.ebi.ac.uk/vol1/fastq/SRR182/053/SRR18245453/SRR18245453_2.fastq.gz			RNA-Seq	PAIRED
SRR18245456	SRX14386903	SAMN26453786	ftp.sra.ebi.ac.uk/vol1/fastq/SRR182/056/SRR18245456/SRR18245456_1.fastq.gz;ftp.sra.ebi.ac.uk/vol1/fastq/SRR182/056/SRR18245456/SRR18245456_2.fastq.gz			RNA-Seq	PAIRED
SRR18245458	SRX14386901	SAMN26453785	ftp.sra.ebi.ac.uk/vol1/fastq/SRR182/058/SRR18245458/SRR18245458_1.fastq.gz;ftp.sra.ebi.ac.uk/vol1/fastq/SRR182/058/SRR18245458/SRR18245458_2.fastq.gz			RNA-Seq	PAIRED
SRR18245463	SRX14386896	SAMN26453780	ftp.sra.ebi.ac.uk/vol1/fastq/SRR182/063/SRR18245463/SRR18245463_1.fastq.gz;ftp.sra.ebi.ac.uk/vol1/fastq/SRR182/063/SRR18245463/SRR18245463_2.fastq.gz			RNA-Seq	PAIRED
SRR18245467	SRX14386892	SAMN26453776	ftp.sra.ebi.ac.uk/vol1/fastq/SRR182/067/SRR18245467/SRR18245467_1.fastq.gz;ftp.sra.ebi.ac.uk/vol1/fastq/SRR182/067/SRR18245467/SRR18245467_2.fastq.gz			RNA-Seq	PAIRED
SRR18245473	SRX14386886	SAMN26453771	ftp.sra.ebi.ac.uk/vol1/fastq/SRR182/073/SRR18245473/SRR18245473_1.fastq.gz;ftp.sra.ebi.ac.uk/vol1/fastq/SRR182/073/SRR18245473/SRR18245473_2.fastq.gz			RNA-Seq	PAIRED
SRR18245479	SRX14386880	SAMN26453739	ftp.sra.ebi.ac.uk/vol1/fastq/SRR182/079/SRR18245479/SRR18245479_1.fastq.gz;ftp.sra.ebi.ac.uk/vol1/fastq/SRR182/079/SRR18245479/SRR18245479_2.fastq.gz			RNA-Seq	PAIRED
SRR18245481	SRX14386878	SAMN26453764	ftp.sra.ebi.ac.uk/vol1/fastq/SRR182/081/SRR18245481/SRR18245481_1.fastq.gz;ftp.sra.ebi.ac.uk/vol1/fastq/SRR182/081/SRR18245481/SRR18245481_2.fastq.gz			RNA-Seq	PAIRED
SRR18245486	SRX14386873	SAMN26453759	ftp.sra.ebi.ac.uk/vol1/fastq/SRR182/086/SRR18245486/SRR18245486_1.fastq.gz;ftp.sra.ebi.ac.uk/vol1/fastq/SRR182/086/SRR18245486/SRR18245486_2.fastq.gz			RNA-Seq	PAIRED
SRR18245487	SRX14386872	SAMN26453758	ftp.sra.ebi.ac.uk/vol1/fastq/SRR182/087/SRR18245487/SRR18245487_1.fastq.gz;ftp.sra.ebi.ac.uk/vol1/fastq/SRR182/087/SRR18245487/SRR18245487_2.fastq.gz			RNA-Seq	PAIRED
SRR18245488	SRX14386871	SAMN26453757	ftp.sra.ebi.ac.uk/vol1/fastq/SRR182/088/SRR18245488/SRR18245488_1.fastq.gz;ftp.sra.ebi.ac.uk/vol1/fastq/SRR182/088/SRR18245488/SRR18245488_2.fastq.gz			RNA-Seq	PAIRED
SRR18245493	SRX14386866	SAMN26453753	ftp.sra.ebi.ac.uk/vol1/fastq/SRR182/093/SRR18245493/SRR18245493_1.fastq.gz;ftp.sra.ebi.ac.uk/vol1/fastq/SRR182/093/SRR18245493/SRR18245493_2.fastq.gz			RNA-Seq	PAIRED
SRR18245496	SRX14386863	SAMN26453750	ftp.sra.ebi.ac.uk/vol1/fastq/SRR182/096/SRR18245496/SRR18245496_1.fastq.gz;ftp.sra.ebi.ac.uk/vol1/fastq/SRR182/096/SRR18245496/SRR18245496_2.fastq.gz			RNA-Seq	PAIRED
SRR18245498	SRX14386861	SAMN26453748	ftp.sra.ebi.ac.uk/vol1/fastq/SRR182/098/SRR18245498/SRR18245498_1.fastq.gz;ftp.sra.ebi.ac.uk/vol1/fastq/SRR182/098/SRR18245498/SRR18245498_2.fastq.gz			RNA-Seq	PAIRED
SRR18245499	SRX14386860	SAMN26453747	ftp.sra.ebi.ac.uk/vol1/fastq/SRR182/099/SRR18245499/SRR18245499_1.fastq.gz;ftp.sra.ebi.ac.uk/vol1/fastq/SRR182/099/SRR18245499/SRR18245499_2.fastq.gz			RNA-Seq	PAIRED
SRR18245501	SRX14386858	SAMN26453737	ftp.sra.ebi.ac.uk/vol1/fastq/SRR182/001/SRR18245501/SRR18245501_1.fastq.gz;ftp.sra.ebi.ac.uk/vol1/fastq/SRR182/001/SRR18245501/SRR18245501_2.fastq.gz			RNA-Seq	PAIRED
SRR18245502	SRX14386857	SAMN26453736	ftp.sra.ebi.ac.uk/vol1/fastq/SRR182/002/SRR18245502/SRR18245502_1.fastq.gz;ftp.sra.ebi.ac.uk/vol1/fastq/SRR182/002/SRR18245502/SRR18245502_2.fastq.gz			RNA-Seq	PAIRED
SRR18245428	SRX14386931	SAMN26453812	ftp.sra.ebi.ac.uk/vol1/fastq/SRR182/028/SRR18245428/SRR18245428_1.fastq.gz;ftp.sra.ebi.ac.uk/vol1/fastq/SRR182/028/SRR18245428/SRR18245428_2.fastq.gz			RNA-Seq	PAIRED
SRR18245430	SRX14386929	SAMN26453810	ftp.sra.ebi.ac.uk/vol1/fastq/SRR182/030/SRR18245430/SRR18245430_1.fastq.gz;ftp.sra.ebi.ac.uk/vol1/fastq/SRR182/030/SRR18245430/SRR18245430_2.fastq.gz			RNA-Seq	PAIRED
SRR18245431	SRX14386928	SAMN26453809	ftp.sra.ebi.ac.uk/vol1/fastq/SRR182/031/SRR18245431/SRR18245431_1.fastq.gz;ftp.sra.ebi.ac.uk/vol1/fastq/SRR182/031/SRR18245431/SRR18245431_2.fastq.gz			RNA-Seq	PAIRED
SRR18245432	SRX14386927	SAMN26453808	ftp.sra.ebi.ac.uk/vol1/fastq/SRR182/032/SRR18245432/SRR18245432_1.fastq.gz;ftp.sra.ebi.ac.uk/vol1/fastq/SRR182/032/SRR18245432/SRR18245432_2.fastq.gz			RNA-Seq	PAIRED
SRR18245434	SRX14386925	SAMN26453806	ftp.sra.ebi.ac.uk/vol1/fastq/SRR182/034/SRR18245434/SRR18245434_1.fastq.gz;ftp.sra.ebi.ac.uk/vol1/fastq/SRR182/034/SRR18245434/SRR18245434_2.fastq.gz			RNA-Seq	PAIRED
SRR18245440	SRX14386919	SAMN26453801	ftp.sra.ebi.ac.uk/vol1/fastq/SRR182/040/SRR18245440/SRR18245440_1.fastq.gz;ftp.sra.ebi.ac.uk/vol1/fastq/SRR182/040/SRR18245440/SRR18245440_2.fastq.gz			RNA-Seq	PAIRED
SRR18245445	SRX14386914	SAMN26453796	ftp.sra.ebi.ac.uk/vol1/fastq/SRR182/045/SRR18245445/SRR18245445_1.fastq.gz;ftp.sra.ebi.ac.uk/vol1/fastq/SRR182/045/SRR18245445/SRR18245445_2.fastq.gz			RNA-Seq	PAIRED
SRR18245446	SRX14386913	SAMN26453742	ftp.sra.ebi.ac.uk/vol1/fastq/SRR182/046/SRR18245446/SRR18245446_1.fastq.gz;ftp.sra.ebi.ac.uk/vol1/fastq/SRR182/046/SRR18245446/SRR18245446_2.fastq.gz			RNA-Seq	PAIRED
SRR18245449	SRX14386910	SAMN26453793	ftp.sra.ebi.ac.uk/vol1/fastq/SRR182/049/SRR18245449/SRR18245449_1.fastq.gz;ftp.sra.ebi.ac.uk/vol1/fastq/SRR182/049/SRR18245449/SRR18245449_2.fastq.gz			RNA-Seq	PAIRED
SRR18245451	SRX14386908	SAMN26453791	ftp.sra.ebi.ac.uk/vol1/fastq/SRR182/051/SRR18245451/SRR18245451_1.fastq.gz;ftp.sra.ebi.ac.uk/vol1/fastq/SRR182/051/SRR18245451/SRR18245451_2.fastq.gz			RNA-Seq	PAIRED
SRR18245455	SRX14386904	SAMN26453787	ftp.sra.ebi.ac.uk/vol1/fastq/SRR182/055/SRR18245455/SRR18245455_1.fastq.gz;ftp.sra.ebi.ac.uk/vol1/fastq/SRR182/055/SRR18245455/SRR18245455_2.fastq.gz			RNA-Seq	PAIRED
SRR18245459	SRX14386900	SAMN26453784	ftp.sra.ebi.ac.uk/vol1/fastq/SRR182/059/SRR18245459/SRR18245459_1.fastq.gz;ftp.sra.ebi.ac.uk/vol1/fastq/SRR182/059/SRR18245459/SRR18245459_2.fastq.gz			RNA-Seq	PAIRED
SRR18245462	SRX14386897	SAMN26453781	ftp.sra.ebi.ac.uk/vol1/fastq/SRR182/062/SRR18245462/SRR18245462_1.fastq.gz;ftp.sra.ebi.ac.uk/vol1/fastq/SRR182/062/SRR18245462/SRR18245462_2.fastq.gz			RNA-Seq	PAIRED
SRR18245464	SRX14386895	SAMN26453779	ftp.sra.ebi.ac.uk/vol1/fastq/SRR182/064/SRR18245464/SRR18245464_1.fastq.gz;ftp.sra.ebi.ac.uk/vol1/fastq/SRR182/064/SRR18245464/SRR18245464_2.fastq.gz			RNA-Seq	PAIRED
SRR18245465	SRX14386894	SAMN26453778	ftp.sra.ebi.ac.uk/vol1/fastq/SRR182/065/SRR18245465/SRR18245465_1.fastq.gz;ftp.sra.ebi.ac.uk/vol1/fastq/SRR182/065/SRR18245465/SRR18245465_2.fastq.gz			RNA-Seq	PAIRED
SRR18245468	SRX14386891	SAMN26453740	ftp.sra.ebi.ac.uk/vol1/fastq/SRR182/068/SRR18245468/SRR18245468_1.fastq.gz;ftp.sra.ebi.ac.uk/vol1/fastq/SRR182/068/SRR18245468/SRR18245468_2.fastq.gz			RNA-Seq	PAIRED
SRR18245469	SRX14386890	SAMN26453775	ftp.sra.ebi.ac.uk/vol1/fastq/SRR182/069/SRR18245469/SRR18245469_1.fastq.gz;ftp.sra.ebi.ac.uk/vol1/fastq/SRR182/069/SRR18245469/SRR18245469_2.fastq.gz			RNA-Seq	PAIRED
SRR18245471	SRX14386888	SAMN26453773	ftp.sra.ebi.ac.uk/vol1/fastq/SRR182/071/SRR18245471/SRR18245471_1.fastq.gz;ftp.sra.ebi.ac.uk/vol1/fastq/SRR182/071/SRR18245471/SRR18245471_2.fastq.gz			RNA-Seq	PAIRED
SRR18245476	SRX14386883	SAMN26453768	ftp.sra.ebi.ac.uk/vol1/fastq/SRR182/076/SRR18245476/SRR18245476_1.fastq.gz;ftp.sra.ebi.ac.uk/vol1/fastq/SRR182/076/SRR18245476/SRR18245476_2.fastq.gz			RNA-Seq	PAIRED
SRR18245477	SRX14386882	SAMN26453767	ftp.sra.ebi.ac.uk/vol1/fastq/SRR182/077/SRR18245477/SRR18245477_1.fastq.gz;ftp.sra.ebi.ac.uk/vol1/fastq/SRR182/077/SRR18245477/SRR18245477_2.fastq.gz			RNA-Seq	PAIRED
SRR18245478	SRX14386881	SAMN26453766	ftp.sra.ebi.ac.uk/vol1/fastq/SRR182/078/SRR18245478/SRR18245478_1.fastq.gz;ftp.sra.ebi.ac.uk/vol1/fastq/SRR182/078/SRR18245478/SRR18245478_2.fastq.gz			RNA-Seq	PAIRED
SRR18245483	SRX14386876	SAMN26453762	ftp.sra.ebi.ac.uk/vol1/fastq/SRR182/083/SRR18245483/SRR18245483_1.fastq.gz;ftp.sra.ebi.ac.uk/vol1/fastq/SRR182/083/SRR18245483/SRR18245483_2.fastq.gz			RNA-Seq	PAIRED
SRR18245484	SRX14386875	SAMN26453761	ftp.sra.ebi.ac.uk/vol1/fastq/SRR182/084/SRR18245484/SRR18245484_1.fastq.gz;ftp.sra.ebi.ac.uk/vol1/fastq/SRR182/084/SRR18245484/SRR18245484_2.fastq.gz			RNA-Seq	PAIRED
SRR18245485	SRX14386874	SAMN26453760	ftp.sra.ebi.ac.uk/vol1/fastq/SRR182/085/SRR18245485/SRR18245485_1.fastq.gz;ftp.sra.ebi.ac.uk/vol1/fastq/SRR182/085/SRR18245485/SRR18245485_2.fastq.gz			RNA-Seq	PAIRED
SRR18245489	SRX14386870	SAMN26453756	ftp.sra.ebi.ac.uk/vol1/fastq/SRR182/089/SRR18245489/SRR18245489_1.fastq.gz;ftp.sra.ebi.ac.uk/vol1/fastq/SRR182/089/SRR18245489/SRR18245489_2.fastq.gz			RNA-Seq	PAIRED
SRR18245491	SRX14386868	SAMN26453755	ftp.sra.ebi.ac.uk/vol1/fastq/SRR182/091/SRR18245491/SRR18245491_1.fastq.gz;ftp.sra.ebi.ac.uk/vol1/fastq/SRR182/091/SRR18245491/SRR18245491_2.fastq.gz			RNA-Seq	PAIRED
SRR18245494	SRX14386865	SAMN26453752	ftp.sra.ebi.ac.uk/vol1/fastq/SRR182/094/SRR18245494/SRR18245494_1.fastq.gz;ftp.sra.ebi.ac.uk/vol1/fastq/SRR182/094/SRR18245494/SRR18245494_2.fastq.gz			RNA-Seq	PAIRED
SRR18245500	SRX14386859	SAMN26453746	ftp.sra.ebi.ac.uk/vol1/fastq/SRR182/000/SRR18245500/SRR18245500_1.fastq.gz;ftp.sra.ebi.ac.uk/vol1/fastq/SRR182/000/SRR18245500/SRR18245500_2.fastq.gz			RNA-Seq	PAIRED
