supplementary_data,file,description,worksheet_count,sha256
Supplementary Methods,Supplementary_Methods.docx,"Extended analysis parameters, robustness procedures, terminology, random seeds, and principal software versions.",0,94f237fd1e20ca74eadb0f6d63d99cf545e1614cdef538de9da7214e5e0a6ba8
S1,Supplementary_Data_S1_Cohorts_and_QC.xlsx,Sample metadata and per-sample quality control for the discovery and GSE191067 external-evaluation cohorts.,5,bedf371d794b7536a0e5a80eb9cad40444ac655434f36f36b53467e9a23e5203
S2,Supplementary_Data_S2_Cell_Annotation.xlsx,"Major-cell-type markers, fibroblast-purification evidence, fibroblast-state markers, and confidence-annotated GSE191067 state mapping.",11,2cc0536a794d6203b5deb845772bbc3be814e376d83e16bb287c4092329b96cc
S3,Supplementary_Data_S3_Fibroblast_Enrichment.xlsx,"Significant GO, Hallmark, KEGG, and Reactome enrichment results with complete input and background gene universes.",4,24f29971bf54a8e7019af6539c8af5add64a16a6132e63c882066027775242bf
S4,Supplementary_Data_S4_Trajectory_Dynamics.xlsx,"Trajectory eligibility, root assessment, dynamic programs, donor-adjusted branch tests, tradeSeq knot sensitivity, and explicitly defined within-donor, leave-one-donor-out, and equal-donor robustness analyses.",21,62758a6afed61b91d2e60ba39adec5ac7d07486cca618c26eb180a06d5069d02
S5,Supplementary_Data_S5_Clean_D1_D2.xlsx,"Frozen clean D1/D2 definitions, exclusion reasons, significant enrichment results, donor-aware GAMs, donor-adjusted tradeSeq, and gene-set robustness summaries.",8,bd4c4e96c044de99d05ce5dde9a932a87f36da9bda3b967a8928fbeffbc29407
S6,Supplementary_Data_S6_Coexpression_Preservation.xlsx,"Discovery-only WGCNA selected-gene and clean-program entry audit, module assignments, metacell eligibility, donor-aware alignment, pseudotime-independent sensitivity, donor-state pseudobulk units, and frozen-module preservation in GSE191067.",14,8a64a7d82166a0d3e1fc68c1cf96322c8624969bf5575dc148a42dc0aed26854
S7,Supplementary_Data_S7_External_scRNA_Evaluation.xlsx,"Annotation-concordant clean D1/D2 state localization, fibroblast-state composition, annotation overlap, and confidence sensitivity in GSE191067.",5,4165bc686af256a7e15ca6a263b27977ea98cd3c7cf8b0a21d037f96c56db616
S8,Supplementary_Data_S8_Bulk_Recurrence.xlsx,"PRJNA813172 provenance, primary exploratory clean D1 loss assessment, secondary score references, ROC and average-precision statistics, paired AUC comparisons, and sensitivity analyses.",7,d00eeeab2653a5b1cb499fa1bee178e376cb522de149180cdfe5d2f0698e4a4f
