"gene_set","gene"
"clean_D1","LAMC3"
"clean_D1","SEMA3G"
"clean_D1","IGFBP3"
"clean_D1","ALX4"
"clean_D1","COL23A1"
"clean_D1","TFAP2A"
"clean_D1","TCF4"
"clean_D1","BMP7"
"clean_D1","BMP4"
"clean_D1","SLC5A3"
"clean_D1","GADD45G"
"clean_D1","SERPINE2"
"clean_D1","INHBB"
"clean_D1","PRLR"
"clean_D1","TRPS1"
"clean_D1","TIMP3"
"clean_D1","PRDM1"
"clean_D1","PTCH1"
"clean_D1","APCDD1"
"clean_D1","DAAM2"
"clean_D1","INHBA"
"clean_D1","BCL2"
"clean_D1","CENPW"
"clean_D1","CEBPA"
"clean_D1","IGFBP2"
"clean_D1","CRABP1"
"clean_D1","ROBO2"
"clean_D1","DKK2"
"clean_D1","PHLDA1"
"clean_D1","DIO2"
"clean_D1","MYLIP"
"clean_D1","LUZP2"
"clean_D1","ZDHHC14"
"clean_D1","PGM2L1"
"clean_D1","PREX2"
"clean_D1","TNN"
"clean_D1","F2R"
"clean_D1","PLEKHH2"
"clean_D1","TWIST1"
"clean_D1","ITGA8"
"clean_D1","CPE"
"clean_D1","SOX18"
"clean_D2","TMEM258"
"clean_D2","POLDIP2"
"clean_D2","PLXNA3"
"clean_D2","RAB24"
"clean_D2","MARVELD1"
"clean_D2","CMKLR1"
"clean_D2","PTPMT1"
"clean_D2","RNF11"
"clean_D2","C6orf1"
"clean_D2","SSNA1"
"clean_D2","PSMC4"
"clean_D2","NPC2"
"clean_D2","SAT2"
"clean_D2","NDUFB11"
"clean_D2","DCHS1"
"clean_D2","HAS2"
"clean_D2","NDUFA4"
"clean_D2","ACTN1"
"clean_D2","RAB1B"
"clean_D2","HIGD2A"
"clean_D2","TMEM160"
"clean_D2","ILVBL"
"clean_D2","TMEM9"
"clean_D2","PMP22"
"clean_D2","RIC8A"
"clean_D2","COX7B"
"clean_D2","YIPF3"
"clean_D2","TEN1"
"clean_D2","FASTK"
"clean_D2","FAM162A"
"clean_D2","TSR3"
"clean_D2","PRELP"
"clean_D2","GORASP2"
"clean_D2","ECH1"
"clean_D2","GSTO1"
"clean_D2","PRMT2"
"clean_D2","SUB1"
"clean_D2","HLA-A"
"clean_D2","ANXA2"
"clean_D2","CREB3"
"clean_D2","PLP2"
"clean_D2","ALDOA"
"clean_D2","CCDC92"
"clean_D2","IFITM1"
"clean_D2","SCAND1"
"clean_D2","CD68"
"clean_D2","NKIRAS2"
"clean_D2","NRP2"
"clean_D2","PLXNA2"
"clean_D2","C4orf3"
"clean_D2","RBCK1"
"clean_D2","PKM"
"clean_D2","MAGOHB"
"clean_D2","MAP2K2"
"clean_D2","ORMDL3"
"clean_D2","CDIPT"
"clean_D2","AGPAT1"
"clean_D2","CFL1"
"clean_D2","PACS2"
"clean_D2","GJA1"
"clean_D2","KDELR1"
"clean_D2","ZNF593"
"clean_D2","CORO1C"
"clean_D2","RTN4RL2"
"clean_D2","PSME2"
"clean_D2","AKR1B1"
"clean_D2","CYSTM1"
"clean_D2","SNX3"
"clean_D2","BCL7C"
"clean_D2","PODNL1"
"clean_D2","GALNT15"
"clean_D2","PPP1R14B"
"clean_D2","HOXB7"
"clean_D2","ADGRA2"
"clean_D2","NUCB2"
"clean_D2","ANXA5"
"clean_D2","ATP5J2"
"clean_D2","CAPNS1"
"clean_D2","ATP5G3"
"clean_D2","MBOAT7"
"clean_D2","WDR45"
"clean_D2","SLC35A4"
"clean_D2","CSF1"
"clean_D2","TES"
"clean_D2","C11orf98"
"clean_D2","PDIA6"
"clean_D2","NDUFS7"
"clean_D2","CMBL"
"clean_D2","POP7"
"clean_D2","POLE4"
"clean_D2","PREB"
"clean_D2","MPC2"
"clean_D2","MIEN1"
"clean_D2","CA12"
"clean_D2","PDGFD"
"clean_D2","COX14"
"clean_D2","MINOS1"
"clean_D2","NTMT1"
"clean_D2","MAPK6"
"clean_D2","FAM20A"
"clean_D2","GAPDH"
"clean_D2","GADD45GIP1"
"clean_D2","FIS1"
"clean_D2","ASNA1"
"clean_D2","MAPKAPK2"
"clean_D2","PCNXL3"
"clean_D2","KLF7"
"clean_D2","MEA1"
"clean_D2","TMEM98"
"clean_D2","DCTN1"
"clean_D2","APOL1"
"clean_D2","SMPD1"
"clean_D2","RPN1"
"clean_D2","FRZB"
"clean_D2","CLIP1"
"clean_D2","TMEM263"
"clean_D2","CYC1"
"clean_D2","DGCR6L"
"clean_D2","R3HDM4"
"clean_D2","LSM7"
"clean_D2","CARM1"
"clean_D2","KCTD12"
"clean_D2","SLC25A5"
"clean_D2","CHMP1A"
"clean_D2","ABHD17A"
"clean_D2","COX7A1"
"clean_D2","TIAM2"
"clean_D2","AURKAIP1"
"clean_D2","SLC31A1"
"clean_D2","ARFGAP3"
"clean_D2","NME3"
"clean_D2","UFC1"
"clean_D2","NDUFA2"
"clean_D2","FSCN1"
"clean_D2","DLG1"
"clean_D2","PCED1A"
"clean_D2","BLOC1S1"
"clean_D2","COL8A2"
"clean_D2","LZTS1"
"clean_D2","LSP1"
"clean_D2","KIF1C"
"clean_D2","CMTM3"
"clean_D2","WDR46"
"clean_D2","EFHD2"
"clean_D2","MGP"
"clean_D2","XPOT"
"clean_D2","PKIG"
"clean_D2","BCL3"
"clean_D2","ARHGDIA"
"clean_D2","ZNF428"
"clean_D2","LOXL2"
"clean_D2","UQCR10"
"clean_D2","RAB7B"
"clean_D2","RABAC1"
"clean_D2","DPM3"
"clean_D2","CSTB"
"clean_D2","TMUB1"
"clean_D2","PSMB9"
"clean_D2","AP1S1"
"clean_D2","MYL6"
"clean_D2","LIMK1"
"clean_D2","GBP2"
"clean_D2","AMPD2"
"clean_D2","BEST1"
"clean_D2","CUEDC2"
"clean_D2","ILF2"
"clean_D2","TUBA1B"
"clean_D2","SAC3D1"
"clean_D2","GDI2"
"clean_D2","DCTD"
"clean_D2","FAM127A"
"clean_D2","RPN2"
"clean_D2","ATP5E"
"clean_D2","CDC42EP1"
"clean_D2","PUF60"
"clean_D2","INPPL1"
"clean_D2","MYL6B"
"clean_D2","PKN1"
"clean_D2","LTBP2"
"clean_D2","COL15A1"
"clean_D2","NOP10"
"clean_D2","RAB11FIP5"
"clean_D2","OXLD1"
"clean_D2","DNM3OS"
"clean_D2","LRRC75A"
"clean_D2","XXYLT1"
"clean_D2","GCN1"
"clean_D2","FAAP100"
"clean_D2","PTGDS"
"clean_D2","CCL27"
"clean_D2","CAPG"
"clean_D2","MYC"
"clean_D2","MDFI"
"clean_D2","B4GALT7"
"clean_D2","PSMD8"
"clean_D2","IMP4"
"clean_D2","APRT"
"clean_D2","PTGES2"
"clean_D2","SLC35E1"
"clean_D2","ANO1"
"clean_D2","SEC61B"
"clean_D2","TTC3"
"clean_D2","POLR2G"
"clean_D2","TIMM13"
"clean_D2","TMED2"
"clean_D2","MMP14"
"clean_D2","UBA1"
"clean_D2","APLNR"
"clean_D2","DGKZ"
"clean_D2","ELN"
"clean_D2","PRELID1"
"clean_D2","SIRT2"
"clean_D2","IL32"
"clean_D2","CHRD"
"clean_D2","BAX"
"clean_D2","PLEKHO1"
"clean_D2","TSPAN4"
"clean_D2","TCEB2"
"clean_D2","ATP8B2"
"clean_D2","ATP6V0E1"
"clean_D2","SPOP"
"clean_D2","DUSP23"
"clean_D2","CCND2"
"clean_D2","SLC3A2"
"clean_D2","TMEM205"
"clean_D2","COMMD7"
"clean_D2","UBTD1"
"clean_D2","SPNS1"
"clean_D2","MRGPRF"
"clean_D2","PIGP"
"clean_D2","DDT"
"clean_D2","CPNE1"
"clean_D2","TSPAN9"
"clean_D2","NDUFA13"
"clean_D2","PTPN14"
"clean_D2","MXD4"
"clean_D2","PPP2R1A"
"clean_D2","ACAN"
"clean_D2","STARD10"
"clean_D2","TCEAL8"
"clean_D2","NUDT22"
"clean_D2","TACSTD2"
"clean_D2","CD248"
"clean_D2","GOLGA2"
"clean_D2","HSD3B7"
"clean_D2","TAX1BP3"
"clean_D2","GLRX"
"clean_D2","FAM96B"
"clean_D2","CYP1B1"
"clean_D2","LTBR"
"clean_D2","SERPINB6"
"clean_D2","MFSD12"
"clean_D2","FKBP1A"
"clean_D2","NCLN"
"clean_D2","NTM"
"clean_D2","FAM173A"
"clean_D2","TMEM141"
"clean_D2","RNF181"
"clean_D2","FBLN2"
"clean_D2","CTD-3214H19.16"
"clean_D2","ARHGAP22"
"clean_D2","YIPF5"
"clean_D2","APOBEC3C"
"clean_D2","PSMB3"
"clean_D2","C1orf54"
"clean_D2","FAM57A"
"clean_D2","NUDT2"
"clean_D2","AP2M1"
"clean_D2","MYO18A"
"clean_D2","TOMM5"
"clean_D2","C1orf216"
"clean_D2","ELOVL1"
"clean_D2","MMP24-AS1"
"clean_D2","CCDC85B"
"clean_D2","COX5A"
"clean_D2","GTF2H5"
"clean_D2","RALA"
"clean_D2","CTSD"
"clean_D2","FAM210B"
"clean_D2","YKT6"
"clean_D2","RP11-492E3.51"
"clean_D2","SEPW1"
"clean_D2","PTPRD"
"clean_D2","USP11"
"clean_D2","IFNGR2"
"clean_D2","SLC52A2"
"clean_D2","CFH"
"clean_D2","PRKAR2A"
"clean_D2","SNRPC"
"clean_D2","CHID1"
"clean_D2","MSC"
"clean_D2","DNLZ"
"clean_D2","REXO2"
"clean_D2","IFI35"
"clean_D2","RAB31"
"clean_D2","PRDX5"
"clean_D2","UFD1L"
"clean_D2","ICAM3"
"clean_D2","SNHG18"
"clean_D2","PSENEN"
"clean_D2","SEC31A"
"clean_D2","EPN1"
"clean_D2","SH3BGRL3"
"clean_D2","SAE1"
"clean_D2","HSPA12B"
"clean_D2","NAA38"
"clean_D2","CLEC2A"
"clean_D2","SEC23A"
"clean_D2","TENM4"
"clean_D2","CILP"
"clean_D2","CCL2"
"clean_D2","LAMTOR1"
"clean_D2","TP53TG1"
"clean_D2","SEPN1"
"clean_D2","BRE"
"clean_D2","SIGMAR1"
"clean_D2","DEF8"
"clean_D2","CXCL12"
"clean_D2","CCDC8"
"clean_D2","GSTK1"
"clean_D2","NFE2L1"
"clean_D2","PDIA4"
"clean_D2","CAP1"
"clean_D2","ABHD14A"
"clean_D2","PLGRKT"
"clean_D2","SERP1"
"clean_D2","FAAP20"
"clean_D2","PPP4C"
"clean_D2","NRN1"
"clean_D2","ITGB5"
"clean_D2","PDZD11"
"clean_D2","CLTB"
"clean_D2","TADA3"
"clean_D2","MZT2A"
"clean_D2","PTGIS"
"clean_D2","FGGY"
"clean_D2","HSPB6"
"clean_D2","C19orf70"
"clean_D2","PPP1CA"
"clean_D2","TMEM54"
"clean_D2","SSR2"
"clean_D2","SPHK1"
"clean_D2","LY6E"
"clean_D2","TMEM120B"
"clean_D2","PRSS23"
"clean_D2","DCN"
"clean_D2","C17orf89"
"clean_D2","GSDMD"
"clean_D2","NFATC2"
"clean_D2","PRKCSH"
"clean_D2","CENPP"
"clean_D2","FBXW5"
"clean_D2","DDRGK1"
"clean_D2","CTC-479C5.12"
"clean_D2","ANAPC11"
"clean_D2","MAN1B1"
"clean_D2","NDUFA6"
"clean_D2","GPX1"
"clean_D2","MICAL2"
"clean_D2","TAPBP"
"clean_D2","TMED9"
"clean_D2","FUCA2"
"clean_D2","TP53I13"
"clean_D2","IFI16"
"clean_D2","SEC61G"
"clean_D2","ARPC2"
"clean_D2","NCS1"
"clean_D2","GMPPB"
"clean_D2","TMEM45A"
"clean_D2","FAM109B"
"clean_D2","G6PC3"
"clean_D2","ARF5"
"clean_D2","MGAT1"
"clean_D2","ATP5G1"
"clean_D2","PPP1R9B"
"clean_D2","SH3GLB1"
"clean_D2","SHISA4"
"clean_D2","PALM"
"clean_D2","COLGALT1"
"clean_D2","IGF2"
"clean_D2","CLDN4"
"clean_D2","EIF5A"
"clean_D2","TGFB1I1"
"clean_D2","ORAI2"
"clean_D2","WIPI1"
"clean_D2","CLEC2B"
"clean_D2","SNRNP25"
"clean_D2","UQCR11"
"clean_D2","DDB2"
"clean_D2","GALNT5"
"clean_D2","NAGLU"
"clean_D2","UBXN6"
"clean_D2","SCP2"
"clean_D2","IKBIP"
"clean_D2","MAN1C1"
"clean_D2","COPS7A"
"clean_D2","WBP5"
"clean_D2","VAT1"
"clean_D2","PEA15"
"clean_D2","TXN2"
"clean_D2","ECM2"
"clean_D2","TBC1D1"
"clean_D2","NDUFB3"
"clean_D2","APOE"
"clean_D2","FAM129A"
"clean_D2","SLC39A7"
"clean_D2","KIAA2013"
"clean_D2","TNC"
"clean_D2","CLPP"
"clean_D2","HMOX2"
"clean_D2","MAST2"
"clean_D2","GPC1"
"clean_D2","PRADC1"
"clean_D2","KLHL22"
"clean_D2","ARAP1"
"clean_D2","GUK1"
"clean_D2","IGDCC4"
"clean_D2","CHD3"
"clean_D2","NDUFA3"
"clean_D2","PSMB8"
"clean_D2","KLHDC3"
"clean_D2","MIF"
"clean_D2","GOLGA3"
"clean_D2","ST6GALNAC6"
"clean_D2","THOC6"
"clean_D2","GTF3C1"
"clean_D2","GNG5"
"clean_D2","BAD"
"clean_D2","DPYSL3"
"clean_D2","TIMM8B"
"clean_D2","MYO1C"
"clean_D2","CRELD2"
"clean_D2","CALR"
"clean_D2","C11orf68"
"clean_D2","B2M"
"clean_D2","C19orf24"
"clean_D2","FAM102A"
"clean_D2","NUTF2"
"clean_D2","UROS"
"clean_D2","CALM3"
"clean_D2","PRICKLE1"
"clean_D2","TXNDC15"
"clean_D2","EFEMP1"
"clean_D2","CCDC124"
"clean_D2","NDUFB2"
"clean_D2","GRINA"
"clean_D2","FAM177A1"
"clean_D2","GIPC1"
"clean_D2","ZNF106"
"clean_D2","SLC12A4"
"clean_D2","SRPX2"
"clean_D2","ECHS1"
"clean_D2","ANXA1"
"clean_D2","FAM234A"
"clean_D2","TWF2"
"clean_D2","ITGA5"
"clean_D2","RARRES3"
"clean_D2","AKR1C3"
"clean_D2","TMEM208"
"clean_D2","BUD31"
"clean_D2","CCDC167"
"clean_D2","SCARF2"
"clean_D2","RNPEPL1"
"clean_D2","OLFM2"
"clean_D2","SPINT2"
"clean_D2","BRI3"
"clean_D2","RP11-196G11.1"
"clean_D2","KCNK6"
"clean_D2","LRPAP1"
"clean_D2","FBLIM1"
"clean_D2","ARSA"
"clean_D2","RNASEH2C"
"clean_D2","TXNL4A"
"clean_D2","GTF3C6"
"clean_D2","AKT1S1"
"clean_D2","SH3GL1"
"clean_D2","AP3D1"
"clean_D2","QSOX1"
"clean_D2","TXLNA"
"clean_D2","GPC6"
"clean_D2","LTBP3"
"clean_D2","FAM229B"
"clean_D2","C12orf75"
"clean_D2","SRM"
"clean_D2","PPDPF"
"clean_D2","PRKCDBP"
"clean_D2","GTF3A"
"clean_D2","JDP2"
"clean_D2","RP11-282O18.3"
"clean_D2","TRAPPC1"
"clean_D2","GSR"
"clean_D2","PDIA5"
"clean_D2","RHOC"
"clean_D2","UROD"
"clean_D2","IMPDH1"
"clean_D2","YIF1B"
"clean_D2","MED8"
"clean_D2","UQCC2"
"clean_D2","CD276"
"clean_D2","GLMP"
"clean_D2","BTN3A2"
"clean_D2","TANC2"
"clean_D2","ZNHIT1"
"clean_D2","EIF4G1"
"clean_D2","UQCRQ"
"clean_D2","GRIN2D"
"clean_D2","COPA"
"clean_D2","FMO1"
"clean_D2","CD63"
"clean_D2","ARPC4"
"clean_D2","ITGB1BP1"
"clean_D2","NDST1"
"clean_D2","CHPF2"
"clean_D2","GLT8D2"
"clean_D2","ATP6V0D1"
"clean_D2","SEMA3C"
"clean_D2","PLEKHA4"
"clean_D2","ARPC1A"
"clean_D2","A2M"
"clean_D2","CDK2AP1"
"clean_D2","MINOS1-NBL1"
"clean_D2","HAPLN3"
"clean_D2","TPM2"
"clean_D2","ZEB1"
"clean_D2","ERCC1"
"clean_D2","MEIS3"
"clean_D2","ACTB"
"clean_D2","MYLK"
"clean_D2","CD82"
"clean_D2","PLXNB2"
"clean_D2","PLOD2"
"clean_D2","LINC01615"
"clean_D2","SLC39A13"
"clean_D2","ARHGAP28"
"clean_D2","RAD51B"
"clean_D2","CTSC"
"clean_D2","NANS"
"clean_D2","GAA"
"clean_D2","TNFRSF1A"
"clean_D2","GALNT2"
"clean_D2","PLAUR"
"clean_D2","PAPSS2"
"clean_D2","DAPK3"
"clean_D2","GPI"
"clean_D2","AGTRAP"
"clean_D2","HOMER3"
"clean_D2","NAA10"
"clean_D2","COPZ1"
"clean_D2","NRBP1"
"clean_D2","NPTX2"
"clean_D2","CXXC5"
"clean_D2","TMEM147"
"clean_D2","CTTN"
"clean_D2","METRNL"
"clean_D2","XBP1"
"clean_D2","FUT11"
"clean_D2","DNPH1"
"clean_D2","ST3GAL2"
"clean_D2","FIBP"
"clean_D2","ETHE1"
"clean_D2","TMEM219"
"clean_D2","CDC42EP5"
"clean_D2","C7orf73"
"clean_D2","S100A13"
"clean_D2","ZYX"
"clean_D2","PDZRN4"
"clean_D2","MAP7D1"
"clean_D2","FHL3"
"clean_D2","PGLS"
"clean_D2","CAPZB"
"clean_D2","ERI3"
"clean_D2","PDE4DIP"
"clean_D2","GALNT10"
"clean_D2","B4GALT1"
"clean_D2","NME1"
"clean_D2","LMF2"
"clean_D2","DPM2"
"clean_D2","VTI1B"
"clean_D2","TRAPPC2L"
"clean_D2","THBS3"
"clean_D2","CNN2"
"clean_D2","DYNLT1"
"clean_D2","VGLL3"
"clean_D2","TRIOBP"
"clean_D2","THBS1"
"clean_D2","EPHB3"
"clean_D2","POMP"
"clean_D2","MFAP2"
"clean_D2","FAM195B"
"clean_D2","C11orf96"
"clean_D2","PXDN"
"clean_D2","COMMD5"
"clean_D2","P4HA3"
"clean_D2","VOPP1"
"clean_D2","ALDH1L2"
"clean_D2","TNFSF10"
"clean_D2","HEXA"
"clean_D2","SEMA3B"
"clean_D2","UBE2L6"
"clean_D2","SURF4"
"clean_D2","SPARCL1"
"clean_D2","LASP1"
"clean_D2","TP53I3"
"clean_D2","SRPRB"
"clean_D2","SHISA5"
"clean_D2","CTGF"
"clean_D2","AC024592.12"
"clean_D2","TENM3"
"clean_D2","TMEM261"
"clean_D2","JTB"
"clean_D2","NSMCE1"
"clean_D2","CCDC28B"
"clean_D2","GRN"
"clean_D2","FLNA"
"clean_D2","COPG1"
"clean_D2","EIF4E2"
"clean_D2","LAMB2"
"clean_D2","SHC1"
"clean_D2","LUM"
"clean_D2","ISLR"
"clean_D2","MYO1D"
"clean_D2","NEK6"
"clean_D2","PGM1"
"clean_D2","PFN1"
"clean_D2","TMEM176B"
"clean_D2","MLEC"
"clean_D2","HN1"
"clean_D2","EDIL3"
"clean_D2","SNF8"
"clean_D2","MPG"
"clean_D2","LINC01116"
"clean_D2","SWI5"
"clean_D2","NXN"
"clean_D2","PTN"
"clean_D2","TPM4"
"clean_D2","FAM89B"
"clean_D2","SMCO4"
"clean_D2","APBB2"
"clean_D2","A1BG"
"clean_D2","HES4"
"clean_D2","SSR4"
"clean_D2","VAMP5"
"clean_D2","CTSZ"
"clean_D2","FIBIN"
"clean_D2","DNAJC1"
"clean_D2","ZFHX4"
"clean_D2","NEK10"
"clean_D2","SGCD"
"clean_D2","MSRB3"
"clean_D2","PGAM1"
"clean_D2","LRRC59"
"clean_D2","TAF10"
"clean_D2","GPAA1"
"clean_D2","DBN1"
"clean_D2","APOL2"
"clean_D2","MAP4"
"clean_D2","NDUFS8"
"clean_D2","CAMK1D"
"clean_D2","SH3PXD2A"
"clean_D2","LAMC1"
"clean_D2","MYH9"
"clean_D2","PLPP4"
"clean_D2","SEC24D"
"clean_D2","EIF4EBP1"
"clean_D2","OSTC"
"clean_D2","ILK"
"clean_D2","COPE"
"clean_D2","AHR"
"clean_D2","FAM50A"
"clean_D2","RYR2"
"clean_D2","CNN3"
"clean_D2","NGFR"
"clean_D2","CCDC107"
"clean_D2","AQP1"
"clean_D2","CYR61"
"clean_D2","SMTN"
"clean_D2","DAP"
"clean_D2","PHLDA3"
"clean_D2","GARS"
"clean_D2","CGREF1"
"clean_D2","IDH2"
"clean_D2","ERLEC1"
"clean_D2","C9orf16"
"clean_D2","C1QTNF3"
"clean_D2","SDF4"
"clean_D2","ZCCHC24"
"clean_D2","GMPPA"
"clean_D2","ALDH18A1"
"clean_D2","CIB1"
"clean_D2","IGFBP6"
"clean_D2","SLC27A4"
"clean_D2","JOSD2"
"clean_D2","ENAH"
"clean_D2","CD99"
"clean_D2","UCHL1"
"clean_D2","CALU"
"clean_D2","TMEM176A"
"clean_D2","CKLF"
"clean_D2","CYBA"
"clean_D2","CSRP2"
"clean_D2","VEGFB"
"clean_D2","LAMTOR2"
"clean_D2","TUBA1C"
"clean_D2","KIAA1462"
"clean_D2","ACKR1"
"clean_D2","PACS1"
"clean_D2","RRBP1"
"clean_D2","FBLN7"
"clean_D2","RTEL1-TNFRSF6B"
"clean_D2","NUCB1"
"clean_D2","FKBP7"
"clean_D2","S100A7"
"clean_D2","COTL1"
"clean_D2","HLA-DRB1"
"clean_D2","SIL1"
"clean_D2","SSR3"
"clean_D2","IL1R1"
"clean_D2","S100A16"
"clean_D2","LMCD1"
"clean_D2","KHDRBS3"
"clean_D2","GALNS"
"clean_D2","ADAMTS12"
"clean_D2","SAR1A"
"clean_D2","ARF4"
"clean_D2","TMSB4X"
"clean_D2","YIF1A"
"clean_D2","ARFGAP1"
"clean_D2","GPR78"
"clean_D2","ITGBL1"
"clean_D2","XG"
"clean_D2","CDKN2A"
"clean_D2","LAMA4"
"clean_D2","LGMN"
"clean_D2","CTSA"
"clean_D2","SCO2"
"clean_D2","CCL14"
"clean_D2","SEC61A1"
"clean_D2","FMOD"
"clean_D2","AKR1A1"
"clean_D2","IFI6"
"clean_D2","ANXA6"
"clean_D2","C7orf50"
"clean_D2","IFITM3"
"clean_D2","FTL"
"clean_D2","FARP1"
"clean_D2","HMCN1"
"clean_D2","PARVB"
"clean_D2","RP11-25H12.1"
"clean_D2","SRA1"
"clean_D2","LOX"
"clean_D2","TUBB2A"
"clean_D2","PLTP"
"clean_D2","RP11-417E7.2"
"clean_D2","C1S"
"clean_D2","LGALS1"
"clean_D2","TGFB3"
"clean_D2","CRABP2"
"clean_D2","NID2"
"clean_D2","C4orf48"
"clean_D2","HTRA1"
"clean_D2","FLNC"
"clean_D2","MXRA7"
"clean_D2","CLEC11A"
"clean_D2","IFT20"
"clean_D2","ROR2"
"clean_D2","NME1-NME2"
"clean_D2","TNFAIP6"
"clean_D2","RP11-14N7.2"
"clean_D2","S100A9"
"clean_D2","SNX8"
"clean_D2","ECM1"
"clean_D2","GPX7"
"clean_D2","HIC1"
"clean_D2","EPHB2"
"clean_D2","GLIPR2"
"clean_D2","EVL"
"clean_D2","PRAF2"
"clean_D2","TMEM214"
"clean_D2","CYB561"
"clean_D2","MAGED1"
"clean_D2","HM13"
"clean_D2","FNDC1"
"clean_D2","C11orf24"
"clean_D2","HTRA3"
"clean_D2","NT5DC2"
"clean_D2","PLAU"
"clean_D2","NAGK"
"clean_D2","SPATS2L"
"clean_D2","FKBP9"
"clean_D2","PLOD1"
"clean_D2","SEMA6B"
"clean_D2","TXNDC5"
"clean_D2","P4HB"
"clean_D2","CUEDC1"
"clean_D2","SLC38A10"
"clean_D2","POLD4"
"clean_D2","CISD1"
"clean_D2","TTYH3"
"clean_D2","DAB2"
"clean_D2","OLFML3"
"clean_D2","HDLBP"
"clean_D2","KDELR2"
"clean_D2","PLIN3"
"clean_D2","METRN"
"clean_D2","IFI27"
"clean_D2","BACE2"
"clean_D2","ANGPTL2"
"clean_D2","TMED3"
"clean_D2","TGFBI"
"clean_D2","ABI3BP"
"clean_D2","SORCS2"
"clean_D2","TPM1"
"clean_D2","HMCN2"
"clean_D2","MYOF"
"clean_D2","AP2S1"
"clean_D2","PDGFRL"
"clean_D2","SEC13"
"clean_D2","RUNX1"
"clean_D2","PLXDC2"
"clean_D2","LRP1"
"clean_D2","BGN"
"clean_D2","ADAMTS14"
"clean_D2","FKBP14"
"clean_D2","ATOX1"
"clean_D2","NME4"
"clean_D2","ISOC2"
"clean_D2","CD151"
"clean_D2","CTSB"
"clean_D2","MVP"
"clean_D2","MAP4K4"
"clean_D2","C1R"
"clean_D2","FAM20C"
"clean_D2","GPX8"
"clean_D2","OST4"
"clean_D2","RCN1"
"clean_D2","INAFM1"
"clean_D2","PRDX4"
"clean_D2","AC005943.2"
"clean_D2","S100A8"
"clean_D2","FBLN1"
"clean_D2","TMEM119"
"clean_D2","MIR99AHG"
"clean_D2","EHD2"
"clean_D2","LRRC32"
"clean_D2","ISG15"
"clean_D2","CADM1"
"clean_D2","FAM114A1"
"clean_D2","PDXK"
"clean_D2","CTSK"
"clean_D2","PHPT1"
"clean_D2","KDELR3"
"clean_D2","SSC5D"
"clean_D2","ARHGAP1"
"clean_D2","HEG1"
"clean_D2","TNFRSF12A"
"clean_D2","DPT"
"clean_D2","ITGA11"
"clean_D2","PIEZO2"
"clean_D2","B4GALT2"
"clean_D2","TYMP"
"clean_D2","CD74"
"clean_D2","HLA-DRA"
"clean_D2","EFEMP2"
"clean_D2","PALLD"
"clean_D2","CST3"
"clean_D2","C1orf122"
"clean_D2","GAS6"
"clean_D2","ZMAT3"
"clean_D2","LIMA1"
"clean_D2","PDLIM7"
"clean_D2","PDLIM2"
"clean_D2","MYDGF"
"clean_D2","CILP2"
"clean_D2","GUCY1A3"
"clean_D2","BNC2"
"clean_D2","COL18A1"
"clean_D2","LGALS3BP"
"clean_D2","TMSB10"
"clean_D2","S100A11"
"clean_D2","C1QTNF5"
"clean_D2","FSTL1"
"clean_D2","OGN"
"clean_D2","THBS4"
"clean_D2","GOLM1"
"clean_D2","P3H3"
"clean_D2","HCFC1R1"
"clean_D2","ARPC1B"
"clean_D2","FKBP11"
"clean_D2","CCDC80"
"clean_D2","AK1"
"clean_D2","C1QTNF6"
"clean_D2","PODN"
"clean_D2","ACTA2"
"clean_D2","CKAP4"
"clean_D2","SULF1"
"clean_D2","ZNF469"
"clean_D2","P3H1"
"clean_D2","MIR4435-2HG"
"clean_D2","FAP"
"clean_D2","TSHZ2"
"clean_D2","COL11A1"
"clean_D2","VKORC1"
"clean_D2","SMOC2"
"clean_D2","CHPF"
"clean_D2","NBL1"
"clean_D2","COL12A1"
"clean_D2","FKBP10"
"clean_D2","SULF2"
"clean_D2","COL16A1"
"clean_D2","MMP2"
"clean_D2","SERF2"
"clean_D2","MXRA5"
"clean_D2","P4HA2"
"clean_D2","NREP"
"clean_D2","PYCR1"
"clean_D2","EMILIN1"
"clean_D2","MYL9"
"clean_D2","RARRES2"
"clean_D2","LINC00152"
"clean_D2","P3H4"
"clean_D2","PPIB"
"clean_D2","VCAN"
"clean_D2","CPXM1"
"clean_D2","IGFBP4"
"clean_D2","ARMC9"
"clean_D2","SERPINF1"
"clean_D2","COPZ2"
"clean_D2","PPIC"
"clean_D2","FOXP1"
"clean_D2","OLFML2B"
"clean_D2","LRRC15"
"clean_D2","ASPN"
"clean_D2","COL5A3"
"clean_D2","SFRP4"
"clean_D2","SEPT11"
"clean_D2","BASP1"
"clean_D2","NNMT"
"clean_D2","MARCKS"
"clean_D2","HSPG2"
"clean_D2","TIMP1"
"clean_D2","ARL4C"
"clean_D2","AEBP1"
"clean_D2","WISP2"
"clean_D2","TAGLN"
"clean_D2","BMP1"
"clean_D2","COL8A1"
"clean_D2","THBS2"
"clean_D2","FBN1"
"clean_D2","MRC2"
"clean_D2","COL6A1"
"clean_D2","CTHRC1"
"clean_D2","PCOLCE"
"clean_D2","COL14A1"
"clean_D2","ADAMTS2"
"clean_D2","COMP"
"clean_D2","IGFBP7"
"clean_D2","COL6A3"
"clean_D2","RCN3"
"clean_D2","POSTN"
"clean_D2","ADAM12"
"clean_D2","COL6A2"
"clean_D2","MDK"
"clean_D2","CREB3L1"
"clean_D2","CERCAM"
"clean_D2","GXYLT2"
"clean_D2","SERPINH1"
"clean_D2","THY1"
"clean_D2","FN1"
"clean_D2","SFRP2"
"clean_D2","COL5A2"
"clean_D2","COL3A1"
"clean_D2","COL5A1"
"clean_D2","COL1A2"
"clean_D2","SPARC"
"clean_D2","COL1A1"
"branch_common_increasing","HAS2"
"branch_common_increasing","PMP22"
"branch_common_increasing","PRELP"
"branch_common_increasing","HLA-A"
"branch_common_increasing","ADGRA2"
"branch_common_increasing","NUCB2"
"branch_common_increasing","CSF1"
"branch_common_increasing","CMBL"
"branch_common_increasing","FAM20A"
"branch_common_increasing","TMEM263"
"branch_common_increasing","KCTD12"
"branch_common_increasing","COL15A1"
"branch_common_increasing","LRRC75A"
"branch_common_increasing","PTGDS"
"branch_common_increasing","SLC35E1"
"branch_common_increasing","TTC3"
"branch_common_increasing","ELN"
"branch_common_increasing","IL32"
"branch_common_increasing","CHRD"
"branch_common_increasing","CCND2"
"branch_common_increasing","TMEM205"
"branch_common_increasing","MRGPRF"
"branch_common_increasing","TSPAN9"
"branch_common_increasing","PTPN14"
"branch_common_increasing","CD248"
"branch_common_increasing","CYP1B1"
"branch_common_increasing","LTBR"
"branch_common_increasing","SERPINB6"
"branch_common_increasing","FBLN2"
"branch_common_increasing","ARHGAP22"
"branch_common_increasing","MYO18A"
"branch_common_increasing","RP11-492E3.51"
"branch_common_increasing","IFNGR2"
"branch_common_increasing","CFH"
"branch_common_increasing","PRKAR2A"
"branch_common_increasing","SEC31A"
"branch_common_increasing","CLEC2A"
"branch_common_increasing","SEC23A"
"branch_common_increasing","TENM4"
"branch_common_increasing","CILP"
"branch_common_increasing","CCL2"
"branch_common_increasing","BRE"
"branch_common_increasing","CXCL12"
"branch_common_increasing","NRN1"
"branch_common_increasing","CLTB"
"branch_common_increasing","PTGIS"
"branch_common_increasing","FGGY"
"branch_common_increasing","DCN"
"branch_common_increasing","NFATC2"
"branch_common_increasing","CENPP"
"branch_common_increasing","FUCA2"
"branch_common_increasing","IFI16"
"branch_common_increasing","SH3GLB1"
"branch_common_increasing","PALM"
"branch_common_increasing","CLEC2B"
"branch_common_increasing","DDB2"
"branch_common_increasing","GALNT5"
"branch_common_increasing","MAN1C1"
"branch_common_increasing","ECM2"
"branch_common_increasing","APOE"
"branch_common_increasing","FAM129A"
"branch_common_increasing","TNC"
"branch_common_increasing","MAST2"
"branch_common_increasing","KLHL22"
"branch_common_increasing","ARAP1"
"branch_common_increasing","IGDCC4"
"branch_common_increasing","KLHDC3"
"branch_common_increasing","GTF3C1"
"branch_common_increasing","DPYSL3"
"branch_common_increasing","MYO1C"
"branch_common_increasing","B2M"
"branch_common_increasing","FAM102A"
"branch_common_increasing","TXNDC15"
"branch_common_increasing","EFEMP1"
"branch_common_increasing","ZNF106"
"branch_common_increasing","SLC12A4"
"branch_common_increasing","ANXA1"
"branch_common_increasing","RARRES3"
"branch_common_increasing","AKR1C3"
"branch_common_increasing","RNPEPL1"
"branch_common_increasing","OLFM2"
"branch_common_increasing","KCNK6"
"branch_common_increasing","ARSA"
"branch_common_increasing","AP3D1"
"branch_common_increasing","LTBP3"
"branch_common_increasing","JDP2"
"branch_common_increasing","GSR"
"branch_common_increasing","PDIA5"
"branch_common_increasing","UROD"
"branch_common_increasing","BTN3A2"
"branch_common_increasing","GRIN2D"
"branch_common_increasing","FMO1"
"branch_common_increasing","ITGB1BP1"
"branch_common_increasing","NDST1"
"branch_common_increasing","CHPF2"
"branch_common_increasing","GLT8D2"
"branch_common_increasing","SEMA3C"
"branch_common_increasing","PLEKHA4"
"branch_common_increasing","MINOS1-NBL1"
"branch_common_increasing","ZEB1"
"branch_common_increasing","ERCC1"
"branch_common_increasing","MEIS3"
"branch_common_increasing","MYLK"
"branch_common_increasing","CD82"
"branch_common_increasing","PLXNB2"
"branch_common_increasing","PLOD2"
"branch_common_increasing","ARHGAP28"
"branch_common_increasing","RAD51B"
"branch_common_increasing","CTSC"
"branch_common_increasing","TNFRSF1A"
"branch_common_increasing","GALNT2"
"branch_common_increasing","PAPSS2"
"branch_common_increasing","DAPK3"
"branch_common_increasing","CXXC5"
"branch_common_increasing","CTTN"
"branch_common_increasing","METRNL"
"branch_common_increasing","FUT11"
"branch_common_increasing","DNPH1"
"branch_common_increasing","ST3GAL2"
"branch_common_increasing","TMEM219"
"branch_common_increasing","C7orf73"
"branch_common_increasing","S100A13"
"branch_common_increasing","CAPZB"
"branch_common_increasing","ERI3"
"branch_common_increasing","PDE4DIP"
"branch_common_increasing","GALNT10"
"branch_common_increasing","B4GALT1"
"branch_common_increasing","THBS3"
"branch_common_increasing","VGLL3"
"branch_common_increasing","TRIOBP"
"branch_common_increasing","THBS1"
"branch_common_increasing","EPHB3"
"branch_common_increasing","C11orf96"
"branch_common_increasing","PXDN"
"branch_common_increasing","VOPP1"
"branch_common_increasing","ALDH1L2"
"branch_common_increasing","TNFSF10"
"branch_common_increasing","HEXA"
"branch_common_increasing","SEMA3B"
"branch_common_increasing","SPARCL1"
"branch_common_increasing","LASP1"
"branch_common_increasing","CTGF"
"branch_common_increasing","CCDC28B"
"branch_common_increasing","GRN"
"branch_common_increasing","FLNA"
"branch_common_increasing","COPG1"
"branch_common_increasing","LAMB2"
"branch_common_increasing","SHC1"
"branch_common_increasing","ISLR"
"branch_common_increasing","MYO1D"
"branch_common_increasing","NEK6"
"branch_common_increasing","TMEM176B"
"branch_common_increasing","MLEC"
"branch_common_increasing","EDIL3"
"branch_common_increasing","LINC01116"
"branch_common_increasing","NXN"
"branch_common_increasing","PTN"
"branch_common_increasing","TPM4"
"branch_common_increasing","SMCO4"
"branch_common_increasing","VAMP5"
"branch_common_increasing","CTSZ"
"branch_common_increasing","FIBIN"
"branch_common_increasing","DNAJC1"
"branch_common_increasing","ZFHX4"
"branch_common_increasing","NEK10"
"branch_common_increasing","SGCD"
"branch_common_increasing","MSRB3"
"branch_common_increasing","APOL2"
"branch_common_increasing","MAP4"
"branch_common_increasing","CAMK1D"
"branch_common_increasing","SH3PXD2A"
"branch_common_increasing","LAMC1"
"branch_common_increasing","MYH9"
"branch_common_increasing","PLPP4"
"branch_common_increasing","SEC24D"
"branch_common_increasing","ILK"
"branch_common_increasing","AHR"
"branch_common_increasing","RYR2"
"branch_common_increasing","NGFR"
"branch_common_increasing","CCDC107"
"branch_common_increasing","AQP1"
"branch_common_increasing","CYR61"
"branch_common_increasing","SMTN"
"branch_common_increasing","DAP"
"branch_common_increasing","PHLDA3"
"branch_common_increasing","GARS"
"branch_common_increasing","CGREF1"
"branch_common_increasing","IDH2"
"branch_common_increasing","ERLEC1"
"branch_common_increasing","C1QTNF3"
"branch_common_increasing","SDF4"
"branch_common_increasing","ZCCHC24"
"branch_common_increasing","GMPPA"
"branch_common_increasing","ALDH18A1"
"branch_common_increasing","IGFBP6"
"branch_common_increasing","ENAH"
"branch_common_increasing","CD99"
"branch_common_increasing","CALU"
"branch_common_increasing","TMEM176A"
"branch_common_increasing","CYBA"
"branch_common_increasing","CSRP2"
"branch_common_increasing","VEGFB"
"branch_common_increasing","TUBA1C"
"branch_common_increasing","KIAA1462"
"branch_common_increasing","ACKR1"
"branch_common_increasing","PACS1"
"branch_common_increasing","FBLN7"
"branch_common_increasing","RTEL1-TNFRSF6B"
"branch_common_increasing","FKBP7"
"branch_common_increasing","S100A7"
"branch_common_increasing","COTL1"
"branch_common_increasing","HLA-DRB1"
"branch_common_increasing","SIL1"
"branch_common_increasing","IL1R1"
"branch_common_increasing","S100A16"
"branch_common_increasing","LMCD1"
"branch_common_increasing","KHDRBS3"
"branch_common_increasing","GALNS"
"branch_common_increasing","ADAMTS12"
"branch_common_increasing","SAR1A"
"branch_common_increasing","ARF4"
"branch_common_increasing","ARFGAP1"
"branch_common_increasing","GPR78"
"branch_common_increasing","ITGBL1"
"branch_common_increasing","XG"
"branch_common_increasing","CDKN2A"
"branch_common_increasing","LAMA4"
"branch_common_increasing","LGMN"
"branch_common_increasing","CTSA"
"branch_common_increasing","SCO2"
"branch_common_increasing","CCL14"
"branch_common_increasing","SEC61A1"
"branch_common_increasing","FMOD"
"branch_common_increasing","AKR1A1"
"branch_common_increasing","ANXA6"
"branch_common_increasing","IFITM3"
"branch_common_increasing","FARP1"
"branch_common_increasing","HMCN1"
"branch_common_increasing","PARVB"
"branch_common_increasing","RP11-25H12.1"
"branch_common_increasing","LOX"
"branch_common_increasing","TUBB2A"
"branch_common_increasing","PLTP"
"branch_common_increasing","C1S"
"branch_common_increasing","TGFB3"
"branch_common_increasing","CRABP2"
"branch_common_increasing","NID2"
"branch_common_increasing","HTRA1"
"branch_common_increasing","FLNC"
"branch_common_increasing","MXRA7"
"branch_common_increasing","CLEC11A"
"branch_common_increasing","ROR2"
"branch_common_increasing","RP11-14N7.2"
"branch_common_increasing","S100A9"
"branch_common_increasing","SNX8"
"branch_common_increasing","ECM1"
"branch_common_increasing","HIC1"
"branch_common_increasing","EPHB2"
"branch_common_increasing","GLIPR2"
"branch_common_increasing","EVL"
"branch_common_increasing","TMEM214"
"branch_common_increasing","CYB561"
"branch_common_increasing","MAGED1"
"branch_common_increasing","HM13"
"branch_common_increasing","FNDC1"
"branch_common_increasing","C11orf24"
"branch_common_increasing","HTRA3"
"branch_common_increasing","NT5DC2"
"branch_common_increasing","PLAU"
"branch_common_increasing","NAGK"
"branch_common_increasing","SPATS2L"
"branch_common_increasing","FKBP9"
"branch_common_increasing","PLOD1"
"branch_common_increasing","SEMA6B"
"branch_common_increasing","TXNDC5"
"branch_common_increasing","P4HB"
"branch_common_increasing","CUEDC1"
"branch_common_increasing","SLC38A10"
"branch_common_increasing","POLD4"
"branch_common_increasing","CISD1"
"branch_common_increasing","TTYH3"
"branch_common_increasing","DAB2"
"branch_common_increasing","OLFML3"
"branch_common_increasing","HDLBP"
"branch_common_increasing","KDELR2"
"branch_common_increasing","PLIN3"
"branch_common_increasing","IFI27"
"branch_common_increasing","BACE2"
"branch_common_increasing","ANGPTL2"
"branch_common_increasing","TMED3"
"branch_common_increasing","TGFBI"
"branch_common_increasing","ABI3BP"
"branch_common_increasing","SORCS2"
"branch_common_increasing","TPM1"
"branch_common_increasing","HMCN2"
"branch_common_increasing","MYOF"
"branch_common_increasing","PDGFRL"
"branch_common_increasing","SEC13"
"branch_common_increasing","RUNX1"
"branch_common_increasing","PLXDC2"
"branch_common_increasing","LRP1"
"branch_common_increasing","ADAMTS14"
"branch_common_increasing","FKBP14"
"branch_common_increasing","ATOX1"
"branch_common_increasing","NME4"
"branch_common_increasing","CD151"
"branch_common_increasing","CTSB"
"branch_common_increasing","MVP"
"branch_common_increasing","MAP4K4"
"branch_common_increasing","C1R"
"branch_common_increasing","FAM20C"
"branch_common_increasing","GPX8"
"branch_common_increasing","RCN1"
"branch_common_increasing","INAFM1"
"branch_common_increasing","PRDX4"
"branch_common_increasing","S100A8"
"branch_common_increasing","FBLN1"
"branch_common_increasing","TMEM119"
"branch_common_increasing","MIR99AHG"
"branch_common_increasing","EHD2"
"branch_common_increasing","LRRC32"
"branch_common_increasing","ISG15"
"branch_common_increasing","CADM1"
"branch_common_increasing","FAM114A1"
"branch_common_increasing","PDXK"
"branch_common_increasing","CTSK"
"branch_common_increasing","PHPT1"
"branch_common_increasing","KDELR3"
"branch_common_increasing","SSC5D"
"branch_common_increasing","ARHGAP1"
"branch_common_increasing","HEG1"
"branch_common_increasing","TNFRSF12A"
"branch_common_increasing","DPT"
"branch_common_increasing","ITGA11"
"branch_common_increasing","PIEZO2"
"branch_common_increasing","B4GALT2"
"branch_common_increasing","TYMP"
"branch_common_increasing","CD74"
"branch_common_increasing","HLA-DRA"
"branch_common_increasing","EFEMP2"
"branch_common_increasing","PALLD"
"branch_common_increasing","CST3"
"branch_common_increasing","C1orf122"
"branch_common_increasing","GAS6"
"branch_common_increasing","ZMAT3"
"branch_common_increasing","LIMA1"
"branch_common_increasing","PDLIM7"
"branch_common_increasing","PDLIM2"
"branch_common_increasing","MYDGF"
"branch_common_increasing","CILP2"
"branch_common_increasing","GUCY1A3"
"branch_common_increasing","BNC2"
"branch_common_increasing","COL18A1"
"branch_common_increasing","LGALS3BP"
"branch_common_increasing","TMSB10"
"branch_common_increasing","S100A11"
"branch_common_increasing","C1QTNF5"
"branch_common_increasing","FSTL1"
"branch_common_increasing","OGN"
"branch_common_increasing","THBS4"
"branch_common_increasing","GOLM1"
"branch_common_increasing","P3H3"
"branch_common_increasing","HCFC1R1"
"branch_common_increasing","ARPC1B"
"branch_common_increasing","FKBP11"
"branch_common_increasing","CCDC80"
"branch_common_increasing","AK1"
"branch_common_increasing","C1QTNF6"
"branch_common_increasing","PODN"
"branch_common_increasing","ACTA2"
"branch_common_increasing","CKAP4"
"branch_common_increasing","SULF1"
"branch_common_increasing","ZNF469"
"branch_common_increasing","P3H1"
"branch_common_increasing","MIR4435-2HG"
"branch_common_increasing","FAP"
"branch_common_increasing","TSHZ2"
"branch_common_increasing","COL11A1"
"branch_common_increasing","VKORC1"
"branch_common_increasing","SMOC2"
"branch_common_increasing","CHPF"
"branch_common_increasing","NBL1"
"branch_common_increasing","COL12A1"
"branch_common_increasing","FKBP10"
"branch_common_increasing","SULF2"
"branch_common_increasing","COL16A1"
"branch_common_increasing","MMP2"
"branch_common_increasing","SERF2"
"branch_common_increasing","MXRA5"
"branch_common_increasing","P4HA2"
"branch_common_increasing","NREP"
"branch_common_increasing","PYCR1"
"branch_common_increasing","EMILIN1"
"branch_common_increasing","MYL9"
"branch_common_increasing","RARRES2"
"branch_common_increasing","LINC00152"
"branch_common_increasing","P3H4"
"branch_common_increasing","PPIB"
"branch_common_increasing","VCAN"
"branch_common_increasing","CPXM1"
"branch_common_increasing","IGFBP4"
"branch_common_increasing","ARMC9"
"branch_common_increasing","SERPINF1"
"branch_common_increasing","COPZ2"
"branch_common_increasing","PPIC"
"branch_common_increasing","FOXP1"
"branch_common_increasing","OLFML2B"
"branch_common_increasing","LRRC15"
"branch_common_increasing","ASPN"
"branch_common_increasing","COL5A3"
"branch_common_increasing","SFRP4"
"branch_common_increasing","SEPT11"
"branch_common_increasing","BASP1"
"branch_common_increasing","NNMT"
"branch_common_increasing","MARCKS"
"branch_common_increasing","HSPG2"
"branch_common_increasing","TIMP1"
"branch_common_increasing","ARL4C"
"branch_common_increasing","AEBP1"
"branch_common_increasing","WISP2"
"branch_common_increasing","TAGLN"
"branch_common_increasing","BMP1"
"branch_common_increasing","COL8A1"
"branch_common_increasing","THBS2"
"branch_common_increasing","FBN1"
"branch_common_increasing","MRC2"
"branch_common_increasing","COL6A1"
"branch_common_increasing","CTHRC1"
"branch_common_increasing","PCOLCE"
"branch_common_increasing","COL14A1"
"branch_common_increasing","ADAMTS2"
"branch_common_increasing","COMP"
"branch_common_increasing","IGFBP7"
"branch_common_increasing","COL6A3"
"branch_common_increasing","RCN3"
"branch_common_increasing","POSTN"
"branch_common_increasing","ADAM12"
"branch_common_increasing","COL6A2"
"branch_common_increasing","MDK"
"branch_common_increasing","CREB3L1"
"branch_common_increasing","CERCAM"
"branch_common_increasing","GXYLT2"
"branch_common_increasing","SERPINH1"
"branch_common_increasing","THY1"
"branch_common_increasing","FN1"
"branch_common_increasing","SFRP2"
"branch_common_increasing","COL5A2"
"branch_common_increasing","COL3A1"
"branch_common_increasing","COL5A1"
"branch_common_increasing","COL1A2"
"branch_common_increasing","SPARC"
"branch_common_increasing","COL1A1"
"branch_mixed_remodeling_branch_biased","ROBO2"
"branch_mixed_remodeling_branch_biased","ZDHHC14"
"branch_mixed_remodeling_branch_biased","PREX2"
"branch_mixed_remodeling_branch_biased","PLEKHH2"
"branch_mixed_remodeling_branch_biased","ITGA8"
"branch_mixed_remodeling_branch_biased","TMEM258"
"branch_mixed_remodeling_branch_biased","POLDIP2"
"branch_mixed_remodeling_branch_biased","PLXNA3"
"branch_mixed_remodeling_branch_biased","RAB24"
"branch_mixed_remodeling_branch_biased","MARVELD1"
"branch_mixed_remodeling_branch_biased","CMKLR1"
"branch_mixed_remodeling_branch_biased","PTPMT1"
"branch_mixed_remodeling_branch_biased","RNF11"
"branch_mixed_remodeling_branch_biased","C6orf1"
"branch_mixed_remodeling_branch_biased","SSNA1"
"branch_mixed_remodeling_branch_biased","PSMC4"
"branch_mixed_remodeling_branch_biased","NPC2"
"branch_mixed_remodeling_branch_biased","SAT2"
"branch_mixed_remodeling_branch_biased","NDUFB11"
"branch_mixed_remodeling_branch_biased","DCHS1"
"branch_mixed_remodeling_branch_biased","NDUFA4"
"branch_mixed_remodeling_branch_biased","ACTN1"
"branch_mixed_remodeling_branch_biased","RAB1B"
"branch_mixed_remodeling_branch_biased","HIGD2A"
"branch_mixed_remodeling_branch_biased","TMEM160"
"branch_mixed_remodeling_branch_biased","ILVBL"
"branch_mixed_remodeling_branch_biased","TMEM9"
"branch_mixed_remodeling_branch_biased","RIC8A"
"branch_mixed_remodeling_branch_biased","COX7B"
"branch_mixed_remodeling_branch_biased","YIPF3"
"branch_mixed_remodeling_branch_biased","TEN1"
"branch_mixed_remodeling_branch_biased","FASTK"
"branch_mixed_remodeling_branch_biased","FAM162A"
"branch_mixed_remodeling_branch_biased","TSR3"
"branch_mixed_remodeling_branch_biased","GORASP2"
"branch_mixed_remodeling_branch_biased","ECH1"
"branch_mixed_remodeling_branch_biased","GSTO1"
"branch_mixed_remodeling_branch_biased","PRMT2"
"branch_mixed_remodeling_branch_biased","SUB1"
"branch_mixed_remodeling_branch_biased","ANXA2"
"branch_mixed_remodeling_branch_biased","CREB3"
"branch_mixed_remodeling_branch_biased","PLP2"
"branch_mixed_remodeling_branch_biased","ALDOA"
"branch_mixed_remodeling_branch_biased","CCDC92"
"branch_mixed_remodeling_branch_biased","IFITM1"
"branch_mixed_remodeling_branch_biased","SCAND1"
"branch_mixed_remodeling_branch_biased","CD68"
"branch_mixed_remodeling_branch_biased","NKIRAS2"
"branch_mixed_remodeling_branch_biased","NRP2"
"branch_mixed_remodeling_branch_biased","C4orf3"
"branch_mixed_remodeling_branch_biased","RBCK1"
"branch_mixed_remodeling_branch_biased","PKM"
"branch_mixed_remodeling_branch_biased","MAGOHB"
"branch_mixed_remodeling_branch_biased","MAP2K2"
"branch_mixed_remodeling_branch_biased","ORMDL3"
"branch_mixed_remodeling_branch_biased","CDIPT"
"branch_mixed_remodeling_branch_biased","AGPAT1"
"branch_mixed_remodeling_branch_biased","CFL1"
"branch_mixed_remodeling_branch_biased","PACS2"
"branch_mixed_remodeling_branch_biased","GJA1"
"branch_mixed_remodeling_branch_biased","KDELR1"
"branch_mixed_remodeling_branch_biased","ZNF593"
"branch_mixed_remodeling_branch_biased","CORO1C"
"branch_mixed_remodeling_branch_biased","RTN4RL2"
"branch_mixed_remodeling_branch_biased","PSME2"
"branch_mixed_remodeling_branch_biased","AKR1B1"
"branch_mixed_remodeling_branch_biased","CYSTM1"
"branch_mixed_remodeling_branch_biased","SNX3"
"branch_mixed_remodeling_branch_biased","BCL7C"
"branch_mixed_remodeling_branch_biased","PODNL1"
"branch_mixed_remodeling_branch_biased","GALNT15"
"branch_mixed_remodeling_branch_biased","PPP1R14B"
"branch_mixed_remodeling_branch_biased","HOXB7"
"branch_mixed_remodeling_branch_biased","ANXA5"
"branch_mixed_remodeling_branch_biased","ATP5J2"
"branch_mixed_remodeling_branch_biased","CAPNS1"
"branch_mixed_remodeling_branch_biased","ATP5G3"
"branch_mixed_remodeling_branch_biased","MBOAT7"
"branch_mixed_remodeling_branch_biased","WDR45"
"branch_mixed_remodeling_branch_biased","SLC35A4"
"branch_mixed_remodeling_branch_biased","TES"
"branch_mixed_remodeling_branch_biased","C11orf98"
"branch_mixed_remodeling_branch_biased","PDIA6"
"branch_mixed_remodeling_branch_biased","NDUFS7"
"branch_mixed_remodeling_branch_biased","POP7"
"branch_mixed_remodeling_branch_biased","POLE4"
"branch_mixed_remodeling_branch_biased","PREB"
"branch_mixed_remodeling_branch_biased","MPC2"
"branch_mixed_remodeling_branch_biased","MIEN1"
"branch_mixed_remodeling_branch_biased","CA12"
"branch_mixed_remodeling_branch_biased","COX14"
"branch_mixed_remodeling_branch_biased","MINOS1"
"branch_mixed_remodeling_branch_biased","NTMT1"
"branch_mixed_remodeling_branch_biased","GAPDH"
"branch_mixed_remodeling_branch_biased","GADD45GIP1"
"branch_mixed_remodeling_branch_biased","FIS1"
"branch_mixed_remodeling_branch_biased","ASNA1"
"branch_mixed_remodeling_branch_biased","MAPKAPK2"
"branch_mixed_remodeling_branch_biased","PCNXL3"
"branch_mixed_remodeling_branch_biased","MEA1"
"branch_mixed_remodeling_branch_biased","TMEM98"
"branch_mixed_remodeling_branch_biased","DCTN1"
"branch_mixed_remodeling_branch_biased","APOL1"
"branch_mixed_remodeling_branch_biased","SMPD1"
"branch_mixed_remodeling_branch_biased","RPN1"
"branch_mixed_remodeling_branch_biased","FRZB"
"branch_mixed_remodeling_branch_biased","CYC1"
"branch_mixed_remodeling_branch_biased","DGCR6L"
"branch_mixed_remodeling_branch_biased","R3HDM4"
"branch_mixed_remodeling_branch_biased","LSM7"
"branch_mixed_remodeling_branch_biased","CARM1"
"branch_mixed_remodeling_branch_biased","SLC25A5"
"branch_mixed_remodeling_branch_biased","CHMP1A"
"branch_mixed_remodeling_branch_biased","ABHD17A"
"branch_mixed_remodeling_branch_biased","COX7A1"
"branch_mixed_remodeling_branch_biased","AURKAIP1"
"branch_mixed_remodeling_branch_biased","SLC31A1"
"branch_mixed_remodeling_branch_biased","ARFGAP3"
"branch_mixed_remodeling_branch_biased","NME3"
"branch_mixed_remodeling_branch_biased","UFC1"
"branch_mixed_remodeling_branch_biased","NDUFA2"
"branch_mixed_remodeling_branch_biased","FSCN1"
"branch_mixed_remodeling_branch_biased","PCED1A"
"branch_mixed_remodeling_branch_biased","BLOC1S1"
"branch_mixed_remodeling_branch_biased","COL8A2"
"branch_mixed_remodeling_branch_biased","LZTS1"
"branch_mixed_remodeling_branch_biased","LSP1"
"branch_mixed_remodeling_branch_biased","KIF1C"
"branch_mixed_remodeling_branch_biased","CMTM3"
"branch_mixed_remodeling_branch_biased","WDR46"
"branch_mixed_remodeling_branch_biased","EFHD2"
"branch_mixed_remodeling_branch_biased","MGP"
"branch_mixed_remodeling_branch_biased","XPOT"
"branch_mixed_remodeling_branch_biased","PKIG"
"branch_mixed_remodeling_branch_biased","BCL3"
"branch_mixed_remodeling_branch_biased","ARHGDIA"
"branch_mixed_remodeling_branch_biased","ZNF428"
"branch_mixed_remodeling_branch_biased","LOXL2"
"branch_mixed_remodeling_branch_biased","UQCR10"
"branch_mixed_remodeling_branch_biased","RAB7B"
"branch_mixed_remodeling_branch_biased","RABAC1"
"branch_mixed_remodeling_branch_biased","DPM3"
"branch_mixed_remodeling_branch_biased","CSTB"
"branch_mixed_remodeling_branch_biased","TMUB1"
"branch_mixed_remodeling_branch_biased","PSMB9"
"branch_mixed_remodeling_branch_biased","AP1S1"
"branch_mixed_remodeling_branch_biased","MYL6"
"branch_mixed_remodeling_branch_biased","LIMK1"
"branch_mixed_remodeling_branch_biased","GBP2"
"branch_mixed_remodeling_branch_biased","AMPD2"
"branch_mixed_remodeling_branch_biased","BEST1"
"branch_mixed_remodeling_branch_biased","CUEDC2"
"branch_mixed_remodeling_branch_biased","ILF2"
"branch_mixed_remodeling_branch_biased","TUBA1B"
"branch_mixed_remodeling_branch_biased","SAC3D1"
"branch_mixed_remodeling_branch_biased","GDI2"
"branch_mixed_remodeling_branch_biased","DCTD"
"branch_mixed_remodeling_branch_biased","FAM127A"
"branch_mixed_remodeling_branch_biased","RPN2"
"branch_mixed_remodeling_branch_biased","ATP5E"
"branch_mixed_remodeling_branch_biased","CDC42EP1"
"branch_mixed_remodeling_branch_biased","PUF60"
"branch_mixed_remodeling_branch_biased","INPPL1"
"branch_mixed_remodeling_branch_biased","MYL6B"
"branch_mixed_remodeling_branch_biased","PKN1"
"branch_mixed_remodeling_branch_biased","LTBP2"
"branch_mixed_remodeling_branch_biased","NOP10"
"branch_mixed_remodeling_branch_biased","RAB11FIP5"
"branch_mixed_remodeling_branch_biased","OXLD1"
"branch_mixed_remodeling_branch_biased","DNM3OS"
"branch_mixed_remodeling_branch_biased","XXYLT1"
"branch_mixed_remodeling_branch_biased","GCN1"
"branch_mixed_remodeling_branch_biased","FAAP100"
"branch_mixed_remodeling_branch_biased","CCL27"
"branch_mixed_remodeling_branch_biased","CAPG"
"branch_mixed_remodeling_branch_biased","MYC"
"branch_mixed_remodeling_branch_biased","MDFI"
"branch_mixed_remodeling_branch_biased","B4GALT7"
"branch_mixed_remodeling_branch_biased","PSMD8"
"branch_mixed_remodeling_branch_biased","IMP4"
"branch_mixed_remodeling_branch_biased","APRT"
"branch_mixed_remodeling_branch_biased","PTGES2"
"branch_mixed_remodeling_branch_biased","ANO1"
"branch_mixed_remodeling_branch_biased","SEC61B"
"branch_mixed_remodeling_branch_biased","POLR2G"
"branch_mixed_remodeling_branch_biased","TIMM13"
"branch_mixed_remodeling_branch_biased","TMED2"
"branch_mixed_remodeling_branch_biased","MMP14"
"branch_mixed_remodeling_branch_biased","UBA1"
"branch_mixed_remodeling_branch_biased","APLNR"
"branch_mixed_remodeling_branch_biased","DGKZ"
"branch_mixed_remodeling_branch_biased","PRELID1"
"branch_mixed_remodeling_branch_biased","SIRT2"
"branch_mixed_remodeling_branch_biased","BAX"
"branch_mixed_remodeling_branch_biased","PLEKHO1"
"branch_mixed_remodeling_branch_biased","TSPAN4"
"branch_mixed_remodeling_branch_biased","TCEB2"
"branch_mixed_remodeling_branch_biased","ATP8B2"
"branch_mixed_remodeling_branch_biased","ATP6V0E1"
"branch_mixed_remodeling_branch_biased","SPOP"
"branch_mixed_remodeling_branch_biased","DUSP23"
"branch_mixed_remodeling_branch_biased","SLC3A2"
"branch_mixed_remodeling_branch_biased","COMMD7"
"branch_mixed_remodeling_branch_biased","UBTD1"
"branch_mixed_remodeling_branch_biased","SPNS1"
"branch_mixed_remodeling_branch_biased","PIGP"
"branch_mixed_remodeling_branch_biased","DDT"
"branch_mixed_remodeling_branch_biased","CPNE1"
"branch_mixed_remodeling_branch_biased","NDUFA13"
"branch_mixed_remodeling_branch_biased","MXD4"
"branch_mixed_remodeling_branch_biased","PPP2R1A"
"branch_mixed_remodeling_branch_biased","ACAN"
"branch_mixed_remodeling_branch_biased","STARD10"
"branch_mixed_remodeling_branch_biased","TCEAL8"
"branch_mixed_remodeling_branch_biased","NUDT22"
"branch_mixed_remodeling_branch_biased","TACSTD2"
"branch_mixed_remodeling_branch_biased","GOLGA2"
"branch_mixed_remodeling_branch_biased","HSD3B7"
"branch_mixed_remodeling_branch_biased","TAX1BP3"
"branch_mixed_remodeling_branch_biased","GLRX"
"branch_mixed_remodeling_branch_biased","FAM96B"
"branch_mixed_remodeling_branch_biased","MFSD12"
"branch_mixed_remodeling_branch_biased","FKBP1A"
"branch_mixed_remodeling_branch_biased","NCLN"
"branch_mixed_remodeling_branch_biased","NTM"
"branch_mixed_remodeling_branch_biased","FAM173A"
"branch_mixed_remodeling_branch_biased","TMEM141"
"branch_mixed_remodeling_branch_biased","RNF181"
"branch_mixed_remodeling_branch_biased","CTD-3214H19.16"
"branch_mixed_remodeling_branch_biased","YIPF5"
"branch_mixed_remodeling_branch_biased","APOBEC3C"
"branch_mixed_remodeling_branch_biased","PSMB3"
"branch_mixed_remodeling_branch_biased","C1orf54"
"branch_mixed_remodeling_branch_biased","FAM57A"
"branch_mixed_remodeling_branch_biased","NUDT2"
"branch_mixed_remodeling_branch_biased","AP2M1"
"branch_mixed_remodeling_branch_biased","TOMM5"
"branch_mixed_remodeling_branch_biased","C1orf216"
"branch_mixed_remodeling_branch_biased","ELOVL1"
"branch_mixed_remodeling_branch_biased","MMP24-AS1"
"branch_mixed_remodeling_branch_biased","CCDC85B"
"branch_mixed_remodeling_branch_biased","COX5A"
"branch_mixed_remodeling_branch_biased","GTF2H5"
"branch_mixed_remodeling_branch_biased","RALA"
"branch_mixed_remodeling_branch_biased","CTSD"
"branch_mixed_remodeling_branch_biased","FAM210B"
"branch_mixed_remodeling_branch_biased","YKT6"
"branch_mixed_remodeling_branch_biased","SEPW1"
"branch_mixed_remodeling_branch_biased","USP11"
"branch_mixed_remodeling_branch_biased","SLC52A2"
"branch_mixed_remodeling_branch_biased","SNRPC"
"branch_mixed_remodeling_branch_biased","CHID1"
"branch_mixed_remodeling_branch_biased","MSC"
"branch_mixed_remodeling_branch_biased","DNLZ"
"branch_mixed_remodeling_branch_biased","REXO2"
"branch_mixed_remodeling_branch_biased","IFI35"
"branch_mixed_remodeling_branch_biased","RAB31"
"branch_mixed_remodeling_branch_biased","PRDX5"
"branch_mixed_remodeling_branch_biased","UFD1L"
"branch_mixed_remodeling_branch_biased","ICAM3"
"branch_mixed_remodeling_branch_biased","SNHG18"
"branch_mixed_remodeling_branch_biased","PSENEN"
"branch_mixed_remodeling_branch_biased","EPN1"
"branch_mixed_remodeling_branch_biased","SH3BGRL3"
"branch_mixed_remodeling_branch_biased","SAE1"
"branch_mixed_remodeling_branch_biased","HSPA12B"
"branch_mixed_remodeling_branch_biased","NAA38"
"branch_mixed_remodeling_branch_biased","LAMTOR1"
"branch_mixed_remodeling_branch_biased","TP53TG1"
"branch_mixed_remodeling_branch_biased","SEPN1"
"branch_mixed_remodeling_branch_biased","SIGMAR1"
"branch_mixed_remodeling_branch_biased","DEF8"
"branch_mixed_remodeling_branch_biased","CCDC8"
"branch_mixed_remodeling_branch_biased","GSTK1"
"branch_mixed_remodeling_branch_biased","NFE2L1"
"branch_mixed_remodeling_branch_biased","PDIA4"
"branch_mixed_remodeling_branch_biased","CAP1"
"branch_mixed_remodeling_branch_biased","ABHD14A"
"branch_mixed_remodeling_branch_biased","PLGRKT"
"branch_mixed_remodeling_branch_biased","SERP1"
"branch_mixed_remodeling_branch_biased","FAAP20"
"branch_mixed_remodeling_branch_biased","PPP4C"
"branch_mixed_remodeling_branch_biased","ITGB5"
"branch_mixed_remodeling_branch_biased","PDZD11"
"branch_mixed_remodeling_branch_biased","TADA3"
"branch_mixed_remodeling_branch_biased","MZT2A"
"branch_mixed_remodeling_branch_biased","HSPB6"
"branch_mixed_remodeling_branch_biased","C19orf70"
"branch_mixed_remodeling_branch_biased","PPP1CA"
"branch_mixed_remodeling_branch_biased","TMEM54"
"branch_mixed_remodeling_branch_biased","SSR2"
"branch_mixed_remodeling_branch_biased","SPHK1"
"branch_mixed_remodeling_branch_biased","LY6E"
"branch_mixed_remodeling_branch_biased","PRSS23"
"branch_mixed_remodeling_branch_biased","C17orf89"
"branch_mixed_remodeling_branch_biased","GSDMD"
"branch_mixed_remodeling_branch_biased","PRKCSH"
"branch_mixed_remodeling_branch_biased","FBXW5"
"branch_mixed_remodeling_branch_biased","DDRGK1"
"branch_mixed_remodeling_branch_biased","CTC-479C5.12"
"branch_mixed_remodeling_branch_biased","ANAPC11"
"branch_mixed_remodeling_branch_biased","MAN1B1"
"branch_mixed_remodeling_branch_biased","NDUFA6"
"branch_mixed_remodeling_branch_biased","GPX1"
"branch_mixed_remodeling_branch_biased","MICAL2"
"branch_mixed_remodeling_branch_biased","TAPBP"
"branch_mixed_remodeling_branch_biased","TMED9"
"branch_mixed_remodeling_branch_biased","TP53I13"
"branch_mixed_remodeling_branch_biased","SEC61G"
"branch_mixed_remodeling_branch_biased","ARPC2"
"branch_mixed_remodeling_branch_biased","NCS1"
"branch_mixed_remodeling_branch_biased","GMPPB"
"branch_mixed_remodeling_branch_biased","TMEM45A"
"branch_mixed_remodeling_branch_biased","FAM109B"
"branch_mixed_remodeling_branch_biased","G6PC3"
"branch_mixed_remodeling_branch_biased","ARF5"
"branch_mixed_remodeling_branch_biased","MGAT1"
"branch_mixed_remodeling_branch_biased","ATP5G1"
"branch_mixed_remodeling_branch_biased","PPP1R9B"
"branch_mixed_remodeling_branch_biased","SHISA4"
"branch_mixed_remodeling_branch_biased","COLGALT1"
"branch_mixed_remodeling_branch_biased","IGF2"
"branch_mixed_remodeling_branch_biased","CLDN4"
"branch_mixed_remodeling_branch_biased","EIF5A"
"branch_mixed_remodeling_branch_biased","TGFB1I1"
"branch_mixed_remodeling_branch_biased","ORAI2"
"branch_mixed_remodeling_branch_biased","WIPI1"
"branch_mixed_remodeling_branch_biased","SNRNP25"
"branch_mixed_remodeling_branch_biased","UQCR11"
"branch_mixed_remodeling_branch_biased","NAGLU"
"branch_mixed_remodeling_branch_biased","UBXN6"
"branch_mixed_remodeling_branch_biased","SCP2"
"branch_mixed_remodeling_branch_biased","IKBIP"
"branch_mixed_remodeling_branch_biased","COPS7A"
"branch_mixed_remodeling_branch_biased","WBP5"
"branch_mixed_remodeling_branch_biased","VAT1"
"branch_mixed_remodeling_branch_biased","PEA15"
"branch_mixed_remodeling_branch_biased","TXN2"
"branch_mixed_remodeling_branch_biased","TBC1D1"
"branch_mixed_remodeling_branch_biased","NDUFB3"
"branch_mixed_remodeling_branch_biased","SLC39A7"
"branch_mixed_remodeling_branch_biased","KIAA2013"
"branch_mixed_remodeling_branch_biased","CLPP"
"branch_mixed_remodeling_branch_biased","HMOX2"
"branch_mixed_remodeling_branch_biased","GPC1"
"branch_mixed_remodeling_branch_biased","PRADC1"
"branch_mixed_remodeling_branch_biased","GUK1"
"branch_mixed_remodeling_branch_biased","CHD3"
"branch_mixed_remodeling_branch_biased","NDUFA3"
"branch_mixed_remodeling_branch_biased","PSMB8"
"branch_mixed_remodeling_branch_biased","MIF"
"branch_mixed_remodeling_branch_biased","GOLGA3"
"branch_mixed_remodeling_branch_biased","ST6GALNAC6"
"branch_mixed_remodeling_branch_biased","THOC6"
"branch_mixed_remodeling_branch_biased","GNG5"
"branch_mixed_remodeling_branch_biased","BAD"
"branch_mixed_remodeling_branch_biased","TIMM8B"
"branch_mixed_remodeling_branch_biased","CRELD2"
"branch_mixed_remodeling_branch_biased","CALR"
"branch_mixed_remodeling_branch_biased","C11orf68"
"branch_mixed_remodeling_branch_biased","C19orf24"
"branch_mixed_remodeling_branch_biased","NUTF2"
"branch_mixed_remodeling_branch_biased","UROS"
"branch_mixed_remodeling_branch_biased","CALM3"
"branch_mixed_remodeling_branch_biased","CCDC124"
"branch_mixed_remodeling_branch_biased","NDUFB2"
"branch_mixed_remodeling_branch_biased","GRINA"
"branch_mixed_remodeling_branch_biased","FAM177A1"
"branch_mixed_remodeling_branch_biased","GIPC1"
"branch_mixed_remodeling_branch_biased","SRPX2"
"branch_mixed_remodeling_branch_biased","ECHS1"
"branch_mixed_remodeling_branch_biased","FAM234A"
"branch_mixed_remodeling_branch_biased","TWF2"
"branch_mixed_remodeling_branch_biased","ITGA5"
"branch_mixed_remodeling_branch_biased","TMEM208"
"branch_mixed_remodeling_branch_biased","BUD31"
"branch_mixed_remodeling_branch_biased","CCDC167"
"branch_mixed_remodeling_branch_biased","SCARF2"
"branch_mixed_remodeling_branch_biased","SPINT2"
"branch_mixed_remodeling_branch_biased","BRI3"
"branch_mixed_remodeling_branch_biased","RP11-196G11.1"
"branch_mixed_remodeling_branch_biased","LRPAP1"
"branch_mixed_remodeling_branch_biased","FBLIM1"
"branch_mixed_remodeling_branch_biased","RNASEH2C"
"branch_mixed_remodeling_branch_biased","TXNL4A"
"branch_mixed_remodeling_branch_biased","GTF3C6"
"branch_mixed_remodeling_branch_biased","AKT1S1"
"branch_mixed_remodeling_branch_biased","SH3GL1"
"branch_mixed_remodeling_branch_biased","QSOX1"
"branch_mixed_remodeling_branch_biased","TXLNA"
"branch_mixed_remodeling_branch_biased","FAM229B"
"branch_mixed_remodeling_branch_biased","C12orf75"
"branch_mixed_remodeling_branch_biased","SRM"
"branch_mixed_remodeling_branch_biased","PPDPF"
"branch_mixed_remodeling_branch_biased","PRKCDBP"
"branch_mixed_remodeling_branch_biased","GTF3A"
"branch_mixed_remodeling_branch_biased","RP11-282O18.3"
"branch_mixed_remodeling_branch_biased","TRAPPC1"
"branch_mixed_remodeling_branch_biased","RHOC"
"branch_mixed_remodeling_branch_biased","IMPDH1"
"branch_mixed_remodeling_branch_biased","YIF1B"
"branch_mixed_remodeling_branch_biased","MED8"
"branch_mixed_remodeling_branch_biased","UQCC2"
"branch_mixed_remodeling_branch_biased","CD276"
"branch_mixed_remodeling_branch_biased","GLMP"
"branch_mixed_remodeling_branch_biased","ZNHIT1"
"branch_mixed_remodeling_branch_biased","EIF4G1"
"branch_mixed_remodeling_branch_biased","UQCRQ"
"branch_mixed_remodeling_branch_biased","COPA"
"branch_mixed_remodeling_branch_biased","CD63"
"branch_mixed_remodeling_branch_biased","ARPC4"
"branch_mixed_remodeling_branch_biased","ATP6V0D1"
"branch_mixed_remodeling_branch_biased","ARPC1A"
"branch_mixed_remodeling_branch_biased","A2M"
"branch_mixed_remodeling_branch_biased","CDK2AP1"
"branch_mixed_remodeling_branch_biased","HAPLN3"
"branch_mixed_remodeling_branch_biased","TPM2"
"branch_mixed_remodeling_branch_biased","ACTB"
"branch_mixed_remodeling_branch_biased","LINC01615"
"branch_mixed_remodeling_branch_biased","SLC39A13"
"branch_mixed_remodeling_branch_biased","NANS"
"branch_mixed_remodeling_branch_biased","GAA"
"branch_mixed_remodeling_branch_biased","PLAUR"
"branch_mixed_remodeling_branch_biased","GPI"
"branch_mixed_remodeling_branch_biased","AGTRAP"
"branch_mixed_remodeling_branch_biased","HOMER3"
"branch_mixed_remodeling_branch_biased","NAA10"
"branch_mixed_remodeling_branch_biased","COPZ1"
"branch_mixed_remodeling_branch_biased","NRBP1"
"branch_mixed_remodeling_branch_biased","NPTX2"
"branch_mixed_remodeling_branch_biased","TMEM147"
"branch_mixed_remodeling_branch_biased","XBP1"
"branch_mixed_remodeling_branch_biased","FIBP"
"branch_mixed_remodeling_branch_biased","ETHE1"
"branch_mixed_remodeling_branch_biased","CDC42EP5"
"branch_mixed_remodeling_branch_biased","ZYX"
"branch_mixed_remodeling_branch_biased","MAP7D1"
"branch_mixed_remodeling_branch_biased","FHL3"
"branch_mixed_remodeling_branch_biased","PGLS"
"branch_mixed_remodeling_branch_biased","NME1"
"branch_mixed_remodeling_branch_biased","LMF2"
"branch_mixed_remodeling_branch_biased","DPM2"
"branch_mixed_remodeling_branch_biased","VTI1B"
"branch_mixed_remodeling_branch_biased","TRAPPC2L"
"branch_mixed_remodeling_branch_biased","CNN2"
"branch_mixed_remodeling_branch_biased","DYNLT1"
"branch_mixed_remodeling_branch_biased","POMP"
"branch_mixed_remodeling_branch_biased","MFAP2"
"branch_mixed_remodeling_branch_biased","FAM195B"
"branch_mixed_remodeling_branch_biased","COMMD5"
"branch_mixed_remodeling_branch_biased","P4HA3"
"branch_mixed_remodeling_branch_biased","UBE2L6"
"branch_mixed_remodeling_branch_biased","SURF4"
"branch_mixed_remodeling_branch_biased","TP53I3"
"branch_mixed_remodeling_branch_biased","SRPRB"
"branch_mixed_remodeling_branch_biased","SHISA5"
"branch_mixed_remodeling_branch_biased","AC024592.12"
"branch_mixed_remodeling_branch_biased","TMEM261"
"branch_mixed_remodeling_branch_biased","JTB"
"branch_mixed_remodeling_branch_biased","NSMCE1"
"branch_mixed_remodeling_branch_biased","EIF4E2"
"branch_mixed_remodeling_branch_biased","LUM"
"branch_mixed_remodeling_branch_biased","PGM1"
"branch_mixed_remodeling_branch_biased","PFN1"
"branch_mixed_remodeling_branch_biased","HN1"
"branch_mixed_remodeling_branch_biased","SNF8"
"branch_mixed_remodeling_branch_biased","MPG"
"branch_mixed_remodeling_branch_biased","SWI5"
"branch_mixed_remodeling_branch_biased","FAM89B"
"branch_mixed_remodeling_branch_biased","A1BG"
"branch_mixed_remodeling_branch_biased","HES4"
"branch_mixed_remodeling_branch_biased","SSR4"
"branch_mixed_remodeling_branch_biased","PGAM1"
"branch_mixed_remodeling_branch_biased","LRRC59"
"branch_mixed_remodeling_branch_biased","TAF10"
"branch_mixed_remodeling_branch_biased","GPAA1"
"branch_mixed_remodeling_branch_biased","DBN1"
"branch_mixed_remodeling_branch_biased","NDUFS8"
"branch_mixed_remodeling_branch_biased","EIF4EBP1"
"branch_mixed_remodeling_branch_biased","OSTC"
"branch_mixed_remodeling_branch_biased","COPE"
"branch_mixed_remodeling_branch_biased","FAM50A"
"branch_mixed_remodeling_branch_biased","CNN3"
"branch_mixed_remodeling_branch_biased","C9orf16"
"branch_mixed_remodeling_branch_biased","CIB1"
"branch_mixed_remodeling_branch_biased","SLC27A4"
"branch_mixed_remodeling_branch_biased","JOSD2"
"branch_mixed_remodeling_branch_biased","UCHL1"
"branch_mixed_remodeling_branch_biased","CKLF"
"branch_mixed_remodeling_branch_biased","LAMTOR2"
"branch_mixed_remodeling_branch_biased","RRBP1"
"branch_mixed_remodeling_branch_biased","NUCB1"
"branch_mixed_remodeling_branch_biased","SSR3"
"branch_mixed_remodeling_branch_biased","TMSB4X"
"branch_mixed_remodeling_branch_biased","YIF1A"
"branch_mixed_remodeling_branch_biased","IFI6"
"branch_mixed_remodeling_branch_biased","C7orf50"
"branch_mixed_remodeling_branch_biased","FTL"
"branch_mixed_remodeling_branch_biased","SRA1"
"branch_mixed_remodeling_branch_biased","RP11-417E7.2"
"branch_mixed_remodeling_branch_biased","LGALS1"
"branch_mixed_remodeling_branch_biased","C4orf48"
"branch_mixed_remodeling_branch_biased","IFT20"
"branch_mixed_remodeling_branch_biased","NME1-NME2"
"branch_mixed_remodeling_branch_biased","TNFAIP6"
"branch_mixed_remodeling_branch_biased","GPX7"
"branch_mixed_remodeling_branch_biased","PRAF2"
"branch_mixed_remodeling_branch_biased","METRN"
"branch_mixed_remodeling_branch_biased","AP2S1"
"branch_mixed_remodeling_branch_biased","BGN"
"branch_mixed_remodeling_branch_biased","ISOC2"
"branch_mixed_remodeling_branch_biased","OST4"
"branch_mixed_remodeling_branch_biased","AC005943.2"
"branch_ecm_dominant_branch_biased","CPE"
"branch_ecm_dominant_branch_biased","SOX18"
"branch_ecm_dominant_branch_biased","PLXNA2"
"branch_ecm_dominant_branch_biased","PDGFD"
"branch_ecm_dominant_branch_biased","KLF7"
"branch_ecm_dominant_branch_biased","CLIP1"
"branch_ecm_dominant_branch_biased","TIAM2"
"branch_ecm_dominant_branch_biased","DLG1"
"branch_ecm_dominant_branch_biased","PTPRD"
"branch_ecm_dominant_branch_biased","TMEM120B"
"branch_ecm_dominant_branch_biased","PRICKLE1"
"branch_ecm_dominant_branch_biased","GPC6"
"branch_ecm_dominant_branch_biased","TANC2"
"branch_ecm_dominant_branch_biased","PDZRN4"
"branch_ecm_dominant_branch_biased","TENM3"
"branch_ecm_dominant_branch_biased","APBB2"
"branch_common_decreasing","LAMC3"
"branch_common_decreasing","SEMA3G"
"branch_common_decreasing","IGFBP3"
"branch_common_decreasing","ALX4"
"branch_common_decreasing","COL23A1"
"branch_common_decreasing","TFAP2A"
"branch_common_decreasing","TCF4"
"branch_common_decreasing","BMP7"
"branch_common_decreasing","BMP4"
"branch_common_decreasing","SLC5A3"
"branch_common_decreasing","GADD45G"
"branch_common_decreasing","SERPINE2"
"branch_common_decreasing","INHBB"
"branch_common_decreasing","PRLR"
"branch_common_decreasing","TRPS1"
"branch_common_decreasing","TIMP3"
"branch_common_decreasing","PRDM1"
"branch_common_decreasing","PTCH1"
"branch_common_decreasing","APCDD1"
"branch_common_decreasing","DAAM2"
"branch_common_decreasing","INHBA"
"branch_common_decreasing","BCL2"
"branch_common_decreasing","CENPW"
"branch_common_decreasing","CEBPA"
"branch_common_decreasing","IGFBP2"
"branch_common_decreasing","CRABP1"
"branch_common_decreasing","DKK2"
"branch_common_decreasing","PHLDA1"
"branch_common_decreasing","DIO2"
"branch_common_decreasing","MYLIP"
"branch_common_decreasing","LUZP2"
"branch_common_decreasing","PGM2L1"
"branch_common_decreasing","TNN"
"branch_common_decreasing","F2R"
"branch_common_decreasing","TWIST1"
